<?xml version="1.0"?>
<VTKFile type="UnstructuredGrid"  version="0.1"  >
<UnstructuredGrid>
<Piece  NumberOfPoints="1681" NumberOfCells="3200">
<Points>
<DataArray  type="Float64"  NumberOfComponents="3"  format="ascii">0 0 0  0.025 0 0  0.05 0 0  0.075 0 0  0.1 0 0  0.125 0 0  0.15 0 0  0.175 0 0  0.2 0 0  0.225 0 0  0.25 0 0  0.275 0 0  0.3 0 0  0.325 0 0  0.35 0 0  0.375 0 0  0.4 0 0  0.425 0 0  0.45 0 0  0.475 0 0  0.5 0 0  0.525 0 0  0.55 0 0  0.575 0 0  0.6 0 0  0.625 0 0  0.65 0 0  0.675 0 0  0.7 0 0  0.725 0 0  0.75 0 0  0.775 0 0  0.8 0 0  0.825 0 0  0.85 0 0  0.875 0 0  0.9 0 0  0.925 0 0  0.95 0 0  0.975 0 0  1 0 0  0 0.025 0  0.025 0.025 0  0.05 0.025 0  0.075 0.025 0  0.1 0.025 0  0.125 0.025 0  0.15 0.025 0  0.175 0.025 0  0.2 0.025 0  0.225 0.025 0  0.25 0.025 0  0.275 0.025 0  0.3 0.025 0  0.325 0.025 0  0.35 0.025 0  0.375 0.025 0  0.4 0.025 0  0.425 0.025 0  0.45 0.025 0  0.475 0.025 0  0.5 0.025 0  0.525 0.025 0  0.55 0.025 0  0.575 0.025 0  0.6 0.025 0  0.625 0.025 0  0.65 0.025 0  0.675 0.025 0  0.7 0.025 0  0.725 0.025 0  0.75 0.025 0  0.775 0.025 0  0.8 0.025 0  0.825 0.025 0  0.85 0.025 0  0.875 0.025 0  0.9 0.025 0  0.925 0.025 0  0.95 0.025 0  0.975 0.025 0  1 0.025 0  0 0.05 0  0.025 0.05 0  0.05 0.05 0  0.075 0.05 0  0.1 0.05 0  0.125 0.05 0  0.15 0.05 0  0.175 0.05 0  0.2 0.05 0  0.225 0.05 0  0.25 0.05 0  0.275 0.05 0  0.3 0.05 0  0.325 0.05 0  0.35 0.05 0  0.375 0.05 0  0.4 0.05 0  0.425 0.05 0  0.45 0.05 0  0.475 0.05 0  0.5 0.05 0  0.525 0.05 0  0.55 0.05 0  0.575 0.05 0  0.6 0.05 0  0.625 0.05 0  0.65 0.05 0  0.675 0.05 0  0.7 0.05 0  0.725 0.05 0  0.75 0.05 0  0.775 0.05 0  0.8 0.05 0  0.825 0.05 0  0.85 0.05 0  0.875 0.05 0  0.9 0.05 0  0.925 0.05 0  0.95 0.05 0  0.975 0.05 0  1 0.05 0  0 0.075 0  0.025 0.075 0  0.05 0.075 0  0.075 0.075 0  0.1 0.075 0  0.125 0.075 0  0.15 0.075 0  0.175 0.075 0  0.2 0.075 0  0.225 0.075 0  0.25 0.075 0  0.275 0.075 0  0.3 0.075 0  0.325 0.075 0  0.35 0.075 0  0.375 0.075 0  0.4 0.075 0  0.425 0.075 0  0.45 0.075 0  0.475 0.075 0  0.5 0.075 0  0.525 0.075 0  0.55 0.075 0  0.575 0.075 0  0.6 0.075 0  0.625 0.075 0  0.65 0.075 0  0.675 0.075 0  0.7 0.075 0  0.725 0.075 0  0.75 0.075 0  0.775 0.075 0  0.8 0.075 0  0.825 0.075 0  0.85 0.075 0  0.875 0.075 0  0.9 0.075 0  0.925 0.075 0  0.95 0.075 0  0.975 0.075 0  1 0.075 0  0 0.1 0  0.025 0.1 0  0.05 0.1 0  0.075 0.1 0  0.1 0.1 0  0.125 0.1 0  0.15 0.1 0  0.175 0.1 0  0.2 0.1 0  0.225 0.1 0  0.25 0.1 0  0.275 0.1 0  0.3 0.1 0  0.325 0.1 0  0.35 0.1 0  0.375 0.1 0  0.4 0.1 0  0.425 0.1 0  0.45 0.1 0  0.475 0.1 0  0.5 0.1 0  0.525 0.1 0  0.55 0.1 0  0.575 0.1 0  0.6 0.1 0  0.625 0.1 0  0.65 0.1 0  0.675 0.1 0  0.7 0.1 0  0.725 0.1 0  0.75 0.1 0  0.775 0.1 0  0.8 0.1 0  0.825 0.1 0  0.85 0.1 0  0.875 0.1 0  0.9 0.1 0  0.925 0.1 0  0.95 0.1 0  0.975 0.1 0  1 0.1 0  0 0.125 0  0.025 0.125 0  0.05 0.125 0  0.075 0.125 0  0.1 0.125 0  0.125 0.125 0  0.15 0.125 0  0.175 0.125 0  0.2 0.125 0  0.225 0.125 0  0.25 0.125 0  0.275 0.125 0  0.3 0.125 0  0.325 0.125 0  0.35 0.125 0  0.375 0.125 0  0.4 0.125 0  0.425 0.125 0  0.45 0.125 0  0.475 0.125 0  0.5 0.125 0  0.525 0.125 0  0.55 0.125 0  0.575 0.125 0  0.6 0.125 0  0.625 0.125 0  0.65 0.125 0  0.675 0.125 0  0.7 0.125 0  0.725 0.125 0  0.75 0.125 0  0.775 0.125 0  0.8 0.125 0  0.825 0.125 0  0.85 0.125 0  0.875 0.125 0  0.9 0.125 0  0.925 0.125 0  0.95 0.125 0  0.975 0.125 0  1 0.125 0  0 0.15 0  0.025 0.15 0  0.05 0.15 0  0.075 0.15 0  0.1 0.15 0  0.125 0.15 0  0.15 0.15 0  0.175 0.15 0  0.2 0.15 0  0.225 0.15 0  0.25 0.15 0  0.275 0.15 0  0.3 0.15 0  0.325 0.15 0  0.35 0.15 0  0.375 0.15 0  0.4 0.15 0  0.425 0.15 0  0.45 0.15 0  0.475 0.15 0  0.5 0.15 0  0.525 0.15 0  0.55 0.15 0  0.575 0.15 0  0.6 0.15 0  0.625 0.15 0  0.65 0.15 0  0.675 0.15 0  0.7 0.15 0  0.725 0.15 0  0.75 0.15 0  0.775 0.15 0  0.8 0.15 0  0.825 0.15 0  0.85 0.15 0  0.875 0.15 0  0.9 0.15 0  0.925 0.15 0  0.95 0.15 0  0.975 0.15 0  1 0.15 0  0 0.175 0  0.025 0.175 0  0.05 0.175 0  0.075 0.175 0  0.1 0.175 0  0.125 0.175 0  0.15 0.175 0  0.175 0.175 0  0.2 0.175 0  0.225 0.175 0  0.25 0.175 0  0.275 0.175 0  0.3 0.175 0  0.325 0.175 0  0.35 0.175 0  0.375 0.175 0  0.4 0.175 0  0.425 0.175 0  0.45 0.175 0  0.475 0.175 0  0.5 0.175 0  0.525 0.175 0  0.55 0.175 0  0.575 0.175 0  0.6 0.175 0  0.625 0.175 0  0.65 0.175 0  0.675 0.175 0  0.7 0.175 0  0.725 0.175 0  0.75 0.175 0  0.775 0.175 0  0.8 0.175 0  0.825 0.175 0  0.85 0.175 0  0.875 0.175 0  0.9 0.175 0  0.925 0.175 0  0.95 0.175 0  0.975 0.175 0  1 0.175 0  0 0.2 0  0.025 0.2 0  0.05 0.2 0  0.075 0.2 0  0.1 0.2 0  0.125 0.2 0  0.15 0.2 0  0.175 0.2 0  0.2 0.2 0  0.225 0.2 0  0.25 0.2 0  0.275 0.2 0  0.3 0.2 0  0.325 0.2 0  0.35 0.2 0  0.375 0.2 0  0.4 0.2 0  0.425 0.2 0  0.45 0.2 0  0.475 0.2 0  0.5 0.2 0  0.525 0.2 0  0.55 0.2 0  0.575 0.2 0  0.6 0.2 0  0.625 0.2 0  0.65 0.2 0  0.675 0.2 0  0.7 0.2 0  0.725 0.2 0  0.75 0.2 0  0.775 0.2 0  0.8 0.2 0  0.825 0.2 0  0.85 0.2 0  0.875 0.2 0  0.9 0.2 0  0.925 0.2 0  0.95 0.2 0  0.975 0.2 0  1 0.2 0  0 0.225 0  0.025 0.225 0  0.05 0.225 0  0.075 0.225 0  0.1 0.225 0  0.125 0.225 0  0.15 0.225 0  0.175 0.225 0  0.2 0.225 0  0.225 0.225 0  0.25 0.225 0  0.275 0.225 0  0.3 0.225 0  0.325 0.225 0  0.35 0.225 0  0.375 0.225 0  0.4 0.225 0  0.425 0.225 0  0.45 0.225 0  0.475 0.225 0  0.5 0.225 0  0.525 0.225 0  0.55 0.225 0  0.575 0.225 0  0.6 0.225 0  0.625 0.225 0  0.65 0.225 0  0.675 0.225 0  0.7 0.225 0  0.725 0.225 0  0.75 0.225 0  0.775 0.225 0  0.8 0.225 0  0.825 0.225 0  0.85 0.225 0  0.875 0.225 0  0.9 0.225 0  0.925 0.225 0  0.95 0.225 0  0.975 0.225 0  1 0.225 0  0 0.25 0  0.025 0.25 0  0.05 0.25 0  0.075 0.25 0  0.1 0.25 0  0.125 0.25 0  0.15 0.25 0  0.175 0.25 0  0.2 0.25 0  0.225 0.25 0  0.25 0.25 0  0.275 0.25 0  0.3 0.25 0  0.325 0.25 0  0.35 0.25 0  0.375 0.25 0  0.4 0.25 0  0.425 0.25 0  0.45 0.25 0  0.475 0.25 0  0.5 0.25 0  0.525 0.25 0  0.55 0.25 0  0.575 0.25 0  0.6 0.25 0  0.625 0.25 0  0.65 0.25 0  0.675 0.25 0  0.7 0.25 0  0.725 0.25 0  0.75 0.25 0  0.775 0.25 0  0.8 0.25 0  0.825 0.25 0  0.85 0.25 0  0.875 0.25 0  0.9 0.25 0  0.925 0.25 0  0.95 0.25 0  0.975 0.25 0  1 0.25 0  0 0.275 0  0.025 0.275 0  0.05 0.275 0  0.075 0.275 0  0.1 0.275 0  0.125 0.275 0  0.15 0.275 0  0.175 0.275 0  0.2 0.275 0  0.225 0.275 0  0.25 0.275 0  0.275 0.275 0  0.3 0.275 0  0.325 0.275 0  0.35 0.275 0  0.375 0.275 0  0.4 0.275 0  0.425 0.275 0  0.45 0.275 0  0.475 0.275 0  0.5 0.275 0  0.525 0.275 0  0.55 0.275 0  0.575 0.275 0  0.6 0.275 0  0.625 0.275 0  0.65 0.275 0  0.675 0.275 0  0.7 0.275 0  0.725 0.275 0  0.75 0.275 0  0.775 0.275 0  0.8 0.275 0  0.825 0.275 0  0.85 0.275 0  0.875 0.275 0  0.9 0.275 0  0.925 0.275 0  0.95 0.275 0  0.975 0.275 0  1 0.275 0  0 0.3 0  0.025 0.3 0  0.05 0.3 0  0.075 0.3 0  0.1 0.3 0  0.125 0.3 0  0.15 0.3 0  0.175 0.3 0  0.2 0.3 0  0.225 0.3 0  0.25 0.3 0  0.275 0.3 0  0.3 0.3 0  0.325 0.3 0  0.35 0.3 0  0.375 0.3 0  0.4 0.3 0  0.425 0.3 0  0.45 0.3 0  0.475 0.3 0  0.5 0.3 0  0.525 0.3 0  0.55 0.3 0  0.575 0.3 0  0.6 0.3 0  0.625 0.3 0  0.65 0.3 0  0.675 0.3 0  0.7 0.3 0  0.725 0.3 0  0.75 0.3 0  0.775 0.3 0  0.8 0.3 0  0.825 0.3 0  0.85 0.3 0  0.875 0.3 0  0.9 0.3 0  0.925 0.3 0  0.95 0.3 0  0.975 0.3 0  1 0.3 0  0 0.325 0  0.025 0.325 0  0.05 0.325 0  0.075 0.325 0  0.1 0.325 0  0.125 0.325 0  0.15 0.325 0  0.175 0.325 0  0.2 0.325 0  0.225 0.325 0  0.25 0.325 0  0.275 0.325 0  0.3 0.325 0  0.325 0.325 0  0.35 0.325 0  0.375 0.325 0  0.4 0.325 0  0.425 0.325 0  0.45 0.325 0  0.475 0.325 0  0.5 0.325 0  0.525 0.325 0  0.55 0.325 0  0.575 0.325 0  0.6 0.325 0  0.625 0.325 0  0.65 0.325 0  0.675 0.325 0  0.7 0.325 0  0.725 0.325 0  0.75 0.325 0  0.775 0.325 0  0.8 0.325 0  0.825 0.325 0  0.85 0.325 0  0.875 0.325 0  0.9 0.325 0  0.925 0.325 0  0.95 0.325 0  0.975 0.325 0  1 0.325 0  0 0.35 0  0.025 0.35 0  0.05 0.35 0  0.075 0.35 0  0.1 0.35 0  0.125 0.35 0  0.15 0.35 0  0.175 0.35 0  0.2 0.35 0  0.225 0.35 0  0.25 0.35 0  0.275 0.35 0  0.3 0.35 0  0.325 0.35 0  0.35 0.35 0  0.375 0.35 0  0.4 0.35 0  0.425 0.35 0  0.45 0.35 0  0.475 0.35 0  0.5 0.35 0  0.525 0.35 0  0.55 0.35 0  0.575 0.35 0  0.6 0.35 0  0.625 0.35 0  0.65 0.35 0  0.675 0.35 0  0.7 0.35 0  0.725 0.35 0  0.75 0.35 0  0.775 0.35 0  0.8 0.35 0  0.825 0.35 0  0.85 0.35 0  0.875 0.35 0  0.9 0.35 0  0.925 0.35 0  0.95 0.35 0  0.975 0.35 0  1 0.35 0  0 0.375 0  0.025 0.375 0  0.05 0.375 0  0.075 0.375 0  0.1 0.375 0  0.125 0.375 0  0.15 0.375 0  0.175 0.375 0  0.2 0.375 0  0.225 0.375 0  0.25 0.375 0  0.275 0.375 0  0.3 0.375 0  0.325 0.375 0  0.35 0.375 0  0.375 0.375 0  0.4 0.375 0  0.425 0.375 0  0.45 0.375 0  0.475 0.375 0  0.5 0.375 0  0.525 0.375 0  0.55 0.375 0  0.575 0.375 0  0.6 0.375 0  0.625 0.375 0  0.65 0.375 0  0.675 0.375 0  0.7 0.375 0  0.725 0.375 0  0.75 0.375 0  0.775 0.375 0  0.8 0.375 0  0.825 0.375 0  0.85 0.375 0  0.875 0.375 0  0.9 0.375 0  0.925 0.375 0  0.95 0.375 0  0.975 0.375 0  1 0.375 0  0 0.4 0  0.025 0.4 0  0.05 0.4 0  0.075 0.4 0  0.1 0.4 0  0.125 0.4 0  0.15 0.4 0  0.175 0.4 0  0.2 0.4 0  0.225 0.4 0  0.25 0.4 0  0.275 0.4 0  0.3 0.4 0  0.325 0.4 0  0.35 0.4 0  0.375 0.4 0  0.4 0.4 0  0.425 0.4 0  0.45 0.4 0  0.475 0.4 0  0.5 0.4 0  0.525 0.4 0  0.55 0.4 0  0.575 0.4 0  0.6 0.4 0  0.625 0.4 0  0.65 0.4 0  0.675 0.4 0  0.7 0.4 0  0.725 0.4 0  0.75 0.4 0  0.775 0.4 0  0.8 0.4 0  0.825 0.4 0  0.85 0.4 0  0.875 0.4 0  0.9 0.4 0  0.925 0.4 0  0.95 0.4 0  0.975 0.4 0  1 0.4 0  0 0.425 0  0.025 0.425 0  0.05 0.425 0  0.075 0.425 0  0.1 0.425 0  0.125 0.425 0  0.15 0.425 0  0.175 0.425 0  0.2 0.425 0  0.225 0.425 0  0.25 0.425 0  0.275 0.425 0  0.3 0.425 0  0.325 0.425 0  0.35 0.425 0  0.375 0.425 0  0.4 0.425 0  0.425 0.425 0  0.45 0.425 0  0.475 0.425 0  0.5 0.425 0  0.525 0.425 0  0.55 0.425 0  0.575 0.425 0  0.6 0.425 0  0.625 0.425 0  0.65 0.425 0  0.675 0.425 0  0.7 0.425 0  0.725 0.425 0  0.75 0.425 0  0.775 0.425 0  0.8 0.425 0  0.825 0.425 0  0.85 0.425 0  0.875 0.425 0  0.9 0.425 0  0.925 0.425 0  0.95 0.425 0  0.975 0.425 0  1 0.425 0  0 0.45 0  0.025 0.45 0  0.05 0.45 0  0.075 0.45 0  0.1 0.45 0  0.125 0.45 0  0.15 0.45 0  0.175 0.45 0  0.2 0.45 0  0.225 0.45 0  0.25 0.45 0  0.275 0.45 0  0.3 0.45 0  0.325 0.45 0  0.35 0.45 0  0.375 0.45 0  0.4 0.45 0  0.425 0.45 0  0.45 0.45 0  0.475 0.45 0  0.5 0.45 0  0.525 0.45 0  0.55 0.45 0  0.575 0.45 0  0.6 0.45 0  0.625 0.45 0  0.65 0.45 0  0.675 0.45 0  0.7 0.45 0  0.725 0.45 0  0.75 0.45 0  0.775 0.45 0  0.8 0.45 0  0.825 0.45 0  0.85 0.45 0  0.875 0.45 0  0.9 0.45 0  0.925 0.45 0  0.95 0.45 0  0.975 0.45 0  1 0.45 0  0 0.475 0  0.025 0.475 0  0.05 0.475 0  0.075 0.475 0  0.1 0.475 0  0.125 0.475 0  0.15 0.475 0  0.175 0.475 0  0.2 0.475 0  0.225 0.475 0  0.25 0.475 0  0.275 0.475 0  0.3 0.475 0  0.325 0.475 0  0.35 0.475 0  0.375 0.475 0  0.4 0.475 0  0.425 0.475 0  0.45 0.475 0  0.475 0.475 0  0.5 0.475 0  0.525 0.475 0  0.55 0.475 0  0.575 0.475 0  0.6 0.475 0  0.625 0.475 0  0.65 0.475 0  0.675 0.475 0  0.7 0.475 0  0.725 0.475 0  0.75 0.475 0  0.775 0.475 0  0.8 0.475 0  0.825 0.475 0  0.85 0.475 0  0.875 0.475 0  0.9 0.475 0  0.925 0.475 0  0.95 0.475 0  0.975 0.475 0  1 0.475 0  0 0.5 0  0.025 0.5 0  0.05 0.5 0  0.075 0.5 0  0.1 0.5 0  0.125 0.5 0  0.15 0.5 0  0.175 0.5 0  0.2 0.5 0  0.225 0.5 0  0.25 0.5 0  0.275 0.5 0  0.3 0.5 0  0.325 0.5 0  0.35 0.5 0  0.375 0.5 0  0.4 0.5 0  0.425 0.5 0  0.45 0.5 0  0.475 0.5 0  0.5 0.5 0  0.525 0.5 0  0.55 0.5 0  0.575 0.5 0  0.6 0.5 0  0.625 0.5 0  0.65 0.5 0  0.675 0.5 0  0.7 0.5 0  0.725 0.5 0  0.75 0.5 0  0.775 0.5 0  0.8 0.5 0  0.825 0.5 0  0.85 0.5 0  0.875 0.5 0  0.9 0.5 0  0.925 0.5 0  0.95 0.5 0  0.975 0.5 0  1 0.5 0  0 0.525 0  0.025 0.525 0  0.05 0.525 0  0.075 0.525 0  0.1 0.525 0  0.125 0.525 0  0.15 0.525 0  0.175 0.525 0  0.2 0.525 0  0.225 0.525 0  0.25 0.525 0  0.275 0.525 0  0.3 0.525 0  0.325 0.525 0  0.35 0.525 0  0.375 0.525 0  0.4 0.525 0  0.425 0.525 0  0.45 0.525 0  0.475 0.525 0  0.5 0.525 0  0.525 0.525 0  0.55 0.525 0  0.575 0.525 0  0.6 0.525 0  0.625 0.525 0  0.65 0.525 0  0.675 0.525 0  0.7 0.525 0  0.725 0.525 0  0.75 0.525 0  0.775 0.525 0  0.8 0.525 0  0.825 0.525 0  0.85 0.525 0  0.875 0.525 0  0.9 0.525 0  0.925 0.525 0  0.95 0.525 0  0.975 0.525 0  1 0.525 0  0 0.55 0  0.025 0.55 0  0.05 0.55 0  0.075 0.55 0  0.1 0.55 0  0.125 0.55 0  0.15 0.55 0  0.175 0.55 0  0.2 0.55 0  0.225 0.55 0  0.25 0.55 0  0.275 0.55 0  0.3 0.55 0  0.325 0.55 0  0.35 0.55 0  0.375 0.55 0  0.4 0.55 0  0.425 0.55 0  0.45 0.55 0  0.475 0.55 0  0.5 0.55 0  0.525 0.55 0  0.55 0.55 0  0.575 0.55 0  0.6 0.55 0  0.625 0.55 0  0.65 0.55 0  0.675 0.55 0  0.7 0.55 0  0.725 0.55 0  0.75 0.55 0  0.775 0.55 0  0.8 0.55 0  0.825 0.55 0  0.85 0.55 0  0.875 0.55 0  0.9 0.55 0  0.925 0.55 0  0.95 0.55 0  0.975 0.55 0  1 0.55 0  0 0.575 0  0.025 0.575 0  0.05 0.575 0  0.075 0.575 0  0.1 0.575 0  0.125 0.575 0  0.15 0.575 0  0.175 0.575 0  0.2 0.575 0  0.225 0.575 0  0.25 0.575 0  0.275 0.575 0  0.3 0.575 0  0.325 0.575 0  0.35 0.575 0  0.375 0.575 0  0.4 0.575 0  0.425 0.575 0  0.45 0.575 0  0.475 0.575 0  0.5 0.575 0  0.525 0.575 0  0.55 0.575 0  0.575 0.575 0  0.6 0.575 0  0.625 0.575 0  0.65 0.575 0  0.675 0.575 0  0.7 0.575 0  0.725 0.575 0  0.75 0.575 0  0.775 0.575 0  0.8 0.575 0  0.825 0.575 0  0.85 0.575 0  0.875 0.575 0  0.9 0.575 0  0.925 0.575 0  0.95 0.575 0  0.975 0.575 0  1 0.575 0  0 0.6 0  0.025 0.6 0  0.05 0.6 0  0.075 0.6 0  0.1 0.6 0  0.125 0.6 0  0.15 0.6 0  0.175 0.6 0  0.2 0.6 0  0.225 0.6 0  0.25 0.6 0  0.275 0.6 0  0.3 0.6 0  0.325 0.6 0  0.35 0.6 0  0.375 0.6 0  0.4 0.6 0  0.425 0.6 0  0.45 0.6 0  0.475 0.6 0  0.5 0.6 0  0.525 0.6 0  0.55 0.6 0  0.575 0.6 0  0.6 0.6 0  0.625 0.6 0  0.65 0.6 0  0.675 0.6 0  0.7 0.6 0  0.725 0.6 0  0.75 0.6 0  0.775 0.6 0  0.8 0.6 0  0.825 0.6 0  0.85 0.6 0  0.875 0.6 0  0.9 0.6 0  0.925 0.6 0  0.95 0.6 0  0.975 0.6 0  1 0.6 0  0 0.625 0  0.025 0.625 0  0.05 0.625 0  0.075 0.625 0  0.1 0.625 0  0.125 0.625 0  0.15 0.625 0  0.175 0.625 0  0.2 0.625 0  0.225 0.625 0  0.25 0.625 0  0.275 0.625 0  0.3 0.625 0  0.325 0.625 0  0.35 0.625 0  0.375 0.625 0  0.4 0.625 0  0.425 0.625 0  0.45 0.625 0  0.475 0.625 0  0.5 0.625 0  0.525 0.625 0  0.55 0.625 0  0.575 0.625 0  0.6 0.625 0  0.625 0.625 0  0.65 0.625 0  0.675 0.625 0  0.7 0.625 0  0.725 0.625 0  0.75 0.625 0  0.775 0.625 0  0.8 0.625 0  0.825 0.625 0  0.85 0.625 0  0.875 0.625 0  0.9 0.625 0  0.925 0.625 0  0.95 0.625 0  0.975 0.625 0  1 0.625 0  0 0.65 0  0.025 0.65 0  0.05 0.65 0  0.075 0.65 0  0.1 0.65 0  0.125 0.65 0  0.15 0.65 0  0.175 0.65 0  0.2 0.65 0  0.225 0.65 0  0.25 0.65 0  0.275 0.65 0  0.3 0.65 0  0.325 0.65 0  0.35 0.65 0  0.375 0.65 0  0.4 0.65 0  0.425 0.65 0  0.45 0.65 0  0.475 0.65 0  0.5 0.65 0  0.525 0.65 0  0.55 0.65 0  0.575 0.65 0  0.6 0.65 0  0.625 0.65 0  0.65 0.65 0  0.675 0.65 0  0.7 0.65 0  0.725 0.65 0  0.75 0.65 0  0.775 0.65 0  0.8 0.65 0  0.825 0.65 0  0.85 0.65 0  0.875 0.65 0  0.9 0.65 0  0.925 0.65 0  0.95 0.65 0  0.975 0.65 0  1 0.65 0  0 0.675 0  0.025 0.675 0  0.05 0.675 0  0.075 0.675 0  0.1 0.675 0  0.125 0.675 0  0.15 0.675 0  0.175 0.675 0  0.2 0.675 0  0.225 0.675 0  0.25 0.675 0  0.275 0.675 0  0.3 0.675 0  0.325 0.675 0  0.35 0.675 0  0.375 0.675 0  0.4 0.675 0  0.425 0.675 0  0.45 0.675 0  0.475 0.675 0  0.5 0.675 0  0.525 0.675 0  0.55 0.675 0  0.575 0.675 0  0.6 0.675 0  0.625 0.675 0  0.65 0.675 0  0.675 0.675 0  0.7 0.675 0  0.725 0.675 0  0.75 0.675 0  0.775 0.675 0  0.8 0.675 0  0.825 0.675 0  0.85 0.675 0  0.875 0.675 0  0.9 0.675 0  0.925 0.675 0  0.95 0.675 0  0.975 0.675 0  1 0.675 0  0 0.7 0  0.025 0.7 0  0.05 0.7 0  0.075 0.7 0  0.1 0.7 0  0.125 0.7 0  0.15 0.7 0  0.175 0.7 0  0.2 0.7 0  0.225 0.7 0  0.25 0.7 0  0.275 0.7 0  0.3 0.7 0  0.325 0.7 0  0.35 0.7 0  0.375 0.7 0  0.4 0.7 0  0.425 0.7 0  0.45 0.7 0  0.475 0.7 0  0.5 0.7 0  0.525 0.7 0  0.55 0.7 0  0.575 0.7 0  0.6 0.7 0  0.625 0.7 0  0.65 0.7 0  0.675 0.7 0  0.7 0.7 0  0.725 0.7 0  0.75 0.7 0  0.775 0.7 0  0.8 0.7 0  0.825 0.7 0  0.85 0.7 0  0.875 0.7 0  0.9 0.7 0  0.925 0.7 0  0.95 0.7 0  0.975 0.7 0  1 0.7 0  0 0.725 0  0.025 0.725 0  0.05 0.725 0  0.075 0.725 0  0.1 0.725 0  0.125 0.725 0  0.15 0.725 0  0.175 0.725 0  0.2 0.725 0  0.225 0.725 0  0.25 0.725 0  0.275 0.725 0  0.3 0.725 0  0.325 0.725 0  0.35 0.725 0  0.375 0.725 0  0.4 0.725 0  0.425 0.725 0  0.45 0.725 0  0.475 0.725 0  0.5 0.725 0  0.525 0.725 0  0.55 0.725 0  0.575 0.725 0  0.6 0.725 0  0.625 0.725 0  0.65 0.725 0  0.675 0.725 0  0.7 0.725 0  0.725 0.725 0  0.75 0.725 0  0.775 0.725 0  0.8 0.725 0  0.825 0.725 0  0.85 0.725 0  0.875 0.725 0  0.9 0.725 0  0.925 0.725 0  0.95 0.725 0  0.975 0.725 0  1 0.725 0  0 0.75 0  0.025 0.75 0  0.05 0.75 0  0.075 0.75 0  0.1 0.75 0  0.125 0.75 0  0.15 0.75 0  0.175 0.75 0  0.2 0.75 0  0.225 0.75 0  0.25 0.75 0  0.275 0.75 0  0.3 0.75 0  0.325 0.75 0  0.35 0.75 0  0.375 0.75 0  0.4 0.75 0  0.425 0.75 0  0.45 0.75 0  0.475 0.75 0  0.5 0.75 0  0.525 0.75 0  0.55 0.75 0  0.575 0.75 0  0.6 0.75 0  0.625 0.75 0  0.65 0.75 0  0.675 0.75 0  0.7 0.75 0  0.725 0.75 0  0.75 0.75 0  0.775 0.75 0  0.8 0.75 0  0.825 0.75 0  0.85 0.75 0  0.875 0.75 0  0.9 0.75 0  0.925 0.75 0  0.95 0.75 0  0.975 0.75 0  1 0.75 0  0 0.775 0  0.025 0.775 0  0.05 0.775 0  0.075 0.775 0  0.1 0.775 0  0.125 0.775 0  0.15 0.775 0  0.175 0.775 0  0.2 0.775 0  0.225 0.775 0  0.25 0.775 0  0.275 0.775 0  0.3 0.775 0  0.325 0.775 0  0.35 0.775 0  0.375 0.775 0  0.4 0.775 0  0.425 0.775 0  0.45 0.775 0  0.475 0.775 0  0.5 0.775 0  0.525 0.775 0  0.55 0.775 0  0.575 0.775 0  0.6 0.775 0  0.625 0.775 0  0.65 0.775 0  0.675 0.775 0  0.7 0.775 0  0.725 0.775 0  0.75 0.775 0  0.775 0.775 0  0.8 0.775 0  0.825 0.775 0  0.85 0.775 0  0.875 0.775 0  0.9 0.775 0  0.925 0.775 0  0.95 0.775 0  0.975 0.775 0  1 0.775 0  0 0.8 0  0.025 0.8 0  0.05 0.8 0  0.075 0.8 0  0.1 0.8 0  0.125 0.8 0  0.15 0.8 0  0.175 0.8 0  0.2 0.8 0  0.225 0.8 0  0.25 0.8 0  0.275 0.8 0  0.3 0.8 0  0.325 0.8 0  0.35 0.8 0  0.375 0.8 0  0.4 0.8 0  0.425 0.8 0  0.45 0.8 0  0.475 0.8 0  0.5 0.8 0  0.525 0.8 0  0.55 0.8 0  0.575 0.8 0  0.6 0.8 0  0.625 0.8 0  0.65 0.8 0  0.675 0.8 0  0.7 0.8 0  0.725 0.8 0  0.75 0.8 0  0.775 0.8 0  0.8 0.8 0  0.825 0.8 0  0.85 0.8 0  0.875 0.8 0  0.9 0.8 0  0.925 0.8 0  0.95 0.8 0  0.975 0.8 0  1 0.8 0  0 0.825 0  0.025 0.825 0  0.05 0.825 0  0.075 0.825 0  0.1 0.825 0  0.125 0.825 0  0.15 0.825 0  0.175 0.825 0  0.2 0.825 0  0.225 0.825 0  0.25 0.825 0  0.275 0.825 0  0.3 0.825 0  0.325 0.825 0  0.35 0.825 0  0.375 0.825 0  0.4 0.825 0  0.425 0.825 0  0.45 0.825 0  0.475 0.825 0  0.5 0.825 0  0.525 0.825 0  0.55 0.825 0  0.575 0.825 0  0.6 0.825 0  0.625 0.825 0  0.65 0.825 0  0.675 0.825 0  0.7 0.825 0  0.725 0.825 0  0.75 0.825 0  0.775 0.825 0  0.8 0.825 0  0.825 0.825 0  0.85 0.825 0  0.875 0.825 0  0.9 0.825 0  0.925 0.825 0  0.95 0.825 0  0.975 0.825 0  1 0.825 0  0 0.85 0  0.025 0.85 0  0.05 0.85 0  0.075 0.85 0  0.1 0.85 0  0.125 0.85 0  0.15 0.85 0  0.175 0.85 0  0.2 0.85 0  0.225 0.85 0  0.25 0.85 0  0.275 0.85 0  0.3 0.85 0  0.325 0.85 0  0.35 0.85 0  0.375 0.85 0  0.4 0.85 0  0.425 0.85 0  0.45 0.85 0  0.475 0.85 0  0.5 0.85 0  0.525 0.85 0  0.55 0.85 0  0.575 0.85 0  0.6 0.85 0  0.625 0.85 0  0.65 0.85 0  0.675 0.85 0  0.7 0.85 0  0.725 0.85 0  0.75 0.85 0  0.775 0.85 0  0.8 0.85 0  0.825 0.85 0  0.85 0.85 0  0.875 0.85 0  0.9 0.85 0  0.925 0.85 0  0.95 0.85 0  0.975 0.85 0  1 0.85 0  0 0.875 0  0.025 0.875 0  0.05 0.875 0  0.075 0.875 0  0.1 0.875 0  0.125 0.875 0  0.15 0.875 0  0.175 0.875 0  0.2 0.875 0  0.225 0.875 0  0.25 0.875 0  0.275 0.875 0  0.3 0.875 0  0.325 0.875 0  0.35 0.875 0  0.375 0.875 0  0.4 0.875 0  0.425 0.875 0  0.45 0.875 0  0.475 0.875 0  0.5 0.875 0  0.525 0.875 0  0.55 0.875 0  0.575 0.875 0  0.6 0.875 0  0.625 0.875 0  0.65 0.875 0  0.675 0.875 0  0.7 0.875 0  0.725 0.875 0  0.75 0.875 0  0.775 0.875 0  0.8 0.875 0  0.825 0.875 0  0.85 0.875 0  0.875 0.875 0  0.9 0.875 0  0.925 0.875 0  0.95 0.875 0  0.975 0.875 0  1 0.875 0  0 0.9 0  0.025 0.9 0  0.05 0.9 0  0.075 0.9 0  0.1 0.9 0  0.125 0.9 0  0.15 0.9 0  0.175 0.9 0  0.2 0.9 0  0.225 0.9 0  0.25 0.9 0  0.275 0.9 0  0.3 0.9 0  0.325 0.9 0  0.35 0.9 0  0.375 0.9 0  0.4 0.9 0  0.425 0.9 0  0.45 0.9 0  0.475 0.9 0  0.5 0.9 0  0.525 0.9 0  0.55 0.9 0  0.575 0.9 0  0.6 0.9 0  0.625 0.9 0  0.65 0.9 0  0.675 0.9 0  0.7 0.9 0  0.725 0.9 0  0.75 0.9 0  0.775 0.9 0  0.8 0.9 0  0.825 0.9 0  0.85 0.9 0  0.875 0.9 0  0.9 0.9 0  0.925 0.9 0  0.95 0.9 0  0.975 0.9 0  1 0.9 0  0 0.925 0  0.025 0.925 0  0.05 0.925 0  0.075 0.925 0  0.1 0.925 0  0.125 0.925 0  0.15 0.925 0  0.175 0.925 0  0.2 0.925 0  0.225 0.925 0  0.25 0.925 0  0.275 0.925 0  0.3 0.925 0  0.325 0.925 0  0.35 0.925 0  0.375 0.925 0  0.4 0.925 0  0.425 0.925 0  0.45 0.925 0  0.475 0.925 0  0.5 0.925 0  0.525 0.925 0  0.55 0.925 0  0.575 0.925 0  0.6 0.925 0  0.625 0.925 0  0.65 0.925 0  0.675 0.925 0  0.7 0.925 0  0.725 0.925 0  0.75 0.925 0  0.775 0.925 0  0.8 0.925 0  0.825 0.925 0  0.85 0.925 0  0.875 0.925 0  0.9 0.925 0  0.925 0.925 0  0.95 0.925 0  0.975 0.925 0  1 0.925 0  0 0.95 0  0.025 0.95 0  0.05 0.95 0  0.075 0.95 0  0.1 0.95 0  0.125 0.95 0  0.15 0.95 0  0.175 0.95 0  0.2 0.95 0  0.225 0.95 0  0.25 0.95 0  0.275 0.95 0  0.3 0.95 0  0.325 0.95 0  0.35 0.95 0  0.375 0.95 0  0.4 0.95 0  0.425 0.95 0  0.45 0.95 0  0.475 0.95 0  0.5 0.95 0  0.525 0.95 0  0.55 0.95 0  0.575 0.95 0  0.6 0.95 0  0.625 0.95 0  0.65 0.95 0  0.675 0.95 0  0.7 0.95 0  0.725 0.95 0  0.75 0.95 0  0.775 0.95 0  0.8 0.95 0  0.825 0.95 0  0.85 0.95 0  0.875 0.95 0  0.9 0.95 0  0.925 0.95 0  0.95 0.95 0  0.975 0.95 0  1 0.95 0  0 0.975 0  0.025 0.975 0  0.05 0.975 0  0.075 0.975 0  0.1 0.975 0  0.125 0.975 0  0.15 0.975 0  0.175 0.975 0  0.2 0.975 0  0.225 0.975 0  0.25 0.975 0  0.275 0.975 0  0.3 0.975 0  0.325 0.975 0  0.35 0.975 0  0.375 0.975 0  0.4 0.975 0  0.425 0.975 0  0.45 0.975 0  0.475 0.975 0  0.5 0.975 0  0.525 0.975 0  0.55 0.975 0  0.575 0.975 0  0.6 0.975 0  0.625 0.975 0  0.65 0.975 0  0.675 0.975 0  0.7 0.975 0  0.725 0.975 0  0.75 0.975 0  0.775 0.975 0  0.8 0.975 0  0.825 0.975 0  0.85 0.975 0  0.875 0.975 0  0.9 0.975 0  0.925 0.975 0  0.95 0.975 0  0.975 0.975 0  1 0.975 0  0 1 0  0.025 1 0  0.05 1 0  0.075 1 0  0.1 1 0  0.125 1 0  0.15 1 0  0.175 1 0  0.2 1 0  0.225 1 0  0.25 1 0  0.275 1 0  0.3 1 0  0.325 1 0  0.35 1 0  0.375 1 0  0.4 1 0  0.425 1 0  0.45 1 0  0.475 1 0  0.5 1 0  0.525 1 0  0.55 1 0  0.575 1 0  0.6 1 0  0.625 1 0  0.65 1 0  0.675 1 0  0.7 1 0  0.725 1 0  0.75 1 0  0.775 1 0  0.8 1 0  0.825 1 0  0.85 1 0  0.875 1 0  0.9 1 0  0.925 1 0  0.95 1 0  0.975 1 0  1 1 0  </DataArray>
</Points>
<Cells>
<DataArray  type="UInt32"  Name="connectivity"  format="ascii">0 1 42  0 41 42  1 2 43  1 42 43  2 3 44  2 43 44  3 4 45  3 44 45  4 5 46  4 45 46  5 6 47  5 46 47  6 7 48  6 47 48  7 8 49  7 48 49  8 9 50  8 49 50  9 10 51  9 50 51  10 11 52  10 51 52  11 12 53  11 52 53  12 13 54  12 53 54  13 14 55  13 54 55  14 15 56  14 55 56  15 16 57  15 56 57  16 17 58  16 57 58  17 18 59  17 58 59  18 19 60  18 59 60  19 20 61  19 60 61  20 21 62  20 61 62  21 22 63  21 62 63  22 23 64  22 63 64  23 24 65  23 64 65  24 25 66  24 65 66  25 26 67  25 66 67  26 27 68  26 67 68  27 28 69  27 68 69  28 29 70  28 69 70  29 30 71  29 70 71  30 31 72  30 71 72  31 32 73  31 72 73  32 33 74  32 73 74  33 34 75  33 74 75  34 35 76  34 75 76  35 36 77  35 76 77  36 37 78  36 77 78  37 38 79  37 78 79  38 39 80  38 79 80  39 40 81  39 80 81  41 42 83  41 82 83  42 43 84  42 83 84  43 44 85  43 84 85  44 45 86  44 85 86  45 46 87  45 86 87  46 47 88  46 87 88  47 48 89  47 88 89  48 49 90  48 89 90  49 50 91  49 90 91  50 51 92  50 91 92  51 52 93  51 92 93  52 53 94  52 93 94  53 54 95  53 94 95  54 55 96  54 95 96  55 56 97  55 96 97  56 57 98  56 97 98  57 58 99  57 98 99  58 59 100  58 99 100  59 60 101  59 100 101  60 61 102  60 101 102  61 62 103  61 102 103  62 63 104  62 103 104  63 64 105  63 104 105  64 65 106  64 105 106  65 66 107  65 106 107  66 67 108  66 107 108  67 68 109  67 108 109  68 69 110  68 109 110  69 70 111  69 110 111  70 71 112  70 111 112  71 72 113  71 112 113  72 73 114  72 113 114  73 74 115  73 114 115  74 75 116  74 115 116  75 76 117  75 116 117  76 77 118  76 117 118  77 78 119  77 118 119  78 79 120  78 119 120  79 80 121  79 120 121  80 81 122  80 121 122  82 83 124  82 123 124  83 84 125  83 124 125  84 85 126  84 125 126  85 86 127  85 126 127  86 87 128  86 127 128  87 88 129  87 128 129  88 89 130  88 129 130  89 90 131  89 130 131  90 91 132  90 131 132  91 92 133  91 132 133  92 93 134  92 133 134  93 94 135  93 134 135  94 95 136  94 135 136  95 96 137  95 136 137  96 97 138  96 137 138  97 98 139  97 138 139  98 99 140  98 139 140  99 100 141  99 140 141  100 101 142  100 141 142  101 102 143  101 142 143  102 103 144  102 143 144  103 104 145  103 144 145  104 105 146  104 145 146  105 106 147  105 146 147  106 107 148  106 147 148  107 108 149  107 148 149  108 109 150  108 149 150  109 110 151  109 150 151  110 111 152  110 151 152  111 112 153  111 152 153  112 113 154  112 153 154  113 114 155  113 154 155  114 115 156  114 155 156  115 116 157  115 156 157  116 117 158  116 157 158  117 118 159  117 158 159  118 119 160  118 159 160  119 120 161  119 160 161  120 121 162  120 161 162  121 122 163  121 162 163  123 124 165  123 164 165  124 125 166  124 165 166  125 126 167  125 166 167  126 127 168  126 167 168  127 128 169  127 168 169  128 129 170  128 169 170  129 130 171  129 170 171  130 131 172  130 171 172  131 132 173  131 172 173  132 133 174  132 173 174  133 134 175  133 174 175  134 135 176  134 175 176  135 136 177  135 176 177  136 137 178  136 177 178  137 138 179  137 178 179  138 139 180  138 179 180  139 140 181  139 180 181  140 141 182  140 181 182  141 142 183  141 182 183  142 143 184  142 183 184  143 144 185  143 184 185  144 145 186  144 185 186  145 146 187  145 186 187  146 147 188  146 187 188  147 148 189  147 188 189  148 149 190  148 189 190  149 150 191  149 190 191  150 151 192  150 191 192  151 152 193  151 192 193  152 153 194  152 193 194  153 154 195  153 194 195  154 155 196  154 195 196  155 156 197  155 196 197  156 157 198  156 197 198  157 158 199  157 198 199  158 159 200  158 199 200  159 160 201  159 200 201  160 161 202  160 201 202  161 162 203  161 202 203  162 163 204  162 203 204  164 165 206  164 205 206  165 166 207  165 206 207  166 167 208  166 207 208  167 168 209  167 208 209  168 169 210  168 209 210  169 170 211  169 210 211  170 171 212  170 211 212  171 172 213  171 212 213  172 173 214  172 213 214  173 174 215  173 214 215  174 175 216  174 215 216  175 176 217  175 216 217  176 177 218  176 217 218  177 178 219  177 218 219  178 179 220  178 219 220  179 180 221  179 220 221  180 181 222  180 221 222  181 182 223  181 222 223  182 183 224  182 223 224  183 184 225  183 224 225  184 185 226  184 225 226  185 186 227  185 226 227  186 187 228  186 227 228  187 188 229  187 228 229  188 189 230  188 229 230  189 190 231  189 230 231  190 191 232  190 231 232  191 192 233  191 232 233  192 193 234  192 233 234  193 194 235  193 234 235  194 195 236  194 235 236  195 196 237  195 236 237  196 197 238  196 237 238  197 198 239  197 238 239  198 199 240  198 239 240  199 200 241  199 240 241  200 201 242  200 241 242  201 202 243  201 242 243  202 203 244  202 243 244  203 204 245  203 244 245  205 206 247  205 246 247  206 207 248  206 247 248  207 208 249  207 248 249  208 209 250  208 249 250  209 210 251  209 250 251  210 211 252  210 251 252  211 212 253  211 252 253  212 213 254  212 253 254  213 214 255  213 254 255  214 215 256  214 255 256  215 216 257  215 256 257  216 217 258  216 257 258  217 218 259  217 258 259  218 219 260  218 259 260  219 220 261  219 260 261  220 221 262  220 261 262  221 222 263  221 262 263  222 223 264  222 263 264  223 224 265  223 264 265  224 225 266  224 265 266  225 226 267  225 266 267  226 227 268  226 267 268  227 228 269  227 268 269  228 229 270  228 269 270  229 230 271  229 270 271  230 231 272  230 271 272  231 232 273  231 272 273  232 233 274  232 273 274  233 234 275  233 274 275  234 235 276  234 275 276  235 236 277  235 276 277  236 237 278  236 277 278  237 238 279  237 278 279  238 239 280  238 279 280  239 240 281  239 280 281  240 241 282  240 281 282  241 242 283  241 282 283  242 243 284  242 283 284  243 244 285  243 284 285  244 245 286  244 285 286  246 247 288  246 287 288  247 248 289  247 288 289  248 249 290  248 289 290  249 250 291  249 290 291  250 251 292  250 291 292  251 252 293  251 292 293  252 253 294  252 293 294  253 254 295  253 294 295  254 255 296  254 295 296  255 256 297  255 296 297  256 257 298  256 297 298  257 258 299  257 298 299  258 259 300  258 299 300  259 260 301  259 300 301  260 261 302  260 301 302  261 262 303  261 302 303  262 263 304  262 303 304  263 264 305  263 304 305  264 265 306  264 305 306  265 266 307  265 306 307  266 267 308  266 307 308  267 268 309  267 308 309  268 269 310  268 309 310  269 270 311  269 310 311  270 271 312  270 311 312  271 272 313  271 312 313  272 273 314  272 313 314  273 274 315  273 314 315  274 275 316  274 315 316  275 276 317  275 316 317  276 277 318  276 317 318  277 278 319  277 318 319  278 279 320  278 319 320  279 280 321  279 320 321  280 281 322  280 321 322  281 282 323  281 322 323  282 283 324  282 323 324  283 284 325  283 324 325  284 285 326  284 325 326  285 286 327  285 326 327  287 288 329  287 328 329  288 289 330  288 329 330  289 290 331  289 330 331  290 291 332  290 331 332  291 292 333  291 332 333  292 293 334  292 333 334  293 294 335  293 334 335  294 295 336  294 335 336  295 296 337  295 336 337  296 297 338  296 337 338  297 298 339  297 338 339  298 299 340  298 339 340  299 300 341  299 340 341  300 301 342  300 341 342  301 302 343  301 342 343  302 303 344  302 343 344  303 304 345  303 344 345  304 305 346  304 345 346  305 306 347  305 346 347  306 307 348  306 347 348  307 308 349  307 348 349  308 309 350  308 349 350  309 310 351  309 350 351  310 311 352  310 351 352  311 312 353  311 352 353  312 313 354  312 353 354  313 314 355  313 354 355  314 315 356  314 355 356  315 316 357  315 356 357  316 317 358  316 357 358  317 318 359  317 358 359  318 319 360  318 359 360  319 320 361  319 360 361  320 321 362  320 361 362  321 322 363  321 362 363  322 323 364  322 363 364  323 324 365  323 364 365  324 325 366  324 365 366  325 326 367  325 366 367  326 327 368  326 367 368  328 329 370  328 369 370  329 330 371  329 370 371  330 331 372  330 371 372  331 332 373  331 372 373  332 333 374  332 373 374  333 334 375  333 374 375  334 335 376  334 375 376  335 336 377  335 376 377  336 337 378  336 377 378  337 338 379  337 378 379  338 339 380  338 379 380  339 340 381  339 380 381  340 341 382  340 381 382  341 342 383  341 382 383  342 343 384  342 383 384  343 344 385  343 384 385  344 345 386  344 385 386  345 346 387  345 386 387  346 347 388  346 387 388  347 348 389  347 388 389  348 349 390  348 389 390  349 350 391  349 390 391  350 351 392  350 391 392  351 352 393  351 392 393  352 353 394  352 393 394  353 354 395  353 394 395  354 355 396  354 395 396  355 356 397  355 396 397  356 357 398  356 397 398  357 358 399  357 398 399  358 359 400  358 399 400  359 360 401  359 400 401  360 361 402  360 401 402  361 362 403  361 402 403  362 363 404  362 403 404  363 364 405  363 404 405  364 365 406  364 405 406  365 366 407  365 406 407  366 367 408  366 407 408  367 368 409  367 408 409  369 370 411  369 410 411  370 371 412  370 411 412  371 372 413  371 412 413  372 373 414  372 413 414  373 374 415  373 414 415  374 375 416  374 415 416  375 376 417  375 416 417  376 377 418  376 417 418  377 378 419  377 418 419  378 379 420  378 419 420  379 380 421  379 420 421  380 381 422  380 421 422  381 382 423  381 422 423  382 383 424  382 423 424  383 384 425  383 424 425  384 385 426  384 425 426  385 386 427  385 426 427  386 387 428  386 427 428  387 388 429  387 428 429  388 389 430  388 429 430  389 390 431  389 430 431  390 391 432  390 431 432  391 392 433  391 432 433  392 393 434  392 433 434  393 394 435  393 434 435  394 395 436  394 435 436  395 396 437  395 436 437  396 397 438  396 437 438  397 398 439  397 438 439  398 399 440  398 439 440  399 400 441  399 440 441  400 401 442  400 441 442  401 402 443  401 442 443  402 403 444  402 443 444  403 404 445  403 444 445  404 405 446  404 445 446  405 406 447  405 446 447  406 407 448  406 447 448  407 408 449  407 448 449  408 409 450  408 449 450  410 411 452  410 451 452  411 412 453  411 452 453  412 413 454  412 453 454  413 414 455  413 454 455  414 415 456  414 455 456  415 416 457  415 456 457  416 417 458  416 457 458  417 418 459  417 458 459  418 419 460  418 459 460  419 420 461  419 460 461  420 421 462  420 461 462  421 422 463  421 462 463  422 423 464  422 463 464  423 424 465  423 464 465  424 425 466  424 465 466  425 426 467  425 466 467  426 427 468  426 467 468  427 428 469  427 468 469  428 429 470  428 469 470  429 430 471  429 470 471  430 431 472  430 471 472  431 432 473  431 472 473  432 433 474  432 473 474  433 434 475  433 474 475  434 435 476  434 475 476  435 436 477  435 476 477  436 437 478  436 477 478  437 438 479  437 478 479  438 439 480  438 479 480  439 440 481  439 480 481  440 441 482  440 481 482  441 442 483  441 482 483  442 443 484  442 483 484  443 444 485  443 484 485  444 445 486  444 485 486  445 446 487  445 486 487  446 447 488  446 487 488  447 448 489  447 488 489  448 449 490  448 489 490  449 450 491  449 490 491  451 452 493  451 492 493  452 453 494  452 493 494  453 454 495  453 494 495  454 455 496  454 495 496  455 456 497  455 496 497  456 457 498  456 497 498  457 458 499  457 498 499  458 459 500  458 499 500  459 460 501  459 500 501  460 461 502  460 501 502  461 462 503  461 502 503  462 463 504  462 503 504  463 464 505  463 504 505  464 465 506  464 505 506  465 466 507  465 506 507  466 467 508  466 507 508  467 468 509  467 508 509  468 469 510  468 509 510  469 470 511  469 510 511  470 471 512  470 511 512  471 472 513  471 512 513  472 473 514  472 513 514  473 474 515  473 514 515  474 475 516  474 515 516  475 476 517  475 516 517  476 477 518  476 517 518  477 478 519  477 518 519  478 479 520  478 519 520  479 480 521  479 520 521  480 481 522  480 521 522  481 482 523  481 522 523  482 483 524  482 523 524  483 484 525  483 524 525  484 485 526  484 525 526  485 486 527  485 526 527  486 487 528  486 527 528  487 488 529  487 528 529  488 489 530  488 529 530  489 490 531  489 530 531  490 491 532  490 531 532  492 493 534  492 533 534  493 494 535  493 534 535  494 495 536  494 535 536  495 496 537  495 536 537  496 497 538  496 537 538  497 498 539  497 538 539  498 499 540  498 539 540  499 500 541  499 540 541  500 501 542  500 541 542  501 502 543  501 542 543  502 503 544  502 543 544  503 504 545  503 544 545  504 505 546  504 545 546  505 506 547  505 546 547  506 507 548  506 547 548  507 508 549  507 548 549  508 509 550  508 549 550  509 510 551  509 550 551  510 511 552  510 551 552  511 512 553  511 552 553  512 513 554  512 553 554  513 514 555  513 554 555  514 515 556  514 555 556  515 516 557  515 556 557  516 517 558  516 557 558  517 518 559  517 558 559  518 519 560  518 559 560  519 520 561  519 560 561  520 521 562  520 561 562  521 522 563  521 562 563  522 523 564  522 563 564  523 524 565  523 564 565  524 525 566  524 565 566  525 526 567  525 566 567  526 527 568  526 567 568  527 528 569  527 568 569  528 529 570  528 569 570  529 530 571  529 570 571  530 531 572  530 571 572  531 532 573  531 572 573  533 534 575  533 574 575  534 535 576  534 575 576  535 536 577  535 576 577  536 537 578  536 577 578  537 538 579  537 578 579  538 539 580  538 579 580  539 540 581  539 580 581  540 541 582  540 581 582  541 542 583  541 582 583  542 543 584  542 583 584  543 544 585  543 584 585  544 545 586  544 585 586  545 546 587  545 586 587  546 547 588  546 587 588  547 548 589  547 588 589  548 549 590  548 589 590  549 550 591  549 590 591  550 551 592  550 591 592  551 552 593  551 592 593  552 553 594  552 593 594  553 554 595  553 594 595  554 555 596  554 595 596  555 556 597  555 596 597  556 557 598  556 597 598  557 558 599  557 598 599  558 559 600  558 599 600  559 560 601  559 600 601  560 561 602  560 601 602  561 562 603  561 602 603  562 563 604  562 603 604  563 564 605  563 604 605  564 565 606  564 605 606  565 566 607  565 606 607  566 567 608  566 607 608  567 568 609  567 608 609  568 569 610  568 609 610  569 570 611  569 610 611  570 571 612  570 611 612  571 572 613  571 612 613  572 573 614  572 613 614  574 575 616  574 615 616  575 576 617  575 616 617  576 577 618  576 617 618  577 578 619  577 618 619  578 579 620  578 619 620  579 580 621  579 620 621  580 581 622  580 621 622  581 582 623  581 622 623  582 583 624  582 623 624  583 584 625  583 624 625  584 585 626  584 625 626  585 586 627  585 626 627  586 587 628  586 627 628  587 588 629  587 628 629  588 589 630  588 629 630  589 590 631  589 630 631  590 591 632  590 631 632  591 592 633  591 632 633  592 593 634  592 633 634  593 594 635  593 634 635  594 595 636  594 635 636  595 596 637  595 636 637  596 597 638  596 637 638  597 598 639  597 638 639  598 599 640  598 639 640  599 600 641  599 640 641  600 601 642  600 641 642  601 602 643  601 642 643  602 603 644  602 643 644  603 604 645  603 644 645  604 605 646  604 645 646  605 606 647  605 646 647  606 607 648  606 647 648  607 608 649  607 648 649  608 609 650  608 649 650  609 610 651  609 650 651  610 611 652  610 651 652  611 612 653  611 652 653  612 613 654  612 653 654  613 614 655  613 654 655  615 616 657  615 656 657  616 617 658  616 657 658  617 618 659  617 658 659  618 619 660  618 659 660  619 620 661  619 660 661  620 621 662  620 661 662  621 622 663  621 662 663  622 623 664  622 663 664  623 624 665  623 664 665  624 625 666  624 665 666  625 626 667  625 666 667  626 627 668  626 667 668  627 628 669  627 668 669  628 629 670  628 669 670  629 630 671  629 670 671  630 631 672  630 671 672  631 632 673  631 672 673  632 633 674  632 673 674  633 634 675  633 674 675  634 635 676  634 675 676  635 636 677  635 676 677  636 637 678  636 677 678  637 638 679  637 678 679  638 639 680  638 679 680  639 640 681  639 680 681  640 641 682  640 681 682  641 642 683  641 682 683  642 643 684  642 683 684  643 644 685  643 684 685  644 645 686  644 685 686  645 646 687  645 686 687  646 647 688  646 687 688  647 648 689  647 688 689  648 649 690  648 689 690  649 650 691  649 690 691  650 651 692  650 691 692  651 652 693  651 692 693  652 653 694  652 693 694  653 654 695  653 694 695  654 655 696  654 695 696  656 657 698  656 697 698  657 658 699  657 698 699  658 659 700  658 699 700  659 660 701  659 700 701  660 661 702  660 701 702  661 662 703  661 702 703  662 663 704  662 703 704  663 664 705  663 704 705  664 665 706  664 705 706  665 666 707  665 706 707  666 667 708  666 707 708  667 668 709  667 708 709  668 669 710  668 709 710  669 670 711  669 710 711  670 671 712  670 711 712  671 672 713  671 712 713  672 673 714  672 713 714  673 674 715  673 714 715  674 675 716  674 715 716  675 676 717  675 716 717  676 677 718  676 717 718  677 678 719  677 718 719  678 679 720  678 719 720  679 680 721  679 720 721  680 681 722  680 721 722  681 682 723  681 722 723  682 683 724  682 723 724  683 684 725  683 724 725  684 685 726  684 725 726  685 686 727  685 726 727  686 687 728  686 727 728  687 688 729  687 728 729  688 689 730  688 729 730  689 690 731  689 730 731  690 691 732  690 731 732  691 692 733  691 732 733  692 693 734  692 733 734  693 694 735  693 734 735  694 695 736  694 735 736  695 696 737  695 736 737  697 698 739  697 738 739  698 699 740  698 739 740  699 700 741  699 740 741  700 701 742  700 741 742  701 702 743  701 742 743  702 703 744  702 743 744  703 704 745  703 744 745  704 705 746  704 745 746  705 706 747  705 746 747  706 707 748  706 747 748  707 708 749  707 748 749  708 709 750  708 749 750  709 710 751  709 750 751  710 711 752  710 751 752  711 712 753  711 752 753  712 713 754  712 753 754  713 714 755  713 754 755  714 715 756  714 755 756  715 716 757  715 756 757  716 717 758  716 757 758  717 718 759  717 758 759  718 719 760  718 759 760  719 720 761  719 760 761  720 721 762  720 761 762  721 722 763  721 762 763  722 723 764  722 763 764  723 724 765  723 764 765  724 725 766  724 765 766  725 726 767  725 766 767  726 727 768  726 767 768  727 728 769  727 768 769  728 729 770  728 769 770  729 730 771  729 770 771  730 731 772  730 771 772  731 732 773  731 772 773  732 733 774  732 773 774  733 734 775  733 774 775  734 735 776  734 775 776  735 736 777  735 776 777  736 737 778  736 777 778  738 739 780  738 779 780  739 740 781  739 780 781  740 741 782  740 781 782  741 742 783  741 782 783  742 743 784  742 783 784  743 744 785  743 784 785  744 745 786  744 785 786  745 746 787  745 786 787  746 747 788  746 787 788  747 748 789  747 788 789  748 749 790  748 789 790  749 750 791  749 790 791  750 751 792  750 791 792  751 752 793  751 792 793  752 753 794  752 793 794  753 754 795  753 794 795  754 755 796  754 795 796  755 756 797  755 796 797  756 757 798  756 797 798  757 758 799  757 798 799  758 759 800  758 799 800  759 760 801  759 800 801  760 761 802  760 801 802  761 762 803  761 802 803  762 763 804  762 803 804  763 764 805  763 804 805  764 765 806  764 805 806  765 766 807  765 806 807  766 767 808  766 807 808  767 768 809  767 808 809  768 769 810  768 809 810  769 770 811  769 810 811  770 771 812  770 811 812  771 772 813  771 812 813  772 773 814  772 813 814  773 774 815  773 814 815  774 775 816  774 815 816  775 776 817  775 816 817  776 777 818  776 817 818  777 778 819  777 818 819  779 780 821  779 820 821  780 781 822  780 821 822  781 782 823  781 822 823  782 783 824  782 823 824  783 784 825  783 824 825  784 785 826  784 825 826  785 786 827  785 826 827  786 787 828  786 827 828  787 788 829  787 828 829  788 789 830  788 829 830  789 790 831  789 830 831  790 791 832  790 831 832  791 792 833  791 832 833  792 793 834  792 833 834  793 794 835  793 834 835  794 795 836  794 835 836  795 796 837  795 836 837  796 797 838  796 837 838  797 798 839  797 838 839  798 799 840  798 839 840  799 800 841  799 840 841  800 801 842  800 841 842  801 802 843  801 842 843  802 803 844  802 843 844  803 804 845  803 844 845  804 805 846  804 845 846  805 806 847  805 846 847  806 807 848  806 847 848  807 808 849  807 848 849  808 809 850  808 849 850  809 810 851  809 850 851  810 811 852  810 851 852  811 812 853  811 852 853  812 813 854  812 853 854  813 814 855  813 854 855  814 815 856  814 855 856  815 816 857  815 856 857  816 817 858  816 857 858  817 818 859  817 858 859  818 819 860  818 859 860  820 821 862  820 861 862  821 822 863  821 862 863  822 823 864  822 863 864  823 824 865  823 864 865  824 825 866  824 865 866  825 826 867  825 866 867  826 827 868  826 867 868  827 828 869  827 868 869  828 829 870  828 869 870  829 830 871  829 870 871  830 831 872  830 871 872  831 832 873  831 872 873  832 833 874  832 873 874  833 834 875  833 874 875  834 835 876  834 875 876  835 836 877  835 876 877  836 837 878  836 877 878  837 838 879  837 878 879  838 839 880  838 879 880  839 840 881  839 880 881  840 841 882  840 881 882  841 842 883  841 882 883  842 843 884  842 883 884  843 844 885  843 884 885  844 845 886  844 885 886  845 846 887  845 886 887  846 847 888  846 887 888  847 848 889  847 888 889  848 849 890  848 889 890  849 850 891  849 890 891  850 851 892  850 891 892  851 852 893  851 892 893  852 853 894  852 893 894  853 854 895  853 894 895  854 855 896  854 895 896  855 856 897  855 896 897  856 857 898  856 897 898  857 858 899  857 898 899  858 859 900  858 899 900  859 860 901  859 900 901  861 862 903  861 902 903  862 863 904  862 903 904  863 864 905  863 904 905  864 865 906  864 905 906  865 866 907  865 906 907  866 867 908  866 907 908  867 868 909  867 908 909  868 869 910  868 909 910  869 870 911  869 910 911  870 871 912  870 911 912  871 872 913  871 912 913  872 873 914  872 913 914  873 874 915  873 914 915  874 875 916  874 915 916  875 876 917  875 916 917  876 877 918  876 917 918  877 878 919  877 918 919  878 879 920  878 919 920  879 880 921  879 920 921  880 881 922  880 921 922  881 882 923  881 922 923  882 883 924  882 923 924  883 884 925  883 924 925  884 885 926  884 925 926  885 886 927  885 926 927  886 887 928  886 927 928  887 888 929  887 928 929  888 889 930  888 929 930  889 890 931  889 930 931  890 891 932  890 931 932  891 892 933  891 932 933  892 893 934  892 933 934  893 894 935  893 934 935  894 895 936  894 935 936  895 896 937  895 936 937  896 897 938  896 937 938  897 898 939  897 938 939  898 899 940  898 939 940  899 900 941  899 940 941  900 901 942  900 941 942  902 903 944  902 943 944  903 904 945  903 944 945  904 905 946  904 945 946  905 906 947  905 946 947  906 907 948  906 947 948  907 908 949  907 948 949  908 909 950  908 949 950  909 910 951  909 950 951  910 911 952  910 951 952  911 912 953  911 952 953  912 913 954  912 953 954  913 914 955  913 954 955  914 915 956  914 955 956  915 916 957  915 956 957  916 917 958  916 957 958  917 918 959  917 958 959  918 919 960  918 959 960  919 920 961  919 960 961  920 921 962  920 961 962  921 922 963  921 962 963  922 923 964  922 963 964  923 924 965  923 964 965  924 925 966  924 965 966  925 926 967  925 966 967  926 927 968  926 967 968  927 928 969  927 968 969  928 929 970  928 969 970  929 930 971  929 970 971  930 931 972  930 971 972  931 932 973  931 972 973  932 933 974  932 973 974  933 934 975  933 974 975  934 935 976  934 975 976  935 936 977  935 976 977  936 937 978  936 977 978  937 938 979  937 978 979  938 939 980  938 979 980  939 940 981  939 980 981  940 941 982  940 981 982  941 942 983  941 982 983  943 944 985  943 984 985  944 945 986  944 985 986  945 946 987  945 986 987  946 947 988  946 987 988  947 948 989  947 988 989  948 949 990  948 989 990  949 950 991  949 990 991  950 951 992  950 991 992  951 952 993  951 992 993  952 953 994  952 993 994  953 954 995  953 994 995  954 955 996  954 995 996  955 956 997  955 996 997  956 957 998  956 997 998  957 958 999  957 998 999  958 959 1000  958 999 1000  959 960 1001  959 1000 1001  960 961 1002  960 1001 1002  961 962 1003  961 1002 1003  962 963 1004  962 1003 1004  963 964 1005  963 1004 1005  964 965 1006  964 1005 1006  965 966 1007  965 1006 1007  966 967 1008  966 1007 1008  967 968 1009  967 1008 1009  968 969 1010  968 1009 1010  969 970 1011  969 1010 1011  970 971 1012  970 1011 1012  971 972 1013  971 1012 1013  972 973 1014  972 1013 1014  973 974 1015  973 1014 1015  974 975 1016  974 1015 1016  975 976 1017  975 1016 1017  976 977 1018  976 1017 1018  977 978 1019  977 1018 1019  978 979 1020  978 1019 1020  979 980 1021  979 1020 1021  980 981 1022  980 1021 1022  981 982 1023  981 1022 1023  982 983 1024  982 1023 1024  984 985 1026  984 1025 1026  985 986 1027  985 1026 1027  986 987 1028  986 1027 1028  987 988 1029  987 1028 1029  988 989 1030  988 1029 1030  989 990 1031  989 1030 1031  990 991 1032  990 1031 1032  991 992 1033  991 1032 1033  992 993 1034  992 1033 1034  993 994 1035  993 1034 1035  994 995 1036  994 1035 1036  995 996 1037  995 1036 1037  996 997 1038  996 1037 1038  997 998 1039  997 1038 1039  998 999 1040  998 1039 1040  999 1000 1041  999 1040 1041  1000 1001 1042  1000 1041 1042  1001 1002 1043  1001 1042 1043  1002 1003 1044  1002 1043 1044  1003 1004 1045  1003 1044 1045  1004 1005 1046  1004 1045 1046  1005 1006 1047  1005 1046 1047  1006 1007 1048  1006 1047 1048  1007 1008 1049  1007 1048 1049  1008 1009 1050  1008 1049 1050  1009 1010 1051  1009 1050 1051  1010 1011 1052  1010 1051 1052  1011 1012 1053  1011 1052 1053  1012 1013 1054  1012 1053 1054  1013 1014 1055  1013 1054 1055  1014 1015 1056  1014 1055 1056  1015 1016 1057  1015 1056 1057  1016 1017 1058  1016 1057 1058  1017 1018 1059  1017 1058 1059  1018 1019 1060  1018 1059 1060  1019 1020 1061  1019 1060 1061  1020 1021 1062  1020 1061 1062  1021 1022 1063  1021 1062 1063  1022 1023 1064  1022 1063 1064  1023 1024 1065  1023 1064 1065  1025 1026 1067  1025 1066 1067  1026 1027 1068  1026 1067 1068  1027 1028 1069  1027 1068 1069  1028 1029 1070  1028 1069 1070  1029 1030 1071  1029 1070 1071  1030 1031 1072  1030 1071 1072  1031 1032 1073  1031 1072 1073  1032 1033 1074  1032 1073 1074  1033 1034 1075  1033 1074 1075  1034 1035 1076  1034 1075 1076  1035 1036 1077  1035 1076 1077  1036 1037 1078  1036 1077 1078  1037 1038 1079  1037 1078 1079  1038 1039 1080  1038 1079 1080  1039 1040 1081  1039 1080 1081  1040 1041 1082  1040 1081 1082  1041 1042 1083  1041 1082 1083  1042 1043 1084  1042 1083 1084  1043 1044 1085  1043 1084 1085  1044 1045 1086  1044 1085 1086  1045 1046 1087  1045 1086 1087  1046 1047 1088  1046 1087 1088  1047 1048 1089  1047 1088 1089  1048 1049 1090  1048 1089 1090  1049 1050 1091  1049 1090 1091  1050 1051 1092  1050 1091 1092  1051 1052 1093  1051 1092 1093  1052 1053 1094  1052 1093 1094  1053 1054 1095  1053 1094 1095  1054 1055 1096  1054 1095 1096  1055 1056 1097  1055 1096 1097  1056 1057 1098  1056 1097 1098  1057 1058 1099  1057 1098 1099  1058 1059 1100  1058 1099 1100  1059 1060 1101  1059 1100 1101  1060 1061 1102  1060 1101 1102  1061 1062 1103  1061 1102 1103  1062 1063 1104  1062 1103 1104  1063 1064 1105  1063 1104 1105  1064 1065 1106  1064 1105 1106  1066 1067 1108  1066 1107 1108  1067 1068 1109  1067 1108 1109  1068 1069 1110  1068 1109 1110  1069 1070 1111  1069 1110 1111  1070 1071 1112  1070 1111 1112  1071 1072 1113  1071 1112 1113  1072 1073 1114  1072 1113 1114  1073 1074 1115  1073 1114 1115  1074 1075 1116  1074 1115 1116  1075 1076 1117  1075 1116 1117  1076 1077 1118  1076 1117 1118  1077 1078 1119  1077 1118 1119  1078 1079 1120  1078 1119 1120  1079 1080 1121  1079 1120 1121  1080 1081 1122  1080 1121 1122  1081 1082 1123  1081 1122 1123  1082 1083 1124  1082 1123 1124  1083 1084 1125  1083 1124 1125  1084 1085 1126  1084 1125 1126  1085 1086 1127  1085 1126 1127  1086 1087 1128  1086 1127 1128  1087 1088 1129  1087 1128 1129  1088 1089 1130  1088 1129 1130  1089 1090 1131  1089 1130 1131  1090 1091 1132  1090 1131 1132  1091 1092 1133  1091 1132 1133  1092 1093 1134  1092 1133 1134  1093 1094 1135  1093 1134 1135  1094 1095 1136  1094 1135 1136  1095 1096 1137  1095 1136 1137  1096 1097 1138  1096 1137 1138  1097 1098 1139  1097 1138 1139  1098 1099 1140  1098 1139 1140  1099 1100 1141  1099 1140 1141  1100 1101 1142  1100 1141 1142  1101 1102 1143  1101 1142 1143  1102 1103 1144  1102 1143 1144  1103 1104 1145  1103 1144 1145  1104 1105 1146  1104 1145 1146  1105 1106 1147  1105 1146 1147  1107 1108 1149  1107 1148 1149  1108 1109 1150  1108 1149 1150  1109 1110 1151  1109 1150 1151  1110 1111 1152  1110 1151 1152  1111 1112 1153  1111 1152 1153  1112 1113 1154  1112 1153 1154  1113 1114 1155  1113 1154 1155  1114 1115 1156  1114 1155 1156  1115 1116 1157  1115 1156 1157  1116 1117 1158  1116 1157 1158  1117 1118 1159  1117 1158 1159  1118 1119 1160  1118 1159 1160  1119 1120 1161  1119 1160 1161  1120 1121 1162  1120 1161 1162  1121 1122 1163  1121 1162 1163  1122 1123 1164  1122 1163 1164  1123 1124 1165  1123 1164 1165  1124 1125 1166  1124 1165 1166  1125 1126 1167  1125 1166 1167  1126 1127 1168  1126 1167 1168  1127 1128 1169  1127 1168 1169  1128 1129 1170  1128 1169 1170  1129 1130 1171  1129 1170 1171  1130 1131 1172  1130 1171 1172  1131 1132 1173  1131 1172 1173  1132 1133 1174  1132 1173 1174  1133 1134 1175  1133 1174 1175  1134 1135 1176  1134 1175 1176  1135 1136 1177  1135 1176 1177  1136 1137 1178  1136 1177 1178  1137 1138 1179  1137 1178 1179  1138 1139 1180  1138 1179 1180  1139 1140 1181  1139 1180 1181  1140 1141 1182  1140 1181 1182  1141 1142 1183  1141 1182 1183  1142 1143 1184  1142 1183 1184  1143 1144 1185  1143 1184 1185  1144 1145 1186  1144 1185 1186  1145 1146 1187  1145 1186 1187  1146 1147 1188  1146 1187 1188  1148 1149 1190  1148 1189 1190  1149 1150 1191  1149 1190 1191  1150 1151 1192  1150 1191 1192  1151 1152 1193  1151 1192 1193  1152 1153 1194  1152 1193 1194  1153 1154 1195  1153 1194 1195  1154 1155 1196  1154 1195 1196  1155 1156 1197  1155 1196 1197  1156 1157 1198  1156 1197 1198  1157 1158 1199  1157 1198 1199  1158 1159 1200  1158 1199 1200  1159 1160 1201  1159 1200 1201  1160 1161 1202  1160 1201 1202  1161 1162 1203  1161 1202 1203  1162 1163 1204  1162 1203 1204  1163 1164 1205  1163 1204 1205  1164 1165 1206  1164 1205 1206  1165 1166 1207  1165 1206 1207  1166 1167 1208  1166 1207 1208  1167 1168 1209  1167 1208 1209  1168 1169 1210  1168 1209 1210  1169 1170 1211  1169 1210 1211  1170 1171 1212  1170 1211 1212  1171 1172 1213  1171 1212 1213  1172 1173 1214  1172 1213 1214  1173 1174 1215  1173 1214 1215  1174 1175 1216  1174 1215 1216  1175 1176 1217  1175 1216 1217  1176 1177 1218  1176 1217 1218  1177 1178 1219  1177 1218 1219  1178 1179 1220  1178 1219 1220  1179 1180 1221  1179 1220 1221  1180 1181 1222  1180 1221 1222  1181 1182 1223  1181 1222 1223  1182 1183 1224  1182 1223 1224  1183 1184 1225  1183 1224 1225  1184 1185 1226  1184 1225 1226  1185 1186 1227  1185 1226 1227  1186 1187 1228  1186 1227 1228  1187 1188 1229  1187 1228 1229  1189 1190 1231  1189 1230 1231  1190 1191 1232  1190 1231 1232  1191 1192 1233  1191 1232 1233  1192 1193 1234  1192 1233 1234  1193 1194 1235  1193 1234 1235  1194 1195 1236  1194 1235 1236  1195 1196 1237  1195 1236 1237  1196 1197 1238  1196 1237 1238  1197 1198 1239  1197 1238 1239  1198 1199 1240  1198 1239 1240  1199 1200 1241  1199 1240 1241  1200 1201 1242  1200 1241 1242  1201 1202 1243  1201 1242 1243  1202 1203 1244  1202 1243 1244  1203 1204 1245  1203 1244 1245  1204 1205 1246  1204 1245 1246  1205 1206 1247  1205 1246 1247  1206 1207 1248  1206 1247 1248  1207 1208 1249  1207 1248 1249  1208 1209 1250  1208 1249 1250  1209 1210 1251  1209 1250 1251  1210 1211 1252  1210 1251 1252  1211 1212 1253  1211 1252 1253  1212 1213 1254  1212 1253 1254  1213 1214 1255  1213 1254 1255  1214 1215 1256  1214 1255 1256  1215 1216 1257  1215 1256 1257  1216 1217 1258  1216 1257 1258  1217 1218 1259  1217 1258 1259  1218 1219 1260  1218 1259 1260  1219 1220 1261  1219 1260 1261  1220 1221 1262  1220 1261 1262  1221 1222 1263  1221 1262 1263  1222 1223 1264  1222 1263 1264  1223 1224 1265  1223 1264 1265  1224 1225 1266  1224 1265 1266  1225 1226 1267  1225 1266 1267  1226 1227 1268  1226 1267 1268  1227 1228 1269  1227 1268 1269  1228 1229 1270  1228 1269 1270  1230 1231 1272  1230 1271 1272  1231 1232 1273  1231 1272 1273  1232 1233 1274  1232 1273 1274  1233 1234 1275  1233 1274 1275  1234 1235 1276  1234 1275 1276  1235 1236 1277  1235 1276 1277  1236 1237 1278  1236 1277 1278  1237 1238 1279  1237 1278 1279  1238 1239 1280  1238 1279 1280  1239 1240 1281  1239 1280 1281  1240 1241 1282  1240 1281 1282  1241 1242 1283  1241 1282 1283  1242 1243 1284  1242 1283 1284  1243 1244 1285  1243 1284 1285  1244 1245 1286  1244 1285 1286  1245 1246 1287  1245 1286 1287  1246 1247 1288  1246 1287 1288  1247 1248 1289  1247 1288 1289  1248 1249 1290  1248 1289 1290  1249 1250 1291  1249 1290 1291  1250 1251 1292  1250 1291 1292  1251 1252 1293  1251 1292 1293  1252 1253 1294  1252 1293 1294  1253 1254 1295  1253 1294 1295  1254 1255 1296  1254 1295 1296  1255 1256 1297  1255 1296 1297  1256 1257 1298  1256 1297 1298  1257 1258 1299  1257 1298 1299  1258 1259 1300  1258 1299 1300  1259 1260 1301  1259 1300 1301  1260 1261 1302  1260 1301 1302  1261 1262 1303  1261 1302 1303  1262 1263 1304  1262 1303 1304  1263 1264 1305  1263 1304 1305  1264 1265 1306  1264 1305 1306  1265 1266 1307  1265 1306 1307  1266 1267 1308  1266 1307 1308  1267 1268 1309  1267 1308 1309  1268 1269 1310  1268 1309 1310  1269 1270 1311  1269 1310 1311  1271 1272 1313  1271 1312 1313  1272 1273 1314  1272 1313 1314  1273 1274 1315  1273 1314 1315  1274 1275 1316  1274 1315 1316  1275 1276 1317  1275 1316 1317  1276 1277 1318  1276 1317 1318  1277 1278 1319  1277 1318 1319  1278 1279 1320  1278 1319 1320  1279 1280 1321  1279 1320 1321  1280 1281 1322  1280 1321 1322  1281 1282 1323  1281 1322 1323  1282 1283 1324  1282 1323 1324  1283 1284 1325  1283 1324 1325  1284 1285 1326  1284 1325 1326  1285 1286 1327  1285 1326 1327  1286 1287 1328  1286 1327 1328  1287 1288 1329  1287 1328 1329  1288 1289 1330  1288 1329 1330  1289 1290 1331  1289 1330 1331  1290 1291 1332  1290 1331 1332  1291 1292 1333  1291 1332 1333  1292 1293 1334  1292 1333 1334  1293 1294 1335  1293 1334 1335  1294 1295 1336  1294 1335 1336  1295 1296 1337  1295 1336 1337  1296 1297 1338  1296 1337 1338  1297 1298 1339  1297 1338 1339  1298 1299 1340  1298 1339 1340  1299 1300 1341  1299 1340 1341  1300 1301 1342  1300 1341 1342  1301 1302 1343  1301 1342 1343  1302 1303 1344  1302 1343 1344  1303 1304 1345  1303 1344 1345  1304 1305 1346  1304 1345 1346  1305 1306 1347  1305 1346 1347  1306 1307 1348  1306 1347 1348  1307 1308 1349  1307 1348 1349  1308 1309 1350  1308 1349 1350  1309 1310 1351  1309 1350 1351  1310 1311 1352  1310 1351 1352  1312 1313 1354  1312 1353 1354  1313 1314 1355  1313 1354 1355  1314 1315 1356  1314 1355 1356  1315 1316 1357  1315 1356 1357  1316 1317 1358  1316 1357 1358  1317 1318 1359  1317 1358 1359  1318 1319 1360  1318 1359 1360  1319 1320 1361  1319 1360 1361  1320 1321 1362  1320 1361 1362  1321 1322 1363  1321 1362 1363  1322 1323 1364  1322 1363 1364  1323 1324 1365  1323 1364 1365  1324 1325 1366  1324 1365 1366  1325 1326 1367  1325 1366 1367  1326 1327 1368  1326 1367 1368  1327 1328 1369  1327 1368 1369  1328 1329 1370  1328 1369 1370  1329 1330 1371  1329 1370 1371  1330 1331 1372  1330 1371 1372  1331 1332 1373  1331 1372 1373  1332 1333 1374  1332 1373 1374  1333 1334 1375  1333 1374 1375  1334 1335 1376  1334 1375 1376  1335 1336 1377  1335 1376 1377  1336 1337 1378  1336 1377 1378  1337 1338 1379  1337 1378 1379  1338 1339 1380  1338 1379 1380  1339 1340 1381  1339 1380 1381  1340 1341 1382  1340 1381 1382  1341 1342 1383  1341 1382 1383  1342 1343 1384  1342 1383 1384  1343 1344 1385  1343 1384 1385  1344 1345 1386  1344 1385 1386  1345 1346 1387  1345 1386 1387  1346 1347 1388  1346 1387 1388  1347 1348 1389  1347 1388 1389  1348 1349 1390  1348 1389 1390  1349 1350 1391  1349 1390 1391  1350 1351 1392  1350 1391 1392  1351 1352 1393  1351 1392 1393  1353 1354 1395  1353 1394 1395  1354 1355 1396  1354 1395 1396  1355 1356 1397  1355 1396 1397  1356 1357 1398  1356 1397 1398  1357 1358 1399  1357 1398 1399  1358 1359 1400  1358 1399 1400  1359 1360 1401  1359 1400 1401  1360 1361 1402  1360 1401 1402  1361 1362 1403  1361 1402 1403  1362 1363 1404  1362 1403 1404  1363 1364 1405  1363 1404 1405  1364 1365 1406  1364 1405 1406  1365 1366 1407  1365 1406 1407  1366 1367 1408  1366 1407 1408  1367 1368 1409  1367 1408 1409  1368 1369 1410  1368 1409 1410  1369 1370 1411  1369 1410 1411  1370 1371 1412  1370 1411 1412  1371 1372 1413  1371 1412 1413  1372 1373 1414  1372 1413 1414  1373 1374 1415  1373 1414 1415  1374 1375 1416  1374 1415 1416  1375 1376 1417  1375 1416 1417  1376 1377 1418  1376 1417 1418  1377 1378 1419  1377 1418 1419  1378 1379 1420  1378 1419 1420  1379 1380 1421  1379 1420 1421  1380 1381 1422  1380 1421 1422  1381 1382 1423  1381 1422 1423  1382 1383 1424  1382 1423 1424  1383 1384 1425  1383 1424 1425  1384 1385 1426  1384 1425 1426  1385 1386 1427  1385 1426 1427  1386 1387 1428  1386 1427 1428  1387 1388 1429  1387 1428 1429  1388 1389 1430  1388 1429 1430  1389 1390 1431  1389 1430 1431  1390 1391 1432  1390 1431 1432  1391 1392 1433  1391 1432 1433  1392 1393 1434  1392 1433 1434  1394 1395 1436  1394 1435 1436  1395 1396 1437  1395 1436 1437  1396 1397 1438  1396 1437 1438  1397 1398 1439  1397 1438 1439  1398 1399 1440  1398 1439 1440  1399 1400 1441  1399 1440 1441  1400 1401 1442  1400 1441 1442  1401 1402 1443  1401 1442 1443  1402 1403 1444  1402 1443 1444  1403 1404 1445  1403 1444 1445  1404 1405 1446  1404 1445 1446  1405 1406 1447  1405 1446 1447  1406 1407 1448  1406 1447 1448  1407 1408 1449  1407 1448 1449  1408 1409 1450  1408 1449 1450  1409 1410 1451  1409 1450 1451  1410 1411 1452  1410 1451 1452  1411 1412 1453  1411 1452 1453  1412 1413 1454  1412 1453 1454  1413 1414 1455  1413 1454 1455  1414 1415 1456  1414 1455 1456  1415 1416 1457  1415 1456 1457  1416 1417 1458  1416 1457 1458  1417 1418 1459  1417 1458 1459  1418 1419 1460  1418 1459 1460  1419 1420 1461  1419 1460 1461  1420 1421 1462  1420 1461 1462  1421 1422 1463  1421 1462 1463  1422 1423 1464  1422 1463 1464  1423 1424 1465  1423 1464 1465  1424 1425 1466  1424 1465 1466  1425 1426 1467  1425 1466 1467  1426 1427 1468  1426 1467 1468  1427 1428 1469  1427 1468 1469  1428 1429 1470  1428 1469 1470  1429 1430 1471  1429 1470 1471  1430 1431 1472  1430 1471 1472  1431 1432 1473  1431 1472 1473  1432 1433 1474  1432 1473 1474  1433 1434 1475  1433 1474 1475  1435 1436 1477  1435 1476 1477  1436 1437 1478  1436 1477 1478  1437 1438 1479  1437 1478 1479  1438 1439 1480  1438 1479 1480  1439 1440 1481  1439 1480 1481  1440 1441 1482  1440 1481 1482  1441 1442 1483  1441 1482 1483  1442 1443 1484  1442 1483 1484  1443 1444 1485  1443 1484 1485  1444 1445 1486  1444 1485 1486  1445 1446 1487  1445 1486 1487  1446 1447 1488  1446 1487 1488  1447 1448 1489  1447 1488 1489  1448 1449 1490  1448 1489 1490  1449 1450 1491  1449 1490 1491  1450 1451 1492  1450 1491 1492  1451 1452 1493  1451 1492 1493  1452 1453 1494  1452 1493 1494  1453 1454 1495  1453 1494 1495  1454 1455 1496  1454 1495 1496  1455 1456 1497  1455 1496 1497  1456 1457 1498  1456 1497 1498  1457 1458 1499  1457 1498 1499  1458 1459 1500  1458 1499 1500  1459 1460 1501  1459 1500 1501  1460 1461 1502  1460 1501 1502  1461 1462 1503  1461 1502 1503  1462 1463 1504  1462 1503 1504  1463 1464 1505  1463 1504 1505  1464 1465 1506  1464 1505 1506  1465 1466 1507  1465 1506 1507  1466 1467 1508  1466 1507 1508  1467 1468 1509  1467 1508 1509  1468 1469 1510  1468 1509 1510  1469 1470 1511  1469 1510 1511  1470 1471 1512  1470 1511 1512  1471 1472 1513  1471 1512 1513  1472 1473 1514  1472 1513 1514  1473 1474 1515  1473 1514 1515  1474 1475 1516  1474 1515 1516  1476 1477 1518  1476 1517 1518  1477 1478 1519  1477 1518 1519  1478 1479 1520  1478 1519 1520  1479 1480 1521  1479 1520 1521  1480 1481 1522  1480 1521 1522  1481 1482 1523  1481 1522 1523  1482 1483 1524  1482 1523 1524  1483 1484 1525  1483 1524 1525  1484 1485 1526  1484 1525 1526  1485 1486 1527  1485 1526 1527  1486 1487 1528  1486 1527 1528  1487 1488 1529  1487 1528 1529  1488 1489 1530  1488 1529 1530  1489 1490 1531  1489 1530 1531  1490 1491 1532  1490 1531 1532  1491 1492 1533  1491 1532 1533  1492 1493 1534  1492 1533 1534  1493 1494 1535  1493 1534 1535  1494 1495 1536  1494 1535 1536  1495 1496 1537  1495 1536 1537  1496 1497 1538  1496 1537 1538  1497 1498 1539  1497 1538 1539  1498 1499 1540  1498 1539 1540  1499 1500 1541  1499 1540 1541  1500 1501 1542  1500 1541 1542  1501 1502 1543  1501 1542 1543  1502 1503 1544  1502 1543 1544  1503 1504 1545  1503 1544 1545  1504 1505 1546  1504 1545 1546  1505 1506 1547  1505 1546 1547  1506 1507 1548  1506 1547 1548  1507 1508 1549  1507 1548 1549  1508 1509 1550  1508 1549 1550  1509 1510 1551  1509 1550 1551  1510 1511 1552  1510 1551 1552  1511 1512 1553  1511 1552 1553  1512 1513 1554  1512 1553 1554  1513 1514 1555  1513 1554 1555  1514 1515 1556  1514 1555 1556  1515 1516 1557  1515 1556 1557  1517 1518 1559  1517 1558 1559  1518 1519 1560  1518 1559 1560  1519 1520 1561  1519 1560 1561  1520 1521 1562  1520 1561 1562  1521 1522 1563  1521 1562 1563  1522 1523 1564  1522 1563 1564  1523 1524 1565  1523 1564 1565  1524 1525 1566  1524 1565 1566  1525 1526 1567  1525 1566 1567  1526 1527 1568  1526 1567 1568  1527 1528 1569  1527 1568 1569  1528 1529 1570  1528 1569 1570  1529 1530 1571  1529 1570 1571  1530 1531 1572  1530 1571 1572  1531 1532 1573  1531 1572 1573  1532 1533 1574  1532 1573 1574  1533 1534 1575  1533 1574 1575  1534 1535 1576  1534 1575 1576  1535 1536 1577  1535 1576 1577  1536 1537 1578  1536 1577 1578  1537 1538 1579  1537 1578 1579  1538 1539 1580  1538 1579 1580  1539 1540 1581  1539 1580 1581  1540 1541 1582  1540 1581 1582  1541 1542 1583  1541 1582 1583  1542 1543 1584  1542 1583 1584  1543 1544 1585  1543 1584 1585  1544 1545 1586  1544 1585 1586  1545 1546 1587  1545 1586 1587  1546 1547 1588  1546 1587 1588  1547 1548 1589  1547 1588 1589  1548 1549 1590  1548 1589 1590  1549 1550 1591  1549 1590 1591  1550 1551 1592  1550 1591 1592  1551 1552 1593  1551 1592 1593  1552 1553 1594  1552 1593 1594  1553 1554 1595  1553 1594 1595  1554 1555 1596  1554 1595 1596  1555 1556 1597  1555 1596 1597  1556 1557 1598  1556 1597 1598  1558 1559 1600  1558 1599 1600  1559 1560 1601  1559 1600 1601  1560 1561 1602  1560 1601 1602  1561 1562 1603  1561 1602 1603  1562 1563 1604  1562 1603 1604  1563 1564 1605  1563 1604 1605  1564 1565 1606  1564 1605 1606  1565 1566 1607  1565 1606 1607  1566 1567 1608  1566 1607 1608  1567 1568 1609  1567 1608 1609  1568 1569 1610  1568 1609 1610  1569 1570 1611  1569 1610 1611  1570 1571 1612  1570 1611 1612  1571 1572 1613  1571 1612 1613  1572 1573 1614  1572 1613 1614  1573 1574 1615  1573 1614 1615  1574 1575 1616  1574 1615 1616  1575 1576 1617  1575 1616 1617  1576 1577 1618  1576 1617 1618  1577 1578 1619  1577 1618 1619  1578 1579 1620  1578 1619 1620  1579 1580 1621  1579 1620 1621  1580 1581 1622  1580 1621 1622  1581 1582 1623  1581 1622 1623  1582 1583 1624  1582 1623 1624  1583 1584 1625  1583 1624 1625  1584 1585 1626  1584 1625 1626  1585 1586 1627  1585 1626 1627  1586 1587 1628  1586 1627 1628  1587 1588 1629  1587 1628 1629  1588 1589 1630  1588 1629 1630  1589 1590 1631  1589 1630 1631  1590 1591 1632  1590 1631 1632  1591 1592 1633  1591 1632 1633  1592 1593 1634  1592 1633 1634  1593 1594 1635  1593 1634 1635  1594 1595 1636  1594 1635 1636  1595 1596 1637  1595 1636 1637  1596 1597 1638  1596 1637 1638  1597 1598 1639  1597 1638 1639  1599 1600 1641  1599 1640 1641  1600 1601 1642  1600 1641 1642  1601 1602 1643  1601 1642 1643  1602 1603 1644  1602 1643 1644  1603 1604 1645  1603 1644 1645  1604 1605 1646  1604 1645 1646  1605 1606 1647  1605 1646 1647  1606 1607 1648  1606 1647 1648  1607 1608 1649  1607 1648 1649  1608 1609 1650  1608 1649 1650  1609 1610 1651  1609 1650 1651  1610 1611 1652  1610 1651 1652  1611 1612 1653  1611 1652 1653  1612 1613 1654  1612 1653 1654  1613 1614 1655  1613 1654 1655  1614 1615 1656  1614 1655 1656  1615 1616 1657  1615 1656 1657  1616 1617 1658  1616 1657 1658  1617 1618 1659  1617 1658 1659  1618 1619 1660  1618 1659 1660  1619 1620 1661  1619 1660 1661  1620 1621 1662  1620 1661 1662  1621 1622 1663  1621 1662 1663  1622 1623 1664  1622 1663 1664  1623 1624 1665  1623 1664 1665  1624 1625 1666  1624 1665 1666  1625 1626 1667  1625 1666 1667  1626 1627 1668  1626 1667 1668  1627 1628 1669  1627 1668 1669  1628 1629 1670  1628 1669 1670  1629 1630 1671  1629 1670 1671  1630 1631 1672  1630 1671 1672  1631 1632 1673  1631 1672 1673  1632 1633 1674  1632 1673 1674  1633 1634 1675  1633 1674 1675  1634 1635 1676  1634 1675 1676  1635 1636 1677  1635 1676 1677  1636 1637 1678  1636 1677 1678  1637 1638 1679  1637 1678 1679  1638 1639 1680  1638 1679 1680  </DataArray>
<DataArray  type="UInt32"  Name="offsets"  format="ascii">3 6 9 12 15 18 21 24 27 30 33 36 39 42 45 48 51 54 57 60 63 66 69 72 75 78 81 84 87 90 93 96 99 102 105 108 111 114 117 120 123 126 129 132 135 138 141 144 147 150 153 156 159 162 165 168 171 174 177 180 183 186 189 192 195 198 201 204 207 210 213 216 219 222 225 228 231 234 237 240 243 246 249 252 255 258 261 264 267 270 273 276 279 282 285 288 291 294 297 300 303 306 309 312 315 318 321 324 327 330 333 336 339 342 345 348 351 354 357 360 363 366 369 372 375 378 381 384 387 390 393 396 399 402 405 408 411 414 417 420 423 426 429 432 435 438 441 444 447 450 453 456 459 462 465 468 471 474 477 480 483 486 489 492 495 498 501 504 507 510 513 516 519 522 525 528 531 534 537 540 543 546 549 552 555 558 561 564 567 570 573 576 579 582 585 588 591 594 597 600 603 606 609 612 615 618 621 624 627 630 633 636 639 642 645 648 651 654 657 660 663 666 669 672 675 678 681 684 687 690 693 696 699 702 705 708 711 714 717 720 723 726 729 732 735 738 741 744 747 750 753 756 759 762 765 768 771 774 777 780 783 786 789 792 795 798 801 804 807 810 813 816 819 822 825 828 831 834 837 840 843 846 849 852 855 858 861 864 867 870 873 876 879 882 885 888 891 894 897 900 903 906 909 912 915 918 921 924 927 930 933 936 939 942 945 948 951 954 957 960 963 966 969 972 975 978 981 984 987 990 993 996 999 1002 1005 1008 1011 1014 1017 1020 1023 1026 1029 1032 1035 1038 1041 1044 1047 1050 1053 1056 1059 1062 1065 1068 1071 1074 1077 1080 1083 1086 1089 1092 1095 1098 1101 1104 1107 1110 1113 1116 1119 1122 1125 1128 1131 1134 1137 1140 1143 1146 1149 1152 1155 1158 1161 1164 1167 1170 1173 1176 1179 1182 1185 1188 1191 1194 1197 1200 1203 1206 1209 1212 1215 1218 1221 1224 1227 1230 1233 1236 1239 1242 1245 1248 1251 1254 1257 1260 1263 1266 1269 1272 1275 1278 1281 1284 1287 1290 1293 1296 1299 1302 1305 1308 1311 1314 1317 1320 1323 1326 1329 1332 1335 1338 1341 1344 1347 1350 1353 1356 1359 1362 1365 1368 1371 1374 1377 1380 1383 1386 1389 1392 1395 1398 1401 1404 1407 1410 1413 1416 1419 1422 1425 1428 1431 1434 1437 1440 1443 1446 1449 1452 1455 1458 1461 1464 1467 1470 1473 1476 1479 1482 1485 1488 1491 1494 1497 1500 1503 1506 1509 1512 1515 1518 1521 1524 1527 1530 1533 1536 1539 1542 1545 1548 1551 1554 1557 1560 1563 1566 1569 1572 1575 1578 1581 1584 1587 1590 1593 1596 1599 1602 1605 1608 1611 1614 1617 1620 1623 1626 1629 1632 1635 1638 1641 1644 1647 1650 1653 1656 1659 1662 1665 1668 1671 1674 1677 1680 1683 1686 1689 1692 1695 1698 1701 1704 1707 1710 1713 1716 1719 1722 1725 1728 1731 1734 1737 1740 1743 1746 1749 1752 1755 1758 1761 1764 1767 1770 1773 1776 1779 1782 1785 1788 1791 1794 1797 1800 1803 1806 1809 1812 1815 1818 1821 1824 1827 1830 1833 1836 1839 1842 1845 1848 1851 1854 1857 1860 1863 1866 1869 1872 1875 1878 1881 1884 1887 1890 1893 1896 1899 1902 1905 1908 1911 1914 1917 1920 1923 1926 1929 1932 1935 1938 1941 1944 1947 1950 1953 1956 1959 1962 1965 1968 1971 1974 1977 1980 1983 1986 1989 1992 1995 1998 2001 2004 2007 2010 2013 2016 2019 2022 2025 2028 2031 2034 2037 2040 2043 2046 2049 2052 2055 2058 2061 2064 2067 2070 2073 2076 2079 2082 2085 2088 2091 2094 2097 2100 2103 2106 2109 2112 2115 2118 2121 2124 2127 2130 2133 2136 2139 2142 2145 2148 2151 2154 2157 2160 2163 2166 2169 2172 2175 2178 2181 2184 2187 2190 2193 2196 2199 2202 2205 2208 2211 2214 2217 2220 2223 2226 2229 2232 2235 2238 2241 2244 2247 2250 2253 2256 2259 2262 2265 2268 2271 2274 2277 2280 2283 2286 2289 2292 2295 2298 2301 2304 2307 2310 2313 2316 2319 2322 2325 2328 2331 2334 2337 2340 2343 2346 2349 2352 2355 2358 2361 2364 2367 2370 2373 2376 2379 2382 2385 2388 2391 2394 2397 2400 2403 2406 2409 2412 2415 2418 2421 2424 2427 2430 2433 2436 2439 2442 2445 2448 2451 2454 2457 2460 2463 2466 2469 2472 2475 2478 2481 2484 2487 2490 2493 2496 2499 2502 2505 2508 2511 2514 2517 2520 2523 2526 2529 2532 2535 2538 2541 2544 2547 2550 2553 2556 2559 2562 2565 2568 2571 2574 2577 2580 2583 2586 2589 2592 2595 2598 2601 2604 2607 2610 2613 2616 2619 2622 2625 2628 2631 2634 2637 2640 2643 2646 2649 2652 2655 2658 2661 2664 2667 2670 2673 2676 2679 2682 2685 2688 2691 2694 2697 2700 2703 2706 2709 2712 2715 2718 2721 2724 2727 2730 2733 2736 2739 2742 2745 2748 2751 2754 2757 2760 2763 2766 2769 2772 2775 2778 2781 2784 2787 2790 2793 2796 2799 2802 2805 2808 2811 2814 2817 2820 2823 2826 2829 2832 2835 2838 2841 2844 2847 2850 2853 2856 2859 2862 2865 2868 2871 2874 2877 2880 2883 2886 2889 2892 2895 2898 2901 2904 2907 2910 2913 2916 2919 2922 2925 2928 2931 2934 2937 2940 2943 2946 2949 2952 2955 2958 2961 2964 2967 2970 2973 2976 2979 2982 2985 2988 2991 2994 2997 3000 3003 3006 3009 3012 3015 3018 3021 3024 3027 3030 3033 3036 3039 3042 3045 3048 3051 3054 3057 3060 3063 3066 3069 3072 3075 3078 3081 3084 3087 3090 3093 3096 3099 3102 3105 3108 3111 3114 3117 3120 3123 3126 3129 3132 3135 3138 3141 3144 3147 3150 3153 3156 3159 3162 3165 3168 3171 3174 3177 3180 3183 3186 3189 3192 3195 3198 3201 3204 3207 3210 3213 3216 3219 3222 3225 3228 3231 3234 3237 3240 3243 3246 3249 3252 3255 3258 3261 3264 3267 3270 3273 3276 3279 3282 3285 3288 3291 3294 3297 3300 3303 3306 3309 3312 3315 3318 3321 3324 3327 3330 3333 3336 3339 3342 3345 3348 3351 3354 3357 3360 3363 3366 3369 3372 3375 3378 3381 3384 3387 3390 3393 3396 3399 3402 3405 3408 3411 3414 3417 3420 3423 3426 3429 3432 3435 3438 3441 3444 3447 3450 3453 3456 3459 3462 3465 3468 3471 3474 3477 3480 3483 3486 3489 3492 3495 3498 3501 3504 3507 3510 3513 3516 3519 3522 3525 3528 3531 3534 3537 3540 3543 3546 3549 3552 3555 3558 3561 3564 3567 3570 3573 3576 3579 3582 3585 3588 3591 3594 3597 3600 3603 3606 3609 3612 3615 3618 3621 3624 3627 3630 3633 3636 3639 3642 3645 3648 3651 3654 3657 3660 3663 3666 3669 3672 3675 3678 3681 3684 3687 3690 3693 3696 3699 3702 3705 3708 3711 3714 3717 3720 3723 3726 3729 3732 3735 3738 3741 3744 3747 3750 3753 3756 3759 3762 3765 3768 3771 3774 3777 3780 3783 3786 3789 3792 3795 3798 3801 3804 3807 3810 3813 3816 3819 3822 3825 3828 3831 3834 3837 3840 3843 3846 3849 3852 3855 3858 3861 3864 3867 3870 3873 3876 3879 3882 3885 3888 3891 3894 3897 3900 3903 3906 3909 3912 3915 3918 3921 3924 3927 3930 3933 3936 3939 3942 3945 3948 3951 3954 3957 3960 3963 3966 3969 3972 3975 3978 3981 3984 3987 3990 3993 3996 3999 4002 4005 4008 4011 4014 4017 4020 4023 4026 4029 4032 4035 4038 4041 4044 4047 4050 4053 4056 4059 4062 4065 4068 4071 4074 4077 4080 4083 4086 4089 4092 4095 4098 4101 4104 4107 4110 4113 4116 4119 4122 4125 4128 4131 4134 4137 4140 4143 4146 4149 4152 4155 4158 4161 4164 4167 4170 4173 4176 4179 4182 4185 4188 4191 4194 4197 4200 4203 4206 4209 4212 4215 4218 4221 4224 4227 4230 4233 4236 4239 4242 4245 4248 4251 4254 4257 4260 4263 4266 4269 4272 4275 4278 4281 4284 4287 4290 4293 4296 4299 4302 4305 4308 4311 4314 4317 4320 4323 4326 4329 4332 4335 4338 4341 4344 4347 4350 4353 4356 4359 4362 4365 4368 4371 4374 4377 4380 4383 4386 4389 4392 4395 4398 4401 4404 4407 4410 4413 4416 4419 4422 4425 4428 4431 4434 4437 4440 4443 4446 4449 4452 4455 4458 4461 4464 4467 4470 4473 4476 4479 4482 4485 4488 4491 4494 4497 4500 4503 4506 4509 4512 4515 4518 4521 4524 4527 4530 4533 4536 4539 4542 4545 4548 4551 4554 4557 4560 4563 4566 4569 4572 4575 4578 4581 4584 4587 4590 4593 4596 4599 4602 4605 4608 4611 4614 4617 4620 4623 4626 4629 4632 4635 4638 4641 4644 4647 4650 4653 4656 4659 4662 4665 4668 4671 4674 4677 4680 4683 4686 4689 4692 4695 4698 4701 4704 4707 4710 4713 4716 4719 4722 4725 4728 4731 4734 4737 4740 4743 4746 4749 4752 4755 4758 4761 4764 4767 4770 4773 4776 4779 4782 4785 4788 4791 4794 4797 4800 4803 4806 4809 4812 4815 4818 4821 4824 4827 4830 4833 4836 4839 4842 4845 4848 4851 4854 4857 4860 4863 4866 4869 4872 4875 4878 4881 4884 4887 4890 4893 4896 4899 4902 4905 4908 4911 4914 4917 4920 4923 4926 4929 4932 4935 4938 4941 4944 4947 4950 4953 4956 4959 4962 4965 4968 4971 4974 4977 4980 4983 4986 4989 4992 4995 4998 5001 5004 5007 5010 5013 5016 5019 5022 5025 5028 5031 5034 5037 5040 5043 5046 5049 5052 5055 5058 5061 5064 5067 5070 5073 5076 5079 5082 5085 5088 5091 5094 5097 5100 5103 5106 5109 5112 5115 5118 5121 5124 5127 5130 5133 5136 5139 5142 5145 5148 5151 5154 5157 5160 5163 5166 5169 5172 5175 5178 5181 5184 5187 5190 5193 5196 5199 5202 5205 5208 5211 5214 5217 5220 5223 5226 5229 5232 5235 5238 5241 5244 5247 5250 5253 5256 5259 5262 5265 5268 5271 5274 5277 5280 5283 5286 5289 5292 5295 5298 5301 5304 5307 5310 5313 5316 5319 5322 5325 5328 5331 5334 5337 5340 5343 5346 5349 5352 5355 5358 5361 5364 5367 5370 5373 5376 5379 5382 5385 5388 5391 5394 5397 5400 5403 5406 5409 5412 5415 5418 5421 5424 5427 5430 5433 5436 5439 5442 5445 5448 5451 5454 5457 5460 5463 5466 5469 5472 5475 5478 5481 5484 5487 5490 5493 5496 5499 5502 5505 5508 5511 5514 5517 5520 5523 5526 5529 5532 5535 5538 5541 5544 5547 5550 5553 5556 5559 5562 5565 5568 5571 5574 5577 5580 5583 5586 5589 5592 5595 5598 5601 5604 5607 5610 5613 5616 5619 5622 5625 5628 5631 5634 5637 5640 5643 5646 5649 5652 5655 5658 5661 5664 5667 5670 5673 5676 5679 5682 5685 5688 5691 5694 5697 5700 5703 5706 5709 5712 5715 5718 5721 5724 5727 5730 5733 5736 5739 5742 5745 5748 5751 5754 5757 5760 5763 5766 5769 5772 5775 5778 5781 5784 5787 5790 5793 5796 5799 5802 5805 5808 5811 5814 5817 5820 5823 5826 5829 5832 5835 5838 5841 5844 5847 5850 5853 5856 5859 5862 5865 5868 5871 5874 5877 5880 5883 5886 5889 5892 5895 5898 5901 5904 5907 5910 5913 5916 5919 5922 5925 5928 5931 5934 5937 5940 5943 5946 5949 5952 5955 5958 5961 5964 5967 5970 5973 5976 5979 5982 5985 5988 5991 5994 5997 6000 6003 6006 6009 6012 6015 6018 6021 6024 6027 6030 6033 6036 6039 6042 6045 6048 6051 6054 6057 6060 6063 6066 6069 6072 6075 6078 6081 6084 6087 6090 6093 6096 6099 6102 6105 6108 6111 6114 6117 6120 6123 6126 6129 6132 6135 6138 6141 6144 6147 6150 6153 6156 6159 6162 6165 6168 6171 6174 6177 6180 6183 6186 6189 6192 6195 6198 6201 6204 6207 6210 6213 6216 6219 6222 6225 6228 6231 6234 6237 6240 6243 6246 6249 6252 6255 6258 6261 6264 6267 6270 6273 6276 6279 6282 6285 6288 6291 6294 6297 6300 6303 6306 6309 6312 6315 6318 6321 6324 6327 6330 6333 6336 6339 6342 6345 6348 6351 6354 6357 6360 6363 6366 6369 6372 6375 6378 6381 6384 6387 6390 6393 6396 6399 6402 6405 6408 6411 6414 6417 6420 6423 6426 6429 6432 6435 6438 6441 6444 6447 6450 6453 6456 6459 6462 6465 6468 6471 6474 6477 6480 6483 6486 6489 6492 6495 6498 6501 6504 6507 6510 6513 6516 6519 6522 6525 6528 6531 6534 6537 6540 6543 6546 6549 6552 6555 6558 6561 6564 6567 6570 6573 6576 6579 6582 6585 6588 6591 6594 6597 6600 6603 6606 6609 6612 6615 6618 6621 6624 6627 6630 6633 6636 6639 6642 6645 6648 6651 6654 6657 6660 6663 6666 6669 6672 6675 6678 6681 6684 6687 6690 6693 6696 6699 6702 6705 6708 6711 6714 6717 6720 6723 6726 6729 6732 6735 6738 6741 6744 6747 6750 6753 6756 6759 6762 6765 6768 6771 6774 6777 6780 6783 6786 6789 6792 6795 6798 6801 6804 6807 6810 6813 6816 6819 6822 6825 6828 6831 6834 6837 6840 6843 6846 6849 6852 6855 6858 6861 6864 6867 6870 6873 6876 6879 6882 6885 6888 6891 6894 6897 6900 6903 6906 6909 6912 6915 6918 6921 6924 6927 6930 6933 6936 6939 6942 6945 6948 6951 6954 6957 6960 6963 6966 6969 6972 6975 6978 6981 6984 6987 6990 6993 6996 6999 7002 7005 7008 7011 7014 7017 7020 7023 7026 7029 7032 7035 7038 7041 7044 7047 7050 7053 7056 7059 7062 7065 7068 7071 7074 7077 7080 7083 7086 7089 7092 7095 7098 7101 7104 7107 7110 7113 7116 7119 7122 7125 7128 7131 7134 7137 7140 7143 7146 7149 7152 7155 7158 7161 7164 7167 7170 7173 7176 7179 7182 7185 7188 7191 7194 7197 7200 7203 7206 7209 7212 7215 7218 7221 7224 7227 7230 7233 7236 7239 7242 7245 7248 7251 7254 7257 7260 7263 7266 7269 7272 7275 7278 7281 7284 7287 7290 7293 7296 7299 7302 7305 7308 7311 7314 7317 7320 7323 7326 7329 7332 7335 7338 7341 7344 7347 7350 7353 7356 7359 7362 7365 7368 7371 7374 7377 7380 7383 7386 7389 7392 7395 7398 7401 7404 7407 7410 7413 7416 7419 7422 7425 7428 7431 7434 7437 7440 7443 7446 7449 7452 7455 7458 7461 7464 7467 7470 7473 7476 7479 7482 7485 7488 7491 7494 7497 7500 7503 7506 7509 7512 7515 7518 7521 7524 7527 7530 7533 7536 7539 7542 7545 7548 7551 7554 7557 7560 7563 7566 7569 7572 7575 7578 7581 7584 7587 7590 7593 7596 7599 7602 7605 7608 7611 7614 7617 7620 7623 7626 7629 7632 7635 7638 7641 7644 7647 7650 7653 7656 7659 7662 7665 7668 7671 7674 7677 7680 7683 7686 7689 7692 7695 7698 7701 7704 7707 7710 7713 7716 7719 7722 7725 7728 7731 7734 7737 7740 7743 7746 7749 7752 7755 7758 7761 7764 7767 7770 7773 7776 7779 7782 7785 7788 7791 7794 7797 7800 7803 7806 7809 7812 7815 7818 7821 7824 7827 7830 7833 7836 7839 7842 7845 7848 7851 7854 7857 7860 7863 7866 7869 7872 7875 7878 7881 7884 7887 7890 7893 7896 7899 7902 7905 7908 7911 7914 7917 7920 7923 7926 7929 7932 7935 7938 7941 7944 7947 7950 7953 7956 7959 7962 7965 7968 7971 7974 7977 7980 7983 7986 7989 7992 7995 7998 8001 8004 8007 8010 8013 8016 8019 8022 8025 8028 8031 8034 8037 8040 8043 8046 8049 8052 8055 8058 8061 8064 8067 8070 8073 8076 8079 8082 8085 8088 8091 8094 8097 8100 8103 8106 8109 8112 8115 8118 8121 8124 8127 8130 8133 8136 8139 8142 8145 8148 8151 8154 8157 8160 8163 8166 8169 8172 8175 8178 8181 8184 8187 8190 8193 8196 8199 8202 8205 8208 8211 8214 8217 8220 8223 8226 8229 8232 8235 8238 8241 8244 8247 8250 8253 8256 8259 8262 8265 8268 8271 8274 8277 8280 8283 8286 8289 8292 8295 8298 8301 8304 8307 8310 8313 8316 8319 8322 8325 8328 8331 8334 8337 8340 8343 8346 8349 8352 8355 8358 8361 8364 8367 8370 8373 8376 8379 8382 8385 8388 8391 8394 8397 8400 8403 8406 8409 8412 8415 8418 8421 8424 8427 8430 8433 8436 8439 8442 8445 8448 8451 8454 8457 8460 8463 8466 8469 8472 8475 8478 8481 8484 8487 8490 8493 8496 8499 8502 8505 8508 8511 8514 8517 8520 8523 8526 8529 8532 8535 8538 8541 8544 8547 8550 8553 8556 8559 8562 8565 8568 8571 8574 8577 8580 8583 8586 8589 8592 8595 8598 8601 8604 8607 8610 8613 8616 8619 8622 8625 8628 8631 8634 8637 8640 8643 8646 8649 8652 8655 8658 8661 8664 8667 8670 8673 8676 8679 8682 8685 8688 8691 8694 8697 8700 8703 8706 8709 8712 8715 8718 8721 8724 8727 8730 8733 8736 8739 8742 8745 8748 8751 8754 8757 8760 8763 8766 8769 8772 8775 8778 8781 8784 8787 8790 8793 8796 8799 8802 8805 8808 8811 8814 8817 8820 8823 8826 8829 8832 8835 8838 8841 8844 8847 8850 8853 8856 8859 8862 8865 8868 8871 8874 8877 8880 8883 8886 8889 8892 8895 8898 8901 8904 8907 8910 8913 8916 8919 8922 8925 8928 8931 8934 8937 8940 8943 8946 8949 8952 8955 8958 8961 8964 8967 8970 8973 8976 8979 8982 8985 8988 8991 8994 8997 9000 9003 9006 9009 9012 9015 9018 9021 9024 9027 9030 9033 9036 9039 9042 9045 9048 9051 9054 9057 9060 9063 9066 9069 9072 9075 9078 9081 9084 9087 9090 9093 9096 9099 9102 9105 9108 9111 9114 9117 9120 9123 9126 9129 9132 9135 9138 9141 9144 9147 9150 9153 9156 9159 9162 9165 9168 9171 9174 9177 9180 9183 9186 9189 9192 9195 9198 9201 9204 9207 9210 9213 9216 9219 9222 9225 9228 9231 9234 9237 9240 9243 9246 9249 9252 9255 9258 9261 9264 9267 9270 9273 9276 9279 9282 9285 9288 9291 9294 9297 9300 9303 9306 9309 9312 9315 9318 9321 9324 9327 9330 9333 9336 9339 9342 9345 9348 9351 9354 9357 9360 9363 9366 9369 9372 9375 9378 9381 9384 9387 9390 9393 9396 9399 9402 9405 9408 9411 9414 9417 9420 9423 9426 9429 9432 9435 9438 9441 9444 9447 9450 9453 9456 9459 9462 9465 9468 9471 9474 9477 9480 9483 9486 9489 9492 9495 9498 9501 9504 9507 9510 9513 9516 9519 9522 9525 9528 9531 9534 9537 9540 9543 9546 9549 9552 9555 9558 9561 9564 9567 9570 9573 9576 9579 9582 9585 9588 9591 9594 9597 9600 </DataArray>
<DataArray  type="UInt8"  Name="types"  format="ascii">5 5 5 5 5 5 5 5 5 5 5 5 5 5 5 5 5 5 5 5 5 5 5 5 5 5 5 5 5 5 5 5 5 5 5 5 5 5 5 5 5 5 5 5 5 5 5 5 5 5 5 5 5 5 5 5 5 5 5 5 5 5 5 5 5 5 5 5 5 5 5 5 5 5 5 5 5 5 5 5 5 5 5 5 5 5 5 5 5 5 5 5 5 5 5 5 5 5 5 5 5 5 5 5 5 5 5 5 5 5 5 5 5 5 5 5 5 5 5 5 5 5 5 5 5 5 5 5 5 5 5 5 5 5 5 5 5 5 5 5 5 5 5 5 5 5 5 5 5 5 5 5 5 5 5 5 5 5 5 5 5 5 5 5 5 5 5 5 5 5 5 5 5 5 5 5 5 5 5 5 5 5 5 5 5 5 5 5 5 5 5 5 5 5 5 5 5 5 5 5 5 5 5 5 5 5 5 5 5 5 5 5 5 5 5 5 5 5 5 5 5 5 5 5 5 5 5 5 5 5 5 5 5 5 5 5 5 5 5 5 5 5 5 5 5 5 5 5 5 5 5 5 5 5 5 5 5 5 5 5 5 5 5 5 5 5 5 5 5 5 5 5 5 5 5 5 5 5 5 5 5 5 5 5 5 5 5 5 5 5 5 5 5 5 5 5 5 5 5 5 5 5 5 5 5 5 5 5 5 5 5 5 5 5 5 5 5 5 5 5 5 5 5 5 5 5 5 5 5 5 5 5 5 5 5 5 5 5 5 5 5 5 5 5 5 5 5 5 5 5 5 5 5 5 5 5 5 5 5 5 5 5 5 5 5 5 5 5 5 5 5 5 5 5 5 5 5 5 5 5 5 5 5 5 5 5 5 5 5 5 5 5 5 5 5 5 5 5 5 5 5 5 5 5 5 5 5 5 5 5 5 5 5 5 5 5 5 5 5 5 5 5 5 5 5 5 5 5 5 5 5 5 5 5 5 5 5 5 5 5 5 5 5 5 5 5 5 5 5 5 5 5 5 5 5 5 5 5 5 5 5 5 5 5 5 5 5 5 5 5 5 5 5 5 5 5 5 5 5 5 5 5 5 5 5 5 5 5 5 5 5 5 5 5 5 5 5 5 5 5 5 5 5 5 5 5 5 5 5 5 5 5 5 5 5 5 5 5 5 5 5 5 5 5 5 5 5 5 5 5 5 5 5 5 5 5 5 5 5 5 5 5 5 5 5 5 5 5 5 5 5 5 5 5 5 5 5 5 5 5 5 5 5 5 5 5 5 5 5 5 5 5 5 5 5 5 5 5 5 5 5 5 5 5 5 5 5 5 5 5 5 5 5 5 5 5 5 5 5 5 5 5 5 5 5 5 5 5 5 5 5 5 5 5 5 5 5 5 5 5 5 5 5 5 5 5 5 5 5 5 5 5 5 5 5 5 5 5 5 5 5 5 5 5 5 5 5 5 5 5 5 5 5 5 5 5 5 5 5 5 5 5 5 5 5 5 5 5 5 5 5 5 5 5 5 5 5 5 5 5 5 5 5 5 5 5 5 5 5 5 5 5 5 5 5 5 5 5 5 5 5 5 5 5 5 5 5 5 5 5 5 5 5 5 5 5 5 5 5 5 5 5 5 5 5 5 5 5 5 5 5 5 5 5 5 5 5 5 5 5 5 5 5 5 5 5 5 5 5 5 5 5 5 5 5 5 5 5 5 5 5 5 5 5 5 5 5 5 5 5 5 5 5 5 5 5 5 5 5 5 5 5 5 5 5 5 5 5 5 5 5 5 5 5 5 5 5 5 5 5 5 5 5 5 5 5 5 5 5 5 5 5 5 5 5 5 5 5 5 5 5 5 5 5 5 5 5 5 5 5 5 5 5 5 5 5 5 5 5 5 5 5 5 5 5 5 5 5 5 5 5 5 5 5 5 5 5 5 5 5 5 5 5 5 5 5 5 5 5 5 5 5 5 5 5 5 5 5 5 5 5 5 5 5 5 5 5 5 5 5 5 5 5 5 5 5 5 5 5 5 5 5 5 5 5 5 5 5 5 5 5 5 5 5 5 5 5 5 5 5 5 5 5 5 5 5 5 5 5 5 5 5 5 5 5 5 5 5 5 5 5 5 5 5 5 5 5 5 5 5 5 5 5 5 5 5 5 5 5 5 5 5 5 5 5 5 5 5 5 5 5 5 5 5 5 5 5 5 5 5 5 5 5 5 5 5 5 5 5 5 5 5 5 5 5 5 5 5 5 5 5 5 5 5 5 5 5 5 5 5 5 5 5 5 5 5 5 5 5 5 5 5 5 5 5 5 5 5 5 5 5 5 5 5 5 5 5 5 5 5 5 5 5 5 5 5 5 5 5 5 5 5 5 5 5 5 5 5 5 5 5 5 5 5 5 5 5 5 5 5 5 5 5 5 5 5 5 5 5 5 5 5 5 5 5 5 5 5 5 5 5 5 5 5 5 5 5 5 5 5 5 5 5 5 5 5 5 5 5 5 5 5 5 5 5 5 5 5 5 5 5 5 5 5 5 5 5 5 5 5 5 5 5 5 5 5 5 5 5 5 5 5 5 5 5 5 5 5 5 5 5 5 5 5 5 5 5 5 5 5 5 5 5 5 5 5 5 5 5 5 5 5 5 5 5 5 5 5 5 5 5 5 5 5 5 5 5 5 5 5 5 5 5 5 5 5 5 5 5 5 5 5 5 5 5 5 5 5 5 5 5 5 5 5 5 5 5 5 5 5 5 5 5 5 5 5 5 5 5 5 5 5 5 5 5 5 5 5 5 5 5 5 5 5 5 5 5 5 5 5 5 5 5 5 5 5 5 5 5 5 5 5 5 5 5 5 5 5 5 5 5 5 5 5 5 5 5 5 5 5 5 5 5 5 5 5 5 5 5 5 5 5 5 5 5 5 5 5 5 5 5 5 5 5 5 5 5 5 5 5 5 5 5 5 5 5 5 5 5 5 5 5 5 5 5 5 5 5 5 5 5 5 5 5 5 5 5 5 5 5 5 5 5 5 5 5 5 5 5 5 5 5 5 5 5 5 5 5 5 5 5 5 5 5 5 5 5 5 5 5 5 5 5 5 5 5 5 5 5 5 5 5 5 5 5 5 5 5 5 5 5 5 5 5 5 5 5 5 5 5 5 5 5 5 5 5 5 5 5 5 5 5 5 5 5 5 5 5 5 5 5 5 5 5 5 5 5 5 5 5 5 5 5 5 5 5 5 5 5 5 5 5 5 5 5 5 5 5 5 5 5 5 5 5 5 5 5 5 5 5 5 5 5 5 5 5 5 5 5 5 5 5 5 5 5 5 5 5 5 5 5 5 5 5 5 5 5 5 5 5 5 5 5 5 5 5 5 5 5 5 5 5 5 5 5 5 5 5 5 5 5 5 5 5 5 5 5 5 5 5 5 5 5 5 5 5 5 5 5 5 5 5 5 5 5 5 5 5 5 5 5 5 5 5 5 5 5 5 5 5 5 5 5 5 5 5 5 5 5 5 5 5 5 5 5 5 5 5 5 5 5 5 5 5 5 5 5 5 5 5 5 5 5 5 5 5 5 5 5 5 5 5 5 5 5 5 5 5 5 5 5 5 5 5 5 5 5 5 5 5 5 5 5 5 5 5 5 5 5 5 5 5 5 5 5 5 5 5 5 5 5 5 5 5 5 5 5 5 5 5 5 5 5 5 5 5 5 5 5 5 5 5 5 5 5 5 5 5 5 5 5 5 5 5 5 5 5 5 5 5 5 5 5 5 5 5 5 5 5 5 5 5 5 5 5 5 5 5 5 5 5 5 5 5 5 5 5 5 5 5 5 5 5 5 5 5 5 5 5 5 5 5 5 5 5 5 5 5 5 5 5 5 5 5 5 5 5 5 5 5 5 5 5 5 5 5 5 5 5 5 5 5 5 5 5 5 5 5 5 5 5 5 5 5 5 5 5 5 5 5 5 5 5 5 5 5 5 5 5 5 5 5 5 5 5 5 5 5 5 5 5 5 5 5 5 5 5 5 5 5 5 5 5 5 5 5 5 5 5 5 5 5 5 5 5 5 5 5 5 5 5 5 5 5 5 5 5 5 5 5 5 5 5 5 5 5 5 5 5 5 5 5 5 5 5 5 5 5 5 5 5 5 5 5 5 5 5 5 5 5 5 5 5 5 5 5 5 5 5 5 5 5 5 5 5 5 5 5 5 5 5 5 5 5 5 5 5 5 5 5 5 5 5 5 5 5 5 5 5 5 5 5 5 5 5 5 5 5 5 5 5 5 5 5 5 5 5 5 5 5 5 5 5 5 5 5 5 5 5 5 5 5 5 5 5 5 5 5 5 5 5 5 5 5 5 5 5 5 5 5 5 5 5 5 5 5 5 5 5 5 5 5 5 5 5 5 5 5 5 5 5 5 5 5 5 5 5 5 5 5 5 5 5 5 5 5 5 5 5 5 5 5 5 5 5 5 5 5 5 5 5 5 5 5 5 5 5 5 5 5 5 5 5 5 5 5 5 5 5 5 5 5 5 5 5 5 5 5 5 5 5 5 5 5 5 5 5 5 5 5 5 5 5 5 5 5 5 5 5 5 5 5 5 5 5 5 5 5 5 5 5 5 5 5 5 5 5 5 5 5 5 5 5 5 5 5 5 5 5 5 5 5 5 5 5 5 5 5 5 5 5 5 5 5 5 5 5 5 5 5 5 5 5 5 5 5 5 5 5 5 5 5 5 5 5 5 5 5 5 5 5 5 5 5 5 5 5 5 5 5 5 5 5 5 5 5 5 5 5 5 5 5 5 5 5 5 5 5 5 5 5 5 5 5 5 5 5 5 5 5 5 5 5 5 5 5 5 5 5 5 5 5 5 5 5 5 5 5 5 5 5 5 5 5 5 5 5 5 5 5 5 5 5 5 5 5 5 5 5 5 5 5 5 5 5 5 5 5 5 5 5 5 5 5 5 5 5 5 5 5 5 5 5 5 5 5 5 5 5 5 5 5 5 5 5 5 5 5 5 5 5 5 5 5 5 5 5 5 5 5 5 5 5 5 5 5 5 5 5 5 5 5 5 5 5 5 5 5 5 5 5 5 5 5 5 5 5 5 5 5 5 5 5 5 5 5 5 5 5 5 5 5 5 5 5 5 5 5 5 5 5 5 5 5 5 5 5 5 5 5 5 5 5 5 5 5 5 5 5 5 5 5 5 5 5 5 5 5 5 5 5 5 5 5 5 5 5 5 5 5 5 5 5 5 5 5 5 5 5 5 5 5 5 5 5 5 5 5 5 5 5 5 5 5 5 5 5 5 5 5 5 5 5 5 5 5 5 5 5 5 5 5 5 5 5 5 5 5 5 5 5 5 5 5 5 5 5 5 5 5 5 5 5 5 5 5 5 5 5 5 5 5 5 5 5 5 5 5 5 5 5 5 5 5 5 5 5 5 5 5 5 5 5 5 5 5 5 5 5 5 5 5 5 5 5 5 5 5 5 5 5 5 5 5 5 5 5 5 5 5 5 5 5 5 5 5 5 5 5 5 5 5 5 5 5 5 5 5 5 5 5 5 5 5 5 5 5 5 5 5 5 5 5 5 5 5 5 5 5 5 5 5 5 5 5 5 5 5 5 5 5 5 5 5 5 5 5 5 5 5 5 5 5 5 5 5 5 5 5 5 5 5 5 5 5 5 5 5 5 5 5 5 5 5 5 5 5 5 5 5 5 5 5 5 5 5 5 5 5 5 5 5 5 5 5 5 5 5 5 5 5 5 5 5 5 5 5 5 5 5 5 5 5 5 5 5 5 5 5 5 5 5 5 5 5 5 5 5 5 5 5 5 5 5 5 5 5 5 5 5 5 5 5 5 5 5 5 5 5 5 5 5 5 5 5 5 5 5 5 5 5 5 5 5 5 5 5 5 5 5 5 5 5 5 5 5 5 5 5 5 5 5 5 5 5 5 5 5 5 5 5 5 5 5 5 5 5 5 5 5 5 5 5 5 5 5 5 5 5 5 5 5 5 5 5 5 5 5 5 5 5 5 5 5 5 5 5 5 5 5 5 5 5 5 5 5 5 5 5 5 5 5 5 5 5 5 5 5 5 5 5 5 5 5 5 5 5 5 5 5 5 5 5 5 5 5 5 5 5 5 5 5 5 5 5 5 5 5 5 5 5 5 5 5 5 5 5 5 5 5 5 5 5 5 5 5 5 5 5 5 5 5 5 5 5 5 5 5 5 5 5 5 5 5 5 5 5 5 5 5 5 5 5 5 5 5 5 5 5 5 5 5 5 5 5 5 5 5 5 5 5 5 5 5 5 5 5 5 5 5 5 5 5 5 5 5 5 5 5 5 5 5 5 5 5 5 5 5 5 5 5 5 5 5 5 5 5 5 5 5 5 5 5 5 5 5 5 5 5 5 5 5 5 5 5 5 5 5 5 5 5 5 5 5 5 5 5 5 5 5 5 5 5 5 5 5 5 5 5 5 5 5 5 5 5 5 5 5 5 5 5 5 5 5 5 5 5 5 5 5 5 5 5 5 5 5 5 5 5 5 5 5 5 5 5 5 5 5 5 5 5 5 5 5 5 5 5 5 5 5 5 5 5 5 5 5 5 5 5 5 5 5 5 5 5 5 5 5 5 5 5 5 5 5 5 5 5 5 5 5 5 5 5 5 5 5 5 5 5 5 5 5 5 5 5 5 5 5 5 5 5 5 5 5 5 5 5 5 5 5 5 5 5 5 5 5 5 5 5 5 5 5 5 5 5 5 5 5 5 5 5 5 5 5 5 5 5 5 5 5 5 5 5 5 5 5 5 5 5 5 5 5 5 5 5 5 5 5 5 5 5 5 5 5 5 5 5 5 5 5 5 5 5 5 5 5 5 5 5 5 5 5 5 5 5 5 5 5 5 5 5 5 5 5 5 5 5 5 5 5 5 5 5 5 5 5 5 5 5 5 5 5 5 5 5 5 5 5 5 5 5 5 5 5 5 5 5 5 5 5 5 5 5 5 5 5 5 5 5 5 5 5 5 5 5 5 5 5 5 5 5 5 5 5 5 5 5 5 5 5 5 5 5 5 5 5 5 5 5 5 5 5 5 5 5 5 5 5 5 5 5 5 5 5 5 5 5 5 5 5 5 5 5 5 5 5 5 5 5 5 5 5 5 5 5 5 5 5 5 5 5 5 5 5 5 5 5 5 5 5 </DataArray>
</Cells>
<PointData  Vectors="f_38170"> 
<DataArray  type="Float64"  Name="f_38170"  NumberOfComponents="3" format="ascii">-3.1336779595253980e-03 2.2121230272383161e+00 0.0000000000000000e+00  -2.3999235872341558e-03 2.2279286246650534e+00 0.0000000000000000e+00  -2.8501661199727061e-03 2.2723874040758378e+00 0.0000000000000000e+00  -3.3625108352382908e-03 2.3573485079980898e+00 0.0000000000000000e+00  -5.4301119509970585e-03 2.4666090267383027e+00 0.0000000000000000e+00  -7.2586933583830525e-03 2.7351004874001035e+00 0.0000000000000000e+00  2.9873235682503167e-03 2.7135254410529512e+00 0.0000000000000000e+00  -1.4940918524071731e-01 4.6887996754204613e+00 0.0000000000000000e+00  1.3311925830900067e+00 2.0852667339532385e+00 0.0000000000000000e+00  1.5853921879646564e+00 -1.5745087438045910e-01 0.0000000000000000e+00  1.3597246681536235e+00 1.2723010727156644e-03 0.0000000000000000e+00  1.3029262778522857e+00 6.6052341444129093e-03 0.0000000000000000e+00  1.2617311953824579e+00 -1.0568242998227060e-04 0.0000000000000000e+00  1.2327218931498078e+00 7.2221364702465985e-04 0.0000000000000000e+00  1.2117662703062329e+00 3.9551222914239537e-04 0.0000000000000000e+00  1.1957772451356716e+00 2.7359733491569651e-04 0.0000000000000000e+00  1.1833084158441067e+00 2.0430088666872426e-04 0.0000000000000000e+00  1.1733961547092668e+00 1.5328899588392910e-04 0.0000000000000000e+00  1.1654043864214165e+00 1.1855859302333791e-04 0.0000000000000000e+00  1.1588917622206443e+00 9.3302241339141687e-05 0.0000000000000000e+00  1.1535399363694268e+00 7.4498006597285019e-05 0.0000000000000000e+00  1.1491130038729398e+00 6.0191704692608886e-05 0.0000000000000000e+00  1.1454320230579234e+00 4.9103033531330023e-05 0.0000000000000000e+00  1.1423586928625500e+00 4.0380237968236882e-05 0.0000000000000000e+00  1.1397844641152921e+00 3.3433751320460005e-05 0.0000000000000000e+00  1.1376230526975284e+00 2.7845970120881070e-05 0.0000000000000000e+00  1.1358051565817706e+00 2.3314377821436406e-05 0.0000000000000000e+00  1.1342746418162288e+00 1.9615542429595674e-05 0.0000000000000000e+00  1.1329857341469309e+00 1.6581667006016428e-05 0.0000000000000000e+00  1.1319009153900870e+00 1.4084914324963553e-05 0.0000000000000000e+00  1.1309893243229399e+00 1.2026709039221785e-05 0.0000000000000000e+00  1.1302255259049294e+00 1.0330299753768373e-05 0.0000000000000000e+00  1.1295885543444870e+00 8.9354796349143203e-06 0.0000000000000000e+00  1.1290611634503638e+00 7.7948598170136846e-06 0.0000000000000000e+00  1.1286292363003532e+00 6.8709949602689781e-06 0.0000000000000000e+00  1.1282813200104373e+00 6.1344472156163672e-06 0.0000000000000000e+00  1.1280082615406914e+00 5.5637793774038272e-06 0.0000000000000000e+00  1.1278029152959608e+00 5.1369628504525644e-06 0.0000000000000000e+00  1.1276599132751781e+00 4.8176881182451601e-06 0.0000000000000000e+00  1.1275760099531718e+00 5.0573257633258165e-06 0.0000000000000000e+00  1.1275450911636125e+00 1.9577201317592835e-06 0.0000000000000000e+00  -2.1913292707719774e-03 2.1985327482483190e+00 0.0000000000000000e+00  2.6869628655662562e-02 2.2128234372926796e+00 0.0000000000000000e+00  5.8282823132024431e-02 2.2560015284636803e+00 0.0000000000000000e+00  9.5760521986267153e-02 2.3340261154229545e+00 0.0000000000000000e+00  1.4505622415310579e-01 2.4478946694648949e+00 0.0000000000000000e+00  2.2089149102679825e-01 2.6370309777776284e+00 0.0000000000000000e+00  3.4162926326717247e-01 2.8268601705925853e+00 0.0000000000000000e+00  6.8957901613316841e-01 3.5599075889174387e+00 0.0000000000000000e+00  1.4655592332455303e+00 1.9962319067055403e+00 0.0000000000000000e+00  1.4816929921757573e+00 -3.7013726667699826e-01 0.0000000000000000e+00  1.3189927609298142e+00 1.8609289162052298e-01 0.0000000000000000e+00  1.2969221301500851e+00 3.7187962127941253e-02 0.0000000000000000e+00  1.2545917115840985e+00 3.4418624853624180e-02 0.0000000000000000e+00  1.2290440641151787e+00 2.4605343577174969e-02 0.0000000000000000e+00  1.2092692348418608e+00 1.8214313618406600e-02 0.0000000000000000e+00  1.1940212325934649e+00 1.4144376140865259e-02 0.0000000000000000e+00  1.1820300907686843e+00 1.1151813653578355e-02 0.0000000000000000e+00  1.1724328276693272e+00 8.9403875411401927e-03 0.0000000000000000e+00  1.1646617143313192e+00 7.2535034220557529e-03 0.0000000000000000e+00  1.1583083874566000e+00 5.9395179641632666e-03 0.0000000000000000e+00  1.1530748418167129e+00 4.8992376431598421e-03 0.0000000000000000e+00  1.1487377399086742e+00 4.0645612154993141e-03 0.0000000000000000e+00  1.1451262472449832e+00 3.3875803160935505e-03 0.0000000000000000e+00  1.1421074919617784e+00 2.8335732614310268e-03 0.0000000000000000e+00  1.1395766648910610e+00 2.3767913068099699e-03 0.0000000000000000e+00  1.1374501261039212e+00 1.9977533092006903e-03 0.0000000000000000e+00  1.1356604851555825e+00 1.6814610459865546e-03 0.0000000000000000e+00  1.1341530171820233e+00 1.4161906079024160e-03 0.0000000000000000e+00  1.1328830043344011e+00 1.1926532559153825e-03 0.0000000000000000e+00  1.1318137320476584e+00 1.0034000074127969e-03 0.0000000000000000e+00  1.1309149580017825e+00 8.4239059104351691e-04 0.0000000000000000e+00  1.1301617286166386e+00 7.0467553233844002e-04 0.0000000000000000e+00  1.1295334555242713e+00 5.8615750805366144e-04 0.0000000000000000e+00  1.1290131898296882e+00 4.8340916457750800e-04 0.0000000000000000e+00  1.1285870491748253e+00 3.9353152859838091e-04 0.0000000000000000e+00  1.1282437655926640e+00 3.1404265474101753e-04 0.0000000000000000e+00  1.1279743278426100e+00 2.4278633556103725e-04 0.0000000000000000e+00  1.1277717041929201e+00 1.7785883897315400e-04 0.0000000000000000e+00  1.1276306579529907e+00 1.1757441647522584e-04 0.0000000000000000e+00  1.1275473518454635e+00 6.0175304251440779e-05 0.0000000000000000e+00  1.1275204121207099e+00 4.9377620092763167e-06 0.0000000000000000e+00  -1.9987816130762207e-03 2.1562208470992466e+00 0.0000000000000000e+00  5.3742695515507040e-02 2.1688610186685633e+00 0.0000000000000000e+00  1.1396252325487012e-01 2.2065128004169732e+00 0.0000000000000000e+00  1.8423044349759607e-01 2.2738326481274824e+00 0.0000000000000000e+00  2.7367107969977883e-01 2.3624588688185186e+00 0.0000000000000000e+00  3.9774325766634600e-01 2.5204254558595780e+00 0.0000000000000000e+00  5.9088691289665973e-01 2.5730524490543600e+00 0.0000000000000000e+00  9.0427350374394666e-01 3.1250919813741960e+00 0.0000000000000000e+00  1.3167279941842884e+00 1.5380680855740887e+00 0.0000000000000000e+00  1.2926141688100763e+00 -1.9790320803064526e-01 0.0000000000000000e+00  1.2854869859333102e+00 2.5509567265288879e-01 0.0000000000000000e+00  1.2684993599071457e+00 5.0254653598566554e-02 0.0000000000000000e+00  1.2375533899468354e+00 6.7410119739783794e-02 0.0000000000000000e+00  1.2190181344671951e+00 4.3947212808838509e-02 0.0000000000000000e+00  1.2021900772211980e+00 3.4394619517463337e-02 0.0000000000000000e+00  1.1890368141730359e+00 2.6846719796858820e-02 0.0000000000000000e+00  1.1783462462253005e+00 2.1340099772357179e-02 0.0000000000000000e+00  1.1696387884884079e+00 1.7207339546693852e-02 0.0000000000000000e+00  1.1624963195924423e+00 1.4015766067241092e-02 0.0000000000000000e+00  1.1566007880018194e+00 1.1511750968026648e-02 0.0000000000000000e+00  1.1517094849892071e+00 9.5174916102553180e-03 0.0000000000000000e+00  1.1476335964503304e+00 7.9102363068809332e-03 0.0000000000000000e+00  1.1442249615275932e+00 6.6021010100710594e-03 0.0000000000000000e+00  1.1413660216478239e+00 5.5286350618470341e-03 0.0000000000000000e+00  1.1389626053795350e+00 4.6415978940144084e-03 0.0000000000000000e+00  1.1369386437312110e+00 3.9042095556299479e-03 0.0000000000000000e+00  1.1352322493957925e+00 3.2879764602690010e-03 0.0000000000000000e+00  1.1337927725491375e+00 2.7705099998008749e-03 0.0000000000000000e+00  1.1325785620891329e+00 2.3339950608650384e-03 0.0000000000000000e+00  1.1315552438580849e+00 1.9640929003998582e-03 0.0000000000000000e+00  1.1306943828776574e+00 1.6491403242460672e-03 0.0000000000000000e+00  1.1299724347720901e+00 1.3795548199437451e-03 0.0000000000000000e+00  1.1293699179699264e+00 1.1473852092941904e-03 0.0000000000000000e+00  1.1288707568527829e+00 9.4596668414548052e-04 0.0000000000000000e+00  1.1284617589796340e+00 7.6965148113878723e-04 0.0000000000000000e+00  1.1281321996693612e+00 6.1359552913770000e-04 0.0000000000000000e+00  1.1278734913941284e+00 4.7358429749879224e-04 0.0000000000000000e+00  1.1276789327604215e+00 3.4589720003435693e-04 0.0000000000000000e+00  1.1275434798994213e+00 2.2715667623346284e-04 0.0000000000000000e+00  1.1274637224548965e+00 1.1434551838181718e-04 0.0000000000000000e+00  1.1274374044326927e+00 4.3401393783012859e-06 0.0000000000000000e+00  -1.6031715682877418e-03 2.0895494839089359e+00 0.0000000000000000e+00  7.6622149262017950e-02 2.0998618551957282e+00 0.0000000000000000e+00  1.6003498951440714e-01 2.1300519625471770e+00 0.0000000000000000e+00  2.5467663015417746e-01 2.1822013080341534e+00 0.0000000000000000e+00  3.6892724576504921e-01 2.2466162536982086e+00 0.0000000000000000e+00  5.1503486285133604e-01 2.3544415510995393e+00 0.0000000000000000e+00  7.0795906571394984e-01 2.3524061321788943e+00 0.0000000000000000e+00  9.5753724520522709e-01 2.7613863650051638e+00 0.0000000000000000e+00  1.2348889212077259e+00 1.3558007925432607e+00 0.0000000000000000e+00  1.2477204495787309e+00 -1.2210964198089676e-01 0.0000000000000000e+00  1.2497549824260288e+00 2.3175965303599957e-01 0.0000000000000000e+00  1.2326632076395954e+00 7.5046050812112269e-02 0.0000000000000000e+00  1.2178425352131559e+00 8.8382805363755604e-02 0.0000000000000000e+00  1.2047089863922227e+00 5.8358430794683926e-02 0.0000000000000000e+00  1.1919739430523810e+00 4.7884240517754056e-02 0.0000000000000000e+00  1.1815889893708049e+00 3.7544512981568350e-02 0.0000000000000000e+00  1.1727158016079546e+00 3.0235392443034817e-02 0.0000000000000000e+00  1.1653082721622938e+00 2.4550087202973563e-02 0.0000000000000000e+00  1.1591027485360088e+00 2.0107608130465221e-02 0.0000000000000000e+00  1.1539031133767819e+00 1.6584506834636758e-02 0.0000000000000000e+00  1.1495391872440424e+00 1.3755602284316396e-02 0.0000000000000000e+00  1.1458701183752049e+00 1.1461556283934447e-02 0.0000000000000000e+00  1.1427800606746499e+00 9.5853227809022043e-03 0.0000000000000000e+00  1.1401737587494123e+00 8.0397165897440077e-03 0.0000000000000000e+00  1.1379728189904088e+00 6.7585707199389862e-03 0.0000000000000000e+00  1.1361125637424385e+00 5.6908804538945354e-03 0.0000000000000000e+00  1.1345394851638164e+00 4.7967753163551613e-03 0.0000000000000000e+00  1.1332092001068776e+00 4.0446934786372837e-03 0.0000000000000000e+00  1.1320848128242200e+00 3.4093646075287094e-03 0.0000000000000000e+00  1.1311356036374691e+00 2.8703437224674839e-03 0.0000000000000000e+00  1.1303359763205418e+00 2.4109278199371384e-03 0.0000000000000000e+00  1.1296646108847515e+00 2.0173425367065634e-03 0.0000000000000000e+00  1.1291037800585100e+00 1.6781220708095921e-03 0.0000000000000000e+00  1.1286387971383727e+00 1.3836292497177193e-03 0.0000000000000000e+00  1.1282575699682258e+00 1.1256781393379754e-03 0.0000000000000000e+00  1.1279502422862904e+00 8.9723303316612327e-04 0.0000000000000000e+00  1.1277089054663088e+00 6.9216228868771638e-04 0.0000000000000000e+00  1.1275273754664914e+00 5.0503894351407142e-04 0.0000000000000000e+00  1.1274010065997411e+00 3.3095716889812844e-04 0.0000000000000000e+00  1.1273266006431311e+00 1.6542261377751989e-04 0.0000000000000000e+00  1.1273021669437591e+00 4.0638738303677329e-06 0.0000000000000000e+00  -1.2049621783060079e-03 2.0029042887430450e+00 0.0000000000000000e+00  9.4522022330007227e-02 2.0107381360617484e+00 0.0000000000000000e+00  1.9520587095898753e-01 2.0331792206595174e+00 0.0000000000000000e+00  3.0608549595672074e-01 2.0710368277223790e+00 0.0000000000000000e+00  4.3346166571706241e-01 2.1130931481530082e+00 0.0000000000000000e+00  5.8426698509403907e-01 2.1866965674940229e+00 0.0000000000000000e+00  7.6391937667634313e-01 2.1506306909318140e+00 0.0000000000000000e+00  9.7143095076496544e-01 2.4937474933418677e+00 0.0000000000000000e+00  1.1893622717608892e+00 1.2220424242566597e+00 0.0000000000000000e+00  1.2019373095716772e+00 -1.0015055705897705e-01 0.0000000000000000e+00  1.2062368094846361e+00 2.2470632689180284e-01 0.0000000000000000e+00  1.2029213074718910e+00 9.2791325286213047e-02 0.0000000000000000e+00  1.1968734955268705e+00 9.7074121399657487e-02 0.0000000000000000e+00  1.1883107737715219e+00 6.9248679505436617e-02 0.0000000000000000e+00  1.1799936231554984e+00 5.7749391994921233e-02 0.0000000000000000e+00  1.1724393067280334e+00 4.5880545850577097e-02 0.0000000000000000e+00  1.1656488125425315e+00 3.7475449537665788e-02 0.0000000000000000e+00  1.1597731208067423e+00 3.0672647822586368e-02 0.0000000000000000e+00  1.1547064928425181e+00 2.5297089530698796e-02 0.0000000000000000e+00  1.1503730993364909e+00 2.0972175225739971e-02 0.0000000000000000e+00  1.1466769614853576e+00 1.7465532733536959e-02 0.0000000000000000e+00  1.1435301683206935e+00 1.4599600069475317e-02 0.0000000000000000e+00  1.1408535147415775e+00 1.2241119382339157e-02 0.0000000000000000e+00  1.1385778741240704e+00 1.0288641403576470e-02 0.0000000000000000e+00  1.1366437783193053e+00 8.6637727037570788e-03 0.0000000000000000e+00  1.1350004831925462e+00 7.3052187615079570e-03 0.0000000000000000e+00  1.1336048975665867e+00 6.1644954323028757e-03 0.0000000000000000e+00  1.1324205337689810e+00 5.2028454149624388e-03 0.0000000000000000e+00  1.1314165552549247e+00 4.3889832794870107e-03 0.0000000000000000e+00  1.1305669432127923e+00 3.6974237730585295e-03 0.0000000000000000e+00  1.1298497823749900e+00 3.1072255760585380e-03 0.0000000000000000e+00  1.1292466566901977e+00 2.6010343496908404e-03 0.0000000000000000e+00  1.1287421422665906e+00 2.1643438719244961e-03 0.0000000000000000e+00  1.1283233848155561e+00 1.7849177707320923e-03 0.0000000000000000e+00  1.1279797496337680e+00 1.4523303389881782e-03 0.0000000000000000e+00  1.1277025345992280e+00 1.1575970544947121e-03 0.0000000000000000e+00  1.1274847349686430e+00 8.9286992552520868e-04 0.0000000000000000e+00  1.1273208623461461e+00 6.5119042310518311e-04 0.0000000000000000e+00  1.1272067787453572e+00 4.2625347429295910e-04 0.0000000000000000e+00  1.1271396569943926e+00 2.1228882127966026e-04 0.0000000000000000e+00  1.1271176726553207e+00 3.6576466370944230e-06 0.0000000000000000e+00  -8.5351271046090968e-04 1.9010841883694178e+00 0.0000000000000000e+00  1.0765951717853904e-01 1.9066865669079185e+00 0.0000000000000000e+00  2.2032786917413907e-01 1.9223550566209444e+00 0.0000000000000000e+00  3.4118048831543990e-01 1.9482929655535277e+00 0.0000000000000000e+00  4.7439815611031122e-01 1.9737722443519803e+00 0.0000000000000000e+00  6.2353993968335697e-01 2.0238529507081098e+00 0.0000000000000000e+00  7.8991713284513665e-01 1.9723174681237601e+00 0.0000000000000000e+00  9.7070587839094769e-01 2.2719863750648499e+00 0.0000000000000000e+00  1.1551878736948333e+00 1.1119298351964741e+00 0.0000000000000000e+00  1.1682536873642895e+00 -8.3330736795889954e-02 0.0000000000000000e+00  1.1763646313492595e+00 2.1533780445474668e-01 0.0000000000000000e+00  1.1780856568877560e+00 9.7225798267183833e-02 0.0000000000000000e+00  1.1760375162393566e+00 1.0120503912673373e-01 0.0000000000000000e+00  1.1719984328311683e+00 7.6255745926747928e-02 0.0000000000000000e+00  1.1673104161126406e+00 6.4032753876406404e-02 0.0000000000000000e+00  1.1623903627853027e+00 5.1888739327753716e-02 0.0000000000000000e+00  1.1576996413045311e+00 4.2896386134818422e-02 0.0000000000000000e+00  1.1534143674340060e+00 3.5431968212415239e-02 0.0000000000000000e+00  1.1495795010422034e+00 2.9445236658937040e-02 0.0000000000000000e+00  1.1462070518639196e+00 2.4551965584498819e-02 0.0000000000000000e+00  1.1432673740240760e+00 2.0542195340380758e-02 0.0000000000000000e+00  1.1407220671716254e+00 1.7235414835032731e-02 0.0000000000000000e+00  1.1385277830027656e+00 1.4494771661631045e-02 0.0000000000000000e+00  1.1366420631090948e+00 1.2212810423957759e-02 0.0000000000000000e+00  1.1350253369072503e+00 1.0304804370689020e-02 0.0000000000000000e+00  1.1336418906817525e+00 8.7033582027836003e-03 0.0000000000000000e+00  1.1324601067131179e+00 7.3543982307386581e-03 0.0000000000000000e+00  1.1314523466022699e+00 6.2141863683195832e-03 0.0000000000000000e+00  1.1305946649301073e+00 5.2470660215556556e-03 0.0000000000000000e+00  1.1298664553929216e+00 4.4237487637818276e-03 0.0000000000000000e+00  1.1292500852526473e+00 3.7199984870230161e-03 0.0000000000000000e+00  1.1287305468445294e+00 3.1156102011459445e-03 0.0000000000000000e+00  1.1282951399528536e+00 2.5936087061259661e-03 0.0000000000000000e+00  1.1279331906537517e+00 2.1396124912089988e-03 0.0000000000000000e+00  1.1276358075303288e+00 1.7413222999232651e-03 0.0000000000000000e+00  1.1273956748262353e+00 1.3881049814356361e-03 0.0000000000000000e+00  1.1272068777482112e+00 1.0706472438389856e-03 0.0000000000000000e+00  1.1270647669614813e+00 7.8067147730825979e-04 0.0000000000000000e+00  1.1269658255489359e+00 5.1066535729357915e-04 0.0000000000000000e+00  1.1269076595027649e+00 2.5373871345340425e-04 0.0000000000000000e+00  1.1268886725995257e+00 3.1567508843507806e-06 0.0000000000000000e+00  -5.7131832277183391e-04 1.7884143220273707e+00 0.0000000000000000e+00  1.1674784307546403e-01 1.7922103212048281e+00 0.0000000000000000e+00  2.3725862727848446e-01 1.8025218720489820e+00 0.0000000000000000e+00  3.6383507790570330e-01 1.8194911208367375e+00 0.0000000000000000e+00  4.9909853267934173e-01 1.8334652089133985e+00 0.0000000000000000e+00  6.4474614967112343e-01 1.8682105842918242e+00 0.0000000000000000e+00  8.0064990514086098e-01 1.8104006702709183e+00 0.0000000000000000e+00  9.6425883661293632e-01 2.0776039812904123e+00 0.0000000000000000e+00  1.1290312791130137e+00 1.0167154403811807e+00 0.0000000000000000e+00  1.1420220921971436e+00 -7.2128070869340852e-02 0.0000000000000000e+00  1.1512069534292975e+00 2.0304642635221812e-01 0.0000000000000000e+00  1.1557070467316062e+00 9.7757113142379601e-02 0.0000000000000000e+00  1.1572057145964014e+00 1.0224641119580888e-01 0.0000000000000000e+00  1.1565687763120427e+00 7.9320404034128128e-02 0.0000000000000000e+00  1.1546539524461803e+00 6.7492848097345182e-02 0.0000000000000000e+00  1.1520988365390241e+00 5.5679623468532842e-02 0.0000000000000000e+00  1.1493376248692155e+00 4.6522175217588349e-02 0.0000000000000000e+00  1.1465878216045333e+00 3.8804134298428050e-02 0.0000000000000000e+00  1.1439882247075723e+00 3.2494062589656224e-02 0.0000000000000000e+00  1.1416053541850277e+00 2.7259901473533438e-02 0.0000000000000000e+00  1.1394629179815177e+00 2.2921947704411510e-02 0.0000000000000000e+00  1.1375630108838652e+00 1.9310002853335197e-02 0.0000000000000000e+00  1.1358939453534471e+00 1.6293460990986684e-02 0.0000000000000000e+00  1.1344378704328311e+00 1.3765854614563703e-02 0.0000000000000000e+00  1.1331742692943192e+00 1.1641457485989739e-02 0.0000000000000000e+00  1.1320822735857161e+00 9.8507038046463311e-03 0.0000000000000000e+00  1.1311418852147654e+00 8.3368771722485413e-03 0.0000000000000000e+00  1.1303346184314782e+00 7.0534799085279383e-03 0.0000000000000000e+00  1.1296437818501557e+00 5.9621744711049942e-03 0.0000000000000000e+00  1.1290545519813020e+00 5.0311683585108208e-03 0.0000000000000000e+00  1.1285539294240137e+00 4.2339396929448776e-03 0.0000000000000000e+00  1.1281306334728456e+00 3.5482252377058857e-03 0.0000000000000000e+00  1.1277749690032490e+00 2.9552103649500938e-03 0.0000000000000000e+00  1.1274786859682246e+00 2.4388748232410749e-03 0.0000000000000000e+00  1.1272348432037369e+00 1.9854586868746117e-03 0.0000000000000000e+00  1.1270376840363492e+00 1.5830219565181392e-03 0.0000000000000000e+00  1.1268825245360963e+00 1.2210738221720447e-03 0.0000000000000000e+00  1.1267656663319978e+00 8.9026517763716225e-04 0.0000000000000000e+00  1.1266842975469891e+00 5.8209362988701494e-04 0.0000000000000000e+00  1.1266365164550385e+00 2.8874579078817965e-04 0.0000000000000000e+00  1.1266209938515179e+00 2.5796850921132955e-06 0.0000000000000000e+00  -3.6088445840576599e-04 1.6684140913413452e+00 0.0000000000000000e+00  1.2269486321502231e-01 1.6708526687899263e+00 0.0000000000000000e+00  2.4805389574805220e-01 1.6772288539058517e+00 0.0000000000000000e+00  3.7766814239317809e-01 1.6878257225656710e+00 0.0000000000000000e+00  5.1312785012262585e-01 1.6942424261711031e+00 0.0000000000000000e+00  6.5519181241742619e-01 1.7189241478107318e+00 0.0000000000000000e+00  8.0332906946572258e-01 1.6599284699348065e+00 0.0000000000000000e+00  9.5561028112449431e-01 1.9004113008864243e+00 0.0000000000000000e+00  1.1078936986432664e+00 9.3014007410534849e-01 0.0000000000000000e+00  1.1206477445780261e+00 -6.3711368279569539e-02 0.0000000000000000e+00  1.1305203185405046e+00 1.9012189319540942e-01 0.0000000000000000e+00  1.1368731377468584e+00 9.5431780653120635e-02 0.0000000000000000e+00  1.1406038974348665e+00 1.0026967164186197e-01 0.0000000000000000e+00  1.1422775177957825e+00 7.9621636691405331e-02 0.0000000000000000e+00  1.1425821531211475e+00 6.8687329907216627e-02 0.0000000000000000e+00  1.1420151011168895e+00 5.7461823914172358e-02 0.0000000000000000e+00  1.1409373529785862e+00 4.8511610550970856e-02 0.0000000000000000e+00  1.1396010265262466e+00 4.0843769973453140e-02 0.0000000000000000e+00  1.1381746647777560e+00 3.4454601007914309e-02 0.0000000000000000e+00  1.1367589762806789e+00 2.9083530131088560e-02 0.0000000000000000e+00  1.1354141286883896e+00 2.4579839326438077e-02 0.0000000000000000e+00  1.1341720824855730e+00 2.0793675926054252e-02 0.0000000000000000e+00  1.1330467588520581e+00 1.7606570431030422e-02 0.0000000000000000e+00  1.1320411825571479e+00 1.4918371367361858e-02 0.0000000000000000e+00  1.1311517693058968e+00 1.2646592492843623e-02 0.0000000000000000e+00  1.1303713197255962e+00 1.0722812459172112e-02 0.0000000000000000e+00  1.1296908538845551e+00 9.0902770616195210e-03 0.0000000000000000e+00  1.1291007802328619e+00 7.7017649862718019e-03 0.0000000000000000e+00  1.1285916023400302e+00 6.5178563749580757e-03 0.0000000000000000e+00  1.1281543322106886e+00 5.5055159928073137e-03 0.0000000000000000e+00  1.1277807145334520e+00 4.6369382135569449e-03 0.0000000000000000e+00  1.1274633318673504e+00 3.8886039555663895e-03 0.0000000000000000e+00  1.1271956365819675e+00 3.2405075896551629e-03 0.0000000000000000e+00  1.1269719396229476e+00 2.6755195492060408e-03 0.0000000000000000e+00  1.1267873754902491e+00 2.1788566141731501e-03 0.0000000000000000e+00  1.1266378568693365e+00 1.7376381814677077e-03 0.0000000000000000e+00  1.1265200242956954e+00 1.3405075925227148e-03 0.0000000000000000e+00  1.1264312064209188e+00 9.7731423823377642e-04 0.0000000000000000e+00  1.1263693557247632e+00 6.3880557077060970e-04 0.0000000000000000e+00  1.1263331029529615e+00 3.1646137185348212e-04 0.0000000000000000e+00  1.1263214153791239e+00 1.9408830001161296e-06 0.0000000000000000e+00  -2.1222175917753576e-04 1.5437364212033806e+00 0.0000000000000000e+00  1.2635657753489471e-01 1.5452098459823314e+00 0.0000000000000000e+00  2.5451008519401019e-01 1.5488440152474467e+00 0.0000000000000000e+00  3.8552560338605174e-01 1.5550969483769261e+00 0.0000000000000000e+00  5.2034410822213972e-01 1.5567526520691601e+00 0.0000000000000000e+00  6.5926504900989158e-01 1.5747388914978591e+00 0.0000000000000000e+00  8.0172021266355264e-01 1.5174318068529578e+00 0.0000000000000000e+00  9.4632297529732368e-01 1.7343844051479036e+00 0.0000000000000000e+00  1.0903826212527146e+00 8.4916753528078015e-01 0.0000000000000000e+00  1.1029441335849772e+00 -5.6892778177859968e-02 0.0000000000000000e+00  1.1131983460241666e+00 1.7662402468634428e-01 0.0000000000000000e+00  1.1206737346944915e+00 9.1171988002495791e-02 0.0000000000000000e+00  1.1259279409785019e+00 9.6400542728955291e-02 0.0000000000000000e+00  1.1293409657811888e+00 7.7930133386016037e-02 0.0000000000000000e+00  1.1313785285376861e+00 6.7986600621951249e-02 0.0000000000000000e+00  1.1324182370293325e+00 5.7553800799454539e-02 0.0000000000000000e+00  1.1327780415519264e+00 4.9060144366483302e-02 0.0000000000000000e+00  1.1326960786160789e+00 4.1655869407279021e-02 0.0000000000000000e+00  1.1323428659813231e+00 3.5386512850529912e-02 0.0000000000000000e+00  1.1318372157085874e+00 3.0049061084281268e-02 0.0000000000000000e+00  1.1312597104901552e+00 2.5522743587472599e-02 0.0000000000000000e+00  1.1306626077947122e+00 2.1682065431561988e-02 0.0000000000000000e+00  1.1300787841018378e+00 1.8423533852380609e-02 0.0000000000000000e+00  1.1295277461480095e+00 1.5656832886238335e-02 0.0000000000000000e+00  1.1290200257957135e+00 1.3305654453755015e-02 0.0000000000000000e+00  1.1285602894388760e+00 1.1305254560712710e-02 0.0000000000000000e+00  1.1281494520510471e+00 9.6009443267919600e-03 0.0000000000000000e+00  1.1277861343776461e+00 8.1465028806463578e-03 0.0000000000000000e+00  1.1274676389947635e+00 6.9028353499908032e-03 0.0000000000000000e+00  1.1271906004706056e+00 5.8368103861480237e-03 0.0000000000000000e+00  1.1269514098358873e+00 4.9202747475628238e-03 0.0000000000000000e+00  1.1267464858388712e+00 4.1292208952457173e-03 0.0000000000000000e+00  1.1265724427872212e+00 3.4430850205974918e-03 0.0000000000000000e+00  1.1264261895771621e+00 2.8441541260697993e-03 0.0000000000000000e+00  1.1263049835313999e+00 2.3170629026040713e-03 0.0000000000000000e+00  1.1262064561313294e+00 1.8483646289754712e-03 0.0000000000000000e+00  1.1261286191045201e+00 1.4261592094787171e-03 0.0000000000000000e+00  1.1260698688545445e+00 1.0397767516742002e-03 0.0000000000000000e+00  1.1260289555979481e+00 6.7946724546492053e-04 0.0000000000000000e+00  1.1260050652110285e+00 3.3623316918412165e-04 0.0000000000000000e+00  1.1259974809480902e+00 1.2574817810700383e-06 0.0000000000000000e+00  -1.1180359195344069e-04 1.4162709576103187e+00 0.0000000000000000e+00  1.2843586558072234e-01 1.4170871357790324e+00 0.0000000000000000e+00  2.5802993561940424e-01 1.4188934979534151e+00 0.0000000000000000e+00  3.8947737063679988e-01 1.4222781345040447e+00 0.0000000000000000e+00  5.2331629512878663e-01 1.4210807361056044e+00 0.0000000000000000e+00  6.5962372427896110e-01 1.4345108653242367e+00 0.0000000000000000e+00  7.9790345930292850e-01 1.3805548747666789e+00 0.0000000000000000e+00  9.3717283208942659e-01 1.5758854171851275e+00 0.0000000000000000e+00  1.0756398439212060e+00 7.7192703927788076e-01 0.0000000000000000e+00  1.0880432605693766e+00 -5.1104680894106476e-02 0.0000000000000000e+00  1.0985309307767572e+00 1.6280010033818848e-01 0.0000000000000000e+00  1.1067661189558409e+00 8.5681329903845152e-02 0.0000000000000000e+00  1.1131030601854259e+00 9.1151252268969765e-02 0.0000000000000000e+00  1.1177886109936992e+00 7.4686071291790515e-02 0.0000000000000000e+00  1.1211518768851998e+00 6.5788977207230745e-02 0.0000000000000000e+00  1.1234863372459014e+00 5.6258975976994995e-02 0.0000000000000000e+00  1.1250510629073642e+00 4.8363168918761364e-02 0.0000000000000000e+00  1.1260537036199851e+00 4.1375517028623583e-02 0.0000000000000000e+00  1.1266568244725079e+00 3.5377129724830564e-02 0.0000000000000000e+00  1.1269828930484924e+00 3.0209569994541982e-02 0.0000000000000000e+00  1.1271216655952285e+00 2.5781600139745748e-02 0.0000000000000000e+00  1.1271376775038331e+00 2.1991178167208244e-02 0.0000000000000000e+00  1.1270765736921244e+00 1.8750813214775650e-02 0.0000000000000000e+00  1.1269700376131089e+00 1.5981749112712280e-02 0.0000000000000000e+00  1.1268396942586547e+00 1.3615597374609082e-02 0.0000000000000000e+00  1.1266999910501858e+00 1.1593015636245431e-02 0.0000000000000000e+00  1.1265603204845571e+00 9.8629249039732247e-03 0.0000000000000000e+00  1.1264265615045077e+00 8.3814561111677909e-03 0.0000000000000000e+00  1.1263021827762298e+00 7.1109973183757320e-03 0.0000000000000000e+00  1.1261890285962988e+00 6.0193028983061758e-03 0.0000000000000000e+00  1.1260878732321962e+00 5.0787005267400372e-03 0.0000000000000000e+00  1.1259988093957580e+00 4.2653925717130274e-03 0.0000000000000000e+00  1.1259215182101665e+00 3.5588468164824546e-03 0.0000000000000000e+00  1.1258554552279512e+00 2.9412670878985621e-03 0.0000000000000000e+00  1.1257999771404561e+00 2.3971332042470581e-03 0.0000000000000000e+00  1.1257544276545550e+00 1.9128005523824474e-03 0.0000000000000000e+00  1.1257181925881843e+00 1.4761468556085749e-03 0.0000000000000000e+00  1.1256907432605736e+00 1.0762673152694398e-03 0.0000000000000000e+00  1.1256716362868602e+00 7.0317144779470620e-04 0.0000000000000000e+00  1.1256606183643101e+00 3.4761959527696549e-04 0.0000000000000000e+00  1.1256572985869477e+00 5.4739583071700064e-07 0.0000000000000000e+00  -4.6784267530594566e-05 1.2873030708669309e+00 0.0000000000000000e+00  1.2946469370807911e-01 1.2876886204571532e+00 0.0000000000000000e+00  2.5963847065093060e-01 1.2883284081919437e+00 0.0000000000000000e+00  3.9096276570877891e-01 1.2898750187287327e+00 0.0000000000000000e+00  5.2372633932609636e-01 1.2870978444202810e+00 0.0000000000000000e+00  6.5789898009496883e-01 1.2973322328617114e+00 0.0000000000000000e+00  7.9307423714172576e-01 1.2477088324869183e+00 0.0000000000000000e+00  9.2855293751788659e-01 1.4226013032069729e+00 0.0000000000000000e+00  1.0631133442044001e+00 6.9724750000221380e-01 0.0000000000000000e+00  1.0753960740534827e+00 -4.5993725739788792e-02 0.0000000000000000e+00  1.0860405113488676e+00 1.4876130766759368e-01 0.0000000000000000e+00  1.0948028247695392e+00 7.9323481588001815e-02 0.0000000000000000e+00  1.1019170679956307e+00 8.4890573228010135e-02 0.0000000000000000e+00  1.1075523433495233e+00 7.0283195151109298e-02 0.0000000000000000e+00  1.1119451250550094e+00 6.2418800335135034e-02 0.0000000000000000e+00  1.1153178688592658e+00 5.3826365633300323e-02 0.0000000000000000e+00  1.1178781080018316e+00 4.6612172152147635e-02 0.0000000000000000e+00  1.1198038484934680e+00 4.0144946914540063e-02 0.0000000000000000e+00  1.1212425239395891e+00 3.4526450436539992e-02 0.0000000000000000e+00  1.1223117073340363e+00 2.9634722418408158e-02 0.0000000000000000e+00  1.1231032330336790e+00 2.5403704295060947e-02 0.0000000000000000e+00  1.1236875841168918e+00 2.1752210954591403e-02 0.0000000000000000e+00  1.1241181417543258e+00 1.8608378219851701e-02 0.0000000000000000e+00  1.1244349606560122e+00 1.5905313089163525e-02 0.0000000000000000e+00  1.1246678964212424e+00 1.3583334670269880e-02 0.0000000000000000e+00  1.1248390857847814e+00 1.1589489677502660e-02 0.0000000000000000e+00  1.1249648842648878e+00 9.8773231807783284e-03 0.0000000000000000e+00  1.1250573437763793e+00 8.4062911802832603e-03 0.0000000000000000e+00  1.1251253280873432e+00 7.1411543846157787e-03 0.0000000000000000e+00  1.1251753474427912e+00 6.0513466224072247e-03 0.0000000000000000e+00  1.1252121787132026e+00 5.1103738767837078e-03 0.0000000000000000e+00  1.1252393242446408e+00 4.2952560972426253e-03 0.0000000000000000e+00  1.1252593500542281e+00 3.5860202912843782e-03 0.0000000000000000e+00  1.1252741344415793e+00 2.9652453044851433e-03 0.0000000000000000e+00  1.1252850501009508e+00 2.4176553082517283e-03 0.0000000000000000e+00  1.1252930976760513e+00 1.9297578557488199e-03 0.0000000000000000e+00  1.1252990010678359e+00 1.4895183899139265e-03 0.0000000000000000e+00  1.1253032834149788e+00 1.0860749236317766e-03 0.0000000000000000e+00  1.1253062938038538e+00 7.0944998475960786e-04 0.0000000000000000e+00  1.1253083298654993e+00 3.5039554545895321e-04 0.0000000000000000e+00  1.1253093271457593e+00 -1.7133663730036244e-07 0.0000000000000000e+00  -6.6887985516913836e-06 1.1576709603622619e+00 0.0000000000000000e+00  1.2982529924488961e-01 1.1577857272182455e+00 0.0000000000000000e+00  2.6005433041372900e-01 1.1577197481797143e+00 0.0000000000000000e+00  3.9095657112452969e-01 1.1581287438812118e+00 0.0000000000000000e+00  5.2266618353974292e-01 1.1546099440687536e+00 0.0000000000000000e+00  6.5510176147478250e-01 1.1625149451762533e+00 0.0000000000000000e+00  7.8793553677583350e-01 1.1178072110293993e+00 0.0000000000000000e+00  9.2066272690770334e-01 1.2730184725154281e+00 0.0000000000000000e+00  1.0524307923204324e+00 6.2437104814066224e-01 0.0000000000000000e+00  1.0646225031173500e+00 -4.1348916123594273e-02 0.0000000000000000e+00  1.0753778327112828e+00 1.3456936429458735e-01 0.0000000000000000e+00  1.0845192347645523e+00 7.2348510598174737e-02 0.0000000000000000e+00  1.0922077534654768e+00 7.7883988954343356e-02 0.0000000000000000e+00  1.0985623011349193e+00 6.4995130987280297e-02 0.0000000000000000e+00  1.1037551966265606e+00 5.8120726402406890e-02 0.0000000000000000e+00  1.1079569342080140e+00 5.0469808014609055e-02 0.0000000000000000e+00  1.1113340281484905e+00 4.3981714126542303e-02 0.0000000000000000e+00  1.1140362122301108e+00 3.8100073766626705e-02 0.0000000000000000e+00  1.1161934143987775e+00 3.2938207362145172e-02 0.0000000000000000e+00  1.1179145989619224e+00 2.8402346067452972e-02 0.0000000000000000e+00  1.1192891484262513e+00 2.4446326957816619e-02 0.0000000000000000e+00  1.1203890844971347e+00 2.1006864689045102e-02 0.0000000000000000e+00  1.1212717638710794e+00 1.8026273283038699e-02 0.0000000000000000e+00  1.1219824970898018e+00 1.5448957079745852e-02 0.0000000000000000e+00  1.1225568939695334e+00 1.3224015149429428e-02 0.0000000000000000e+00  1.1230228641992401e+00 1.1305275637455321e-02 0.0000000000000000e+00  1.1234022634976708e+00 9.6514702525907405e-03 0.0000000000000000e+00  1.1237122149044090e+00 8.2260093670275067e-03 0.0000000000000000e+00  1.1239661539308923e+00 6.9966597925942512e-03 0.0000000000000000e+00  1.1241746452854620e+00 5.9351395675731871e-03 0.0000000000000000e+00  1.1243460163587806e+00 5.0166919923880617e-03 0.0000000000000000e+00  1.1244868460246746e+00 4.2196615909241382e-03 0.0000000000000000e+00  1.1246023404381198e+00 3.5250893060676434e-03 0.0000000000000000e+00  1.1246966212746676e+00 2.9163345901250821e-03 0.0000000000000000e+00  1.1247729461792424e+00 2.3787273644742665e-03 0.0000000000000000e+00  1.1248338773942201e+00 1.8992502668195202e-03 0.0000000000000000e+00  1.1248814080899467e+00 1.4662468955107004e-03 0.0000000000000000e+00  1.1249170641061723e+00 1.0691617899951579e-03 0.0000000000000000e+00  1.1249419533464016e+00 6.9827374463586893e-04 0.0000000000000000e+00  1.1249569007709681e+00 3.4455252744636732e-04 0.0000000000000000e+00  1.1249621607314486e+00 -8.8089981494320842e-07 0.0000000000000000e+00  1.6354187777173489e-05 1.0278961086286302e+00 0.0000000000000000e+00  1.2978294436963672e-01 1.0278495998367334e+00 0.0000000000000000e+00  2.5976760451595060e-01 1.0273908224188919e+00 0.0000000000000000e+00  3.9010733199332348e-01 1.0271295511809917e+00 0.0000000000000000e+00  5.2084039023465156e-01 1.0234150713730319e+00 0.0000000000000000e+00  6.5186167014215868e-01 1.0295419572186753e+00 0.0000000000000000e+00  7.8290500678036190e-01 9.9009478805690021e-01 0.0000000000000000e+00  9.1359755497570294e-01 1.1261190202739981e+00 0.0000000000000000e+00  1.0433296955901217e+00 5.5279147446178178e-01 0.0000000000000000e+00  1.0554529847598277e+00 -3.7034867069995620e-02 0.0000000000000000e+00  1.0662905488798358e+00 1.2026413340797931e-01 0.0000000000000000e+00  1.0757119454640602e+00 6.4921281086985499e-02 0.0000000000000000e+00  1.0838316865412476e+00 7.0314593632985756e-02 0.0000000000000000e+00  1.0907362040323285e+00 5.9025724171334039e-02 0.0000000000000000e+00  1.0965541806486456e+00 5.3091211463273343e-02 0.0000000000000000e+00  1.1014179728708429e+00 4.6366839478102155e-02 0.0000000000000000e+00  1.1054614730215944e+00 4.0623059384400320e-02 0.0000000000000000e+00  1.1088100498969451e+00 3.5366269042594108e-02 0.0000000000000000e+00  1.1115769893496703e+00 3.0713641139230995e-02 0.0000000000000000e+00  1.1138612331938536e+00 2.6592473906994478e-02 0.0000000000000000e+00  1.1157472379888311e+00 2.2971909348411208e-02 0.0000000000000000e+00  1.1173058395210496e+00 1.9803423858508116e-02 0.0000000000000000e+00  1.1185957256723960e+00 1.7041581727270123e-02 0.0000000000000000e+00  1.1196650967687549e+00 1.4641056377316984e-02 0.0000000000000000e+00  1.1205533179665483e+00 1.2559308386122067e-02 0.0000000000000000e+00  1.1212924325215425e+00 1.0756913615532750e-02 0.0000000000000000e+00  1.1219084823191199e+00 9.1979999121350985e-03 0.0000000000000000e+00  1.1224226249886999e+00 7.8502756253191908e-03 0.0000000000000000e+00  1.1228520585397204e+00 6.6849231821416773e-03 0.0000000000000000e+00  1.1232107750878353e+00 5.6763761878944087e-03 0.0000000000000000e+00  1.1235101690278939e+00 4.8020415610557140e-03 0.0000000000000000e+00  1.1237595241578235e+00 4.0419945328245147e-03 0.0000000000000000e+00  1.1239664018481719e+00 3.3786683483738159e-03 0.0000000000000000e+00  1.1241369491523858e+00 2.7965509640745716e-03 0.0000000000000000e+00  1.1242761423416148e+00 2.2818958087121076e-03 0.0000000000000000e+00  1.1243879789563989e+00 1.8224503774836314e-03 0.0000000000000000e+00  1.1244756264047009e+00 1.4072014709138254e-03 0.0000000000000000e+00  1.1245415427902292e+00 1.0261441512853062e-03 0.0000000000000000e+00  1.1245875447045401e+00 6.7004101617198293e-04 0.0000000000000000e+00  1.1246149492801234e+00 3.3029295113311112e-04 0.0000000000000000e+00  1.1246243148218324e+00 -1.5641996802892966e-06 0.0000000000000000e+00  2.7974024267107655e-05 8.9828240197115761e-01 0.0000000000000000e+00  1.2951723644445226e-01 8.9814805756304383e-01 0.0000000000000000e+00  2.5910593996712850e-01 8.9750502538129528e-01 0.0000000000000000e+00  3.8884079857920922e-01 8.9688083323096846e-01 0.0000000000000000e+00  5.1870076067304371e-01 8.9332286933494809e-01 0.0000000000000000e+00  6.4857061413645856e-01 8.9802114051016602e-01 0.0000000000000000e+00  7.7823011920924423e-01 8.6403509461177253e-01 0.0000000000000000e+00  9.0739554079644302e-01 9.8119990426771997e-01 0.0000000000000000e+00  1.0356193836567311e+00 4.8216190001101522e-01 0.0000000000000000e+00  1.0476912448558346e+00 -3.2961426317954429e-02 0.0000000000000000e+00  1.0585914346938414e+00 1.0587219333573414e-01 0.0000000000000000e+00  1.0682233495363858e+00 5.7156096581577123e-02 0.0000000000000000e+00  1.0766710072806378e+00 6.2316340365746285e-02 0.0000000000000000e+00  1.0839994049678190e+00 5.2528941459403754e-02 0.0000000000000000e+00  1.0903069496686266e+00 4.7483785017264704e-02 0.0000000000000000e+00  1.0956980909536960e+00 4.1662463725722652e-02 0.0000000000000000e+00  1.1002816696783275e+00 3.6666435385448851e-02 0.0000000000000000e+00  1.1041630885506006e+00 3.2056446259428349e-02 0.0000000000000000e+00  1.1074408148582853e+00 2.7947877528275836e-02 0.0000000000000000e+00  1.1102038273484776e+00 2.4283772220124792e-02 0.0000000000000000e+00  1.1125306978676965e+00 2.1044637029073970e-02 0.0000000000000000e+00  1.1144895633082526e+00 1.8193749376021064e-02 0.0000000000000000e+00  1.1161387345050366e+00 1.5695949082761854e-02 0.0000000000000000e+00  1.1175276313956797e+00 1.3514937142360061e-02 0.0000000000000000e+00  1.1186978541564758e+00 1.1615839808879990e-02 0.0000000000000000e+00  1.1196842569868657e+00 9.9656741739653307e-03 0.0000000000000000e+00  1.1205159530779241e+00 8.5339213755837775e-03 0.0000000000000000e+00  1.1212172139264784e+00 7.2927136379302513e-03 0.0000000000000000e+00  1.1218082505498419e+00 6.2168772938977074e-03 0.0000000000000000e+00  1.1223058784677302e+00 5.2838452961510261e-03 0.0000000000000000e+00  1.1227240756484753e+00 4.4734963092501892e-03 0.0000000000000000e+00  1.1230744457849953e+00 3.7679486699691437e-03 0.0000000000000000e+00  1.1233665999643900e+00 3.1513323604299495e-03 0.0000000000000000e+00  1.1236084690953485e+00 2.6095535241511827e-03 0.0000000000000000e+00  1.1238065579933365e+00 2.1300609264014105e-03 0.0000000000000000e+00  1.1239661509201728e+00 1.7016202439954632e-03 0.0000000000000000e+00  1.1240914747386086e+00 1.3140972862865775e-03 0.0000000000000000e+00  1.1241858327872187e+00 9.5825780202189173e-04 0.0000000000000000e+00  1.1242516870784263e+00 6.2555578333566215e-04 0.0000000000000000e+00  1.1242908024453599e+00 3.0801948698328327e-04 0.0000000000000000e+00  1.1243040202654897e+00 -2.2052239732881942e-06 0.0000000000000000e+00  3.2069593567599363e-05 7.6898750014726203e-01 0.0000000000000000e+00  1.2914753972679419e-01 7.6881374950063341e-01 0.0000000000000000e+00  2.5828499013117218e-01 7.6812329275658098e-01 0.0000000000000000e+00  3.8743322947494496e-01 7.6733574827416529e-01 0.0000000000000000e+00  5.1653479412383629e-01 7.6415920138739046e-01 0.0000000000000000e+00  6.4547107585700758e-01 7.6764887700413842e-01 0.0000000000000000e+00  7.7405527462195400e-01 7.3923687088613987e-01 0.0000000000000000e+00  9.0206361403724800e-01 8.3776170989166532e-01 0.0000000000000000e+00  1.0291582192919215e+00 4.1223794245985984e-01 0.0000000000000000e+00  1.0411915178326692e+00 -2.9066368146242902e-02 0.0000000000000000e+00  1.0521399655470720e+00 9.1412997399997586e-02 0.0000000000000000e+00  1.0619317392636811e+00 4.9135247474635241e-02 0.0000000000000000e+00  1.0706302270336994e+00 5.3988874538000553e-02 0.0000000000000000e+00  1.0782859957816826e+00 4.5622486482465238e-02 0.0000000000000000e+00  1.0849762910504375e+00 4.1420511032713742e-02 0.0000000000000000e+00  1.0907852707206807e+00 3.6476434148168743e-02 0.0000000000000000e+00  1.0958027657697853e+00 3.2223324247454659e-02 0.0000000000000000e+00  1.1001182231996756e+00 2.8270815914041663e-02 0.0000000000000000e+00  1.1038175893284283e+00 2.4728631456133625e-02 0.0000000000000000e+00  1.1069808072221452e+00 2.1551537917435512e-02 0.0000000000000000e+00  1.1096805157931209e+00 1.8728195252630742e-02 0.0000000000000000e+00  1.1119814967705499e+00 1.6231150345018822e-02 0.0000000000000000e+00  1.1139407142576863e+00 1.4033683715523727e-02 0.0000000000000000e+00  1.1156077179124761e+00 1.2107254820864964e-02 0.0000000000000000e+00  1.1170252565136751e+00 1.0423849804977138e-02 0.0000000000000000e+00  1.1182299845704338e+00 8.9564707209213931e-03 0.0000000000000000e+00  1.1192531855921464e+00 7.6797495074002273e-03 0.0000000000000000e+00  1.1201214641610149e+00 6.5702169096053071e-03 0.0000000000000000e+00  1.1208573809696623e+00 5.6064358192288860e-03 0.0000000000000000e+00  1.1214800191347696e+00 4.7690052691582606e-03 0.0000000000000000e+00  1.1220054791296536e+00 4.0404851614250408e-03 0.0000000000000000e+00  1.1224473049463000e+00 3.4052674283541738e-03 0.0000000000000000e+00  1.1228168468124120e+00 2.8494157972172520e-03 0.0000000000000000e+00  1.1231235669113242e+00 2.3604889688091488e-03 0.0000000000000000e+00  1.1233752946211546e+00 1.9273574517110028e-03 0.0000000000000000e+00  1.1235784377472608e+00 1.5400209241351528e-03 0.0000000000000000e+00  1.1237381539477427e+00 1.1894287222447390e-03 0.0000000000000000e+00  1.1238584925716004e+00 8.6731094816554775e-04 0.0000000000000000e+00  1.1239424878115680e+00 5.6599759582933763e-04 0.0000000000000000e+00  1.1239923005677248e+00 2.7832024944539715e-04 0.0000000000000000e+00  1.1240090295278309e+00 -2.7893553623303170e-06 0.0000000000000000e+00  3.1283126301556756e-05 6.4007249266317678e-01 0.0000000000000000e+00  1.2875196118329940e-01 6.3989080068616122e-01 0.0000000000000000e+00  2.5744476157767254e-01 6.3924144517185166e-01 0.0000000000000000e+00  3.8606182431122327e-01 6.3841850234035002e-01 0.0000000000000000e+00  5.1452362280604202e-01 6.3576531070677345e-01 0.0000000000000000e+00  6.4271134916373507e-01 6.3818336957852106e-01 0.0000000000000000e+00  7.7046223251826329e-01 6.1540571518194465e-01 0.0000000000000000e+00  8.9759258391563912e-01 6.9543825462675857e-01 0.0000000000000000e+00  1.0238395773799769e+00 3.4284204598230983e-01 0.0000000000000000e+00  1.0358442999169146e+00 -2.5305142749641952e-02 0.0000000000000000e+00  1.0468298578973971e+00 7.6901659027287614e-02 0.0000000000000000e+00  1.0567430723571201e+00 4.0920034280462404e-02 0.0000000000000000e+00  1.0656329775104947e+00 4.5408604427862695e-02 0.0000000000000000e+00  1.0735403370459569e+00 3.8398673245304021e-02 0.0000000000000000e+00  1.0805275153678402e+00 3.4999919037306065e-02 0.0000000000000000e+00  1.0866639576004966e+00 3.0908225252896743e-02 0.0000000000000000e+00  1.0920252526029743e+00 2.7389300724459744e-02 0.0000000000000000e+00  1.0966884301216957e+00 2.4098127489879915e-02 0.0000000000000000e+00  1.1007292672268003e+00 2.1136104130479200e-02 0.0000000000000000e+00  1.1042199725200905e+00 1.8466780957622671e-02 0.0000000000000000e+00  1.1072277483044526e+00 1.6084493778243263e-02 0.0000000000000000e+00  1.1098139523787676e+00 1.3968989152530437e-02 0.0000000000000000e+00  1.1120337718722220e+00 1.2100392340319680e-02 0.0000000000000000e+00  1.1139362535071857e+00 1.0456750292498537e-02 0.0000000000000000e+00  1.1155645751978291e+00 9.0161049824528314e-03 0.0000000000000000e+00  1.1169564610165934e+00 7.7569324159246378e-03 0.0000000000000000e+00  1.1181446685303646e+00 6.6587304676822886e-03 0.0000000000000000e+00  1.1191574985655890e+00 5.7023104085235435e-03 0.0000000000000000e+00  1.1200192948480818e+00 4.8699720078463869e-03 0.0000000000000000e+00  1.1207509136592750e+00 4.1455609983617886e-03 0.0000000000000000e+00  1.1213701527459865e+00 3.5144507060511582e-03 0.0000000000000000e+00  1.1218921347805086e+00 2.9634694041239399e-03 0.0000000000000000e+00  1.1223296445311268e+00 2.4807930570489196e-03 0.0000000000000000e+00  1.1226934212086095e+00 2.0558171200433387e-03 0.0000000000000000e+00  1.1229924086399743e+00 1.6790173119035734e-03 0.0000000000000000e+00  1.1232339666744331e+00 1.3418062682052645e-03 0.0000000000000000e+00  1.1234240461912761e+00 1.0363894657234465e-03 0.0000000000000000e+00  1.1235673349415769e+00 7.5562707744435066e-04 0.0000000000000000e+00  1.1236673588881423e+00 4.9288471817733896e-04 0.0000000000000000e+00  1.1237266181357439e+00 2.4195062876550808e-04 0.0000000000000000e+00  1.1237464390951784e+00 -3.3036145801261117e-06 0.0000000000000000e+00  2.7378620314279283e-05 5.1153565700097758e-01 0.0000000000000000e+00  1.2838086794831316e-01 5.1136615686955711e-01 0.0000000000000000e+00  2.5667490752728250e-01 5.1081433886196626e-01 0.0000000000000000e+00  3.8483878975443175e-01 5.1003685668134879e-01 0.0000000000000000e+00  5.1277988226958127e-01 5.0799532373611800e-01 0.0000000000000000e+00  6.4038053404174555e-01 5.0942565065905820e-01 0.0000000000000000e+00  7.6749503662038809e-01 4.9231202338573471e-01 0.0000000000000000e+00  8.9396611650947200e-01 5.5395115055792254e-01 0.0000000000000000e+00  1.0195829307711484e+00 2.7384055552084530e-01 0.0000000000000000e+00  1.0315671276503451e+00 -2.1644658798198008e-02 0.0000000000000000e+00  1.0425807498920148e+00 6.2350487114244603e-02 0.0000000000000000e+00  1.0525851647024442e+00 3.2557791361995082e-02 0.0000000000000000e+00  1.0616191678564082e+00 3.6635897660139943e-02 0.0000000000000000e+00  1.0697168827141739e+00 3.0931653200421225e-02 0.0000000000000000e+00  1.0769302246609562e+00 2.8303049054918896e-02 0.0000000000000000e+00  1.0833180915055021e+00 2.5041716842410026e-02 0.0000000000000000e+00  1.0889455981834737e+00 2.2247128001312708e-02 0.0000000000000000e+00  1.0938803690399650e+00 1.9617305287193472e-02 0.0000000000000000e+00  1.0981902226105862e+00 1.7243544789551316e-02 0.0000000000000000e+00  1.1019410803531764e+00 1.5096087904980328e-02 0.0000000000000000e+00  1.1051955137649472e+00 1.3173086952945870e-02 0.0000000000000000e+00  1.1080117626792063e+00 1.1459862395849714e-02 0.0000000000000000e+00  1.1104431853424030e+00 9.9420742970926582e-03 0.0000000000000000e+00  1.1125380381686305e+00 8.6033499461896906e-03 0.0000000000000000e+00  1.1143395014498061e+00 7.4270567784485014e-03 0.0000000000000000e+00  1.1158858733220878e+00 6.3966481757223677e-03 0.0000000000000000e+00  1.1172108703034758e+00 5.4961801347179224e-03 0.0000000000000000e+00  1.1183439866411329e+00 4.7105821895896622e-03 0.0000000000000000e+00  1.1193108777220042e+00 4.0258368280264465e-03 0.0000000000000000e+00  1.1201337433584557e+00 3.4290594558885430e-03 0.0000000000000000e+00  1.1208316950145421e+00 2.9085124348160979e-03 0.0000000000000000e+00  1.1214210971439873e+00 2.4535699643642131e-03 0.0000000000000000e+00  1.1219158771808893e+00 2.0546500650706983e-03 0.0000000000000000e+00  1.1223278017099749e+00 1.7031252513169648e-03 0.0000000000000000e+00  1.1226667182912515e+00 1.3912206342700142e-03 0.0000000000000000e+00  1.1229407637049165e+00 1.1119056561779089e-03 0.0000000000000000e+00  1.1231565394398653e+00 8.5878305410720343e-04 0.0000000000000000e+00  1.1233192587370002e+00 6.2598031137773614e-04 0.0000000000000000e+00  1.1234328540743455e+00 4.0803212785002507e-04 0.0000000000000000e+00  1.1235001043028439e+00 1.9981253330509830e-04 0.0000000000000000e+00  1.1235225310529526e+00 -3.7368437652648107e-06 0.0000000000000000e+00  2.1523449996819925e-05 3.8333504618750003e-01 0.0000000000000000e+00  1.2806620989741679e-01 3.8319037442868531e-01 0.0000000000000000e+00  2.5603191348032195e-01 3.8277140511861485e-01 0.0000000000000000e+00  3.8383403549646977e-01 3.8208949241621287e-01 0.0000000000000000e+00  5.1137239119325628e-01 3.8071351947582383e-01 0.0000000000000000e+00  6.3853085374200858e-01 3.8120619530693611e-01 0.0000000000000000e+00  7.6517559314584349e-01 3.6976950639117345e-01 0.0000000000000000e+00  8.9116615813757993e-01 4.1307993481464483e-01 0.0000000000000000e+00  1.0163280494153015e+00 2.0512869672006409e-01 0.0000000000000000e+00  1.0282985223724252e+00 -1.8059359235859062e-02 0.0000000000000000e+00  1.0393325949029144e+00 4.7769878329472368e-02 0.0000000000000000e+00  1.0494035011512095e+00 2.4086405632761824e-02 0.0000000000000000e+00  1.0585425852337984e+00 2.7719983190699869e-02 0.0000000000000000e+00  1.0667795990506370e+00 2.3282689404627525e-02 0.0000000000000000e+00  1.0741592435990639e+00 2.1398159745105942e-02 0.0000000000000000e+00  1.0807330524306258e+00 1.8948994972035216e-02 0.0000000000000000e+00  1.0865586786813042e+00 1.6869493184814524e-02 0.0000000000000000e+00  1.0916968998766057e+00 1.4899223515804711e-02 0.0000000000000000e+00  1.0962095995731131e+00 1.3118221232285916e-02 0.0000000000000000e+00  1.1001578792477866e+00 1.1501962741544013e-02 0.0000000000000000e+00  1.1036006407322632e+00 1.0051070728833114e-02 0.0000000000000000e+00  1.1065935422589757e+00 8.7552192216907524e-03 0.0000000000000000e+00  1.1091883179914277e+00 7.6045833342902065e-03 0.0000000000000000e+00  1.1114323957943504e+00 6.5875577725643050e-03 0.0000000000000000e+00  1.1133687539342754e+00 5.6922229116724331e-03 0.0000000000000000e+00  1.1150359561883505e+00 4.9065738418125285e-03 0.0000000000000000e+00  1.1164683129508077e+00 4.2189372850762802e-03 0.0000000000000000e+00  1.1176961245188959e+00 3.6181922035691291e-03 0.0000000000000000e+00  1.1187459720546244e+00 3.0939261122498573e-03 0.0000000000000000e+00  1.1196410300873607e+00 2.6365137801859879e-03 0.0000000000000000e+00  1.1204013815879272e+00 2.2371441561937649e-03 0.0000000000000000e+00  1.1210443224176811e+00 1.8878073742049795e-03 0.0000000000000000e+00  1.1215846464409720e+00 1.5812542585701876e-03 0.0000000000000000e+00  1.1220349059111350e+00 1.3109372815535377e-03 0.0000000000000000e+00  1.1224056441770700e+00 1.0709399518435802e-03 0.0000000000000000e+00  1.1227055993630000e+00 8.5589959162434915e-04 0.0000000000000000e+00  1.1229418786765037e+00 6.6092685331356179e-04 0.0000000000000000e+00  1.1231201049297304e+00 4.8152539294369143e-04 0.0000000000000000e+00  1.1232445288158386e+00 3.1350575533125338e-04 0.0000000000000000e+00  1.1233181451702419e+00 1.5293172314151884e-04 0.0000000000000000e+00  1.1233426361617143e+00 -4.0798390169118373e-06 0.0000000000000000e+00  1.4490913298477559e-05 2.5540345539089232e-01 0.0000000000000000e+00  1.2782778685425805e-01 2.5529129567891240e-01 0.0000000000000000e+00  2.5555053363309504e-01 2.5502660104768499e-01 0.0000000000000000e+00  3.8309007964261671e-01 2.5447030074951232e-01 0.0000000000000000e+00  5.1034211744146440e-01 2.5379182370760933e-01 0.0000000000000000e+00  6.3719187294938551e-01 2.5337543328899692e-01 0.0000000000000000e+00  7.6351344068519456e-01 2.4762057065342322e-01 0.0000000000000000e+00  8.8917621546014902e-01 2.7264204097591316e-01 0.0000000000000000e+00  1.0140311806140718e+00 1.3662054368739285e-01 0.0000000000000000e+00  1.0259939800102515e+00 -1.4528668554006306e-02 0.0000000000000000e+00  1.0370418733340578e+00 3.3168894508463526e-02 0.0000000000000000e+00  1.0471582814404483e+00 1.5537369268428903e-02 0.0000000000000000e+00  1.0563690551800593e+00 1.8702413669793846e-02 0.0000000000000000e+00  1.0647013006455803e+00 1.5504007492443919e-02 0.0000000000000000e+00  1.0721949695278863e+00 1.4344336242242539e-02 0.0000000000000000e+00  1.0788967547715123e+00 1.2693472515352869e-02 0.0000000000000000e+00  1.0848593242429705e+00 1.1321471618966216e-02 0.0000000000000000e+00  1.0901388147086457e+00 1.0008485186065891e-02 0.0000000000000000e+00  1.0947930174265503e+00 8.8225639786271466e-03 0.0000000000000000e+00  1.0988796461943366e+00 7.7434471611413716e-03 0.0000000000000000e+00  1.1024549651629421e+00 6.7733028427768658e-03 0.0000000000000000e+00  1.1055727233446995e+00 5.9052942258987461e-03 0.0000000000000000e+00  1.1082834020270496e+00 5.1333691935570459e-03 0.0000000000000000e+00  1.1106337338861092e+00 4.4500823384941504e-03 0.0000000000000000e+00  1.1126664511660158e+00 3.8477564084846714e-03 0.0000000000000000e+00  1.1144202149117328e+00 3.3185829546344761e-03 0.0000000000000000e+00  1.1159296803714014e+00 2.8549225992506558e-03 0.0000000000000000e+00  1.1172256586123770e+00 2.4494560313187458e-03 0.0000000000000000e+00  1.1183353409459225e+00 2.0952983827996533e-03 0.0000000000000000e+00  1.1192825593829889e+00 1.7860596928206171e-03 0.0000000000000000e+00  1.1200880625295480e+00 1.5158703176775001e-03 0.0000000000000000e+00  1.1207697916744166e+00 1.2793783743166424e-03 0.0000000000000000e+00  1.1213431462448626e+00 1.0717276593888250e-03 0.0000000000000000e+00  1.1218212312622906e+00 8.8852204970922988e-04 0.0000000000000000e+00  1.1222150821552621e+00 7.2578123845453021e-04 0.0000000000000000e+00  1.1225338640401246e+00 5.7989115472655136e-04 0.0000000000000000e+00  1.1227850443842675e+00 4.4755184229424187e-04 0.0000000000000000e+00  1.1229745381990441e+00 3.2572406378820009e-04 0.0000000000000000e+00  1.1231068243323410e+00 2.1157412037725638e-04 0.0000000000000000e+00  1.1231850494996802e+00 1.0243380281428155e-04 0.0000000000000000e+00  1.1232110201102770e+00 -4.3254403970207642e-06 0.0000000000000000e+00  6.8048131577621643e-06 1.2765833132674456e-01 0.0000000000000000e+00  1.2767734094075683e-01 1.2758304067398996e-01 0.0000000000000000e+00  2.5525120213648911e-01 1.2748477589464774e-01 0.0000000000000000e+00  3.8263161992491740e-01 1.2707081895848041e-01 0.0000000000000000e+00  5.0971232327691518e-01 1.2710761700365933e-01 0.0000000000000000e+00  6.3637943194647684e-01 1.2579688417676951e-01 0.0000000000000000e+00  7.6251181004206892e-01 1.2572612056219098e-01 0.0000000000000000e+00  8.8798330895182631e-01 1.3247899479358738e-01 0.0000000000000000e+00  1.0126625458930050e+00 6.8242138826660609e-02 0.0000000000000000e+00  1.0246233395064728e+00 -1.1035273103463890e-02 0.0000000000000000e+00  1.0356790713889685e+00 1.8555692792505671e-02 0.0000000000000000e+00  1.0458223916014615e+00 6.9379408219850235e-03 0.0000000000000000e+00  1.0550750964272475e+00 9.6196094452295905e-03 0.0000000000000000e+00  1.0634630568414865e+00 7.6417160721400897e-03 0.0000000000000000e+00  1.0710234655564852e+00 7.1943553990819415e-03 0.0000000000000000e+00  1.0778002806207805e+00 6.3324912475062499e-03 0.0000000000000000e+00  1.0838433068577051e+00 5.6627005273808964e-03 0.0000000000000000e+00  1.0892059989392247e+00 5.0051098959491697e-03 0.0000000000000000e+00  1.0939437575309165e+00 4.4153758405276701e-03 0.0000000000000000e+00  1.0981122954189515e+00 3.8769031974750620e-03 0.0000000000000000e+00  1.1017662980198075e+00 3.3928296232299355e-03 0.0000000000000000e+00  1.1049583528312432e+00 2.9592566295950536e-03 0.0000000000000000e+00  1.1077381611186634e+00 2.5734232917031196e-03 0.0000000000000000e+00  1.1101520042707473e+00 2.2316426081026805e-03 0.0000000000000000e+00  1.1122424316555410e+00 1.9301629516415963e-03 0.0000000000000000e+00  1.1140481295115403e+00 1.6651352596530728e-03 0.0000000000000000e+00  1.1156039307458785e+00 1.4327874825487124e-03 0.0000000000000000e+00  1.1169409283260596e+00 1.2294945446416508e-03 0.0000000000000000e+00  1.1180866598475758e+00 1.0518391405093207e-03 0.0000000000000000e+00  1.1190653363949372e+00 8.9664313136234974e-04 0.0000000000000000e+00  1.1198980943400361e+00 7.6098202469259053e-04 0.0000000000000000e+00  1.1206032537462589e+00 6.4218506559236875e-04 0.0000000000000000e+00  1.1211965713747578e+00 5.3782538992422379e-04 0.0000000000000000e+00  1.1216914797875994e+00 4.4570315081665770e-04 0.0000000000000000e+00  1.1220993069227121e+00 3.6382413927724030e-04 0.0000000000000000e+00  1.1224294722905270e+00 2.9037541774611607e-04 0.0000000000000000e+00  1.1226896584153272e+00 2.2369995124937831e-04 0.0000000000000000e+00  1.1228859545904313e+00 1.6226917019258310e-04 0.0000000000000000e+00  1.1230229768351954e+00 1.0465826479317519e-04 0.0000000000000000e+00  1.1231039589613878e+00 4.9519323204266788e-05 0.0000000000000000e+00  1.1231307941112882e+00 -4.4685899094894948e-06 0.0000000000000000e+00  -1.1550152331005405e-06 8.4549034731789378e-06 0.0000000000000000e+00  1.2762109792282303e-01 -2.7973128028467407e-05 0.0000000000000000e+00  2.5514460205129241e-01 4.5803819933829269e-05 0.0000000000000000e+00  3.8247139299932348e-01 -2.1843729628478339e-04 0.0000000000000000e+00  5.0949472790916916e-01 5.4181542713621546e-04 0.0000000000000000e+00  6.3610102637202082e-01 -1.6580139463852378e-03 0.0000000000000000e+00  7.6217123114917851e-01 3.9581419239743416e-03 0.0000000000000000e+00  8.8757908091654569e-01 -7.5535360761656099e-03 0.0000000000000000e+00  1.0122047617073717e+00 -7.3432830809385533e-05 0.0000000000000000e+00  1.0241691298365123e+00 -7.5639102440827333e-03 0.0000000000000000e+00  1.0352270809259241e+00 3.9378900151255340e-03 0.0000000000000000e+00  1.0453800893041316e+00 -1.6872298767782610e-03 0.0000000000000000e+00  1.0546470138008881e+00 5.0483706532888949e-04 0.0000000000000000e+00  1.0630537466840855e+00 -2.6187044250711833e-04 0.0000000000000000e+00  1.0706364509979540e+00 -2.9561888689272542e-06 0.0000000000000000e+00  1.0774382258428123e+00 -8.0454527381439530e-05 0.0000000000000000e+00  1.0835079345306355e+00 -5.0674936815346356e-05 0.0000000000000000e+00  1.0888981638491162e+00 -5.3869441239198908e-05 0.0000000000000000e+00  1.0936635384070803e+00 -4.6944286193031977e-05 0.0000000000000000e+00  1.0978591226797165e+00 -4.3119317634438464e-05 0.0000000000000000e+00  1.1015390903958320e+00 -3.8561459856654240e-05 0.0000000000000000e+00  1.1047556527200655e+00 -3.4498449232798449e-05 0.0000000000000000e+00  1.1075582583028885e+00 -3.0635336950955494e-05 0.0000000000000000e+00  1.1099930426716200e+00 -2.7098889474676849e-05 0.0000000000000000e+00  1.1121024965967270e+00 -2.3872789063835885e-05 0.0000000000000000e+00  1.1139253154592501e+00 -2.0965874407772649e-05 0.0000000000000000e+00  1.1154963910078648e+00 -1.8367518929232022e-05 0.0000000000000000e+00  1.1168469090663389e+00 -1.6064009166610373e-05 0.0000000000000000e+00  1.1180045211076450e+00 -1.4036865511336425e-05 0.0000000000000000e+00  1.1189935627911722e+00 -1.2265758980323489e-05 0.0000000000000000e+00  1.1198352978695236e+00 -1.0729580248970031e-05 0.0000000000000000e+00  1.1205481707870142e+00 -9.4075615989088513e-06 0.0000000000000000e+00  1.1211480555888833e+00 -8.2799803703383516e-06 0.0000000000000000e+00  1.1216484922631511e+00 -7.3286854658583552e-06 0.0000000000000000e+00  1.1220609045886680e+00 -6.5373547195547194e-06 0.0000000000000000e+00  1.1223947952566902e+00 -5.8918894394240550e-06 0.0000000000000000e+00  1.1226579170561033e+00 -5.3798747238559190e-06 0.0000000000000000e+00  1.1228564155160192e+00 -4.9925499603933079e-06 0.0000000000000000e+00  1.1229949524123464e+00 -4.7193506208984691e-06 0.0000000000000000e+00  1.1230767836265438e+00 -4.5616707365860244e-06 0.0000000000000000e+00  1.1231038505996374e+00 -4.5063662524742924e-06 0.0000000000000000e+00  -9.0705512430317556e-06 -1.2764127317785229e-01 0.0000000000000000e+00  1.2766116451841875e-01 -1.2763875155086368e-01 0.0000000000000000e+00  2.5523414739728612e-01 -1.2739257288835837e-01 0.0000000000000000e+00  3.8261333321371183e-01 -1.2750725618346434e-01 0.0000000000000000e+00  5.0969280523082472e-01 -1.2602285393604296e-01 0.0000000000000000e+00  6.3635866110598605e-01 -1.2911406745589327e-01 0.0000000000000000e+00  7.6249142172006357e-01 -1.1780607976222485e-01 0.0000000000000000e+00  8.8796033504241567e-01 -1.4759347289545000e-01 0.0000000000000000e+00  1.0126519557030946e+00 -6.8389837960990435e-02 0.0000000000000000e+00  1.0246256618786858e+00 -4.1004619076065374e-03 0.0000000000000000e+00  1.0356803130982910e+00 -1.0677095444298963e-02 0.0000000000000000e+00  1.0458262683648927e+00 -1.0314784032589737e-02 0.0000000000000000e+00  1.0550803793027570e+00 -8.6101390018111183e-03 0.0000000000000000e+00  1.0634697900593957e+00 -8.1662648562520791e-03 0.0000000000000000e+00  1.0710312728958871e+00 -7.2006738845392963e-03 0.0000000000000000e+00  1.0778088733082103e+00 -6.4937333446485014e-03 0.0000000000000000e+00  1.0838523704171408e+00 -5.7642093745001394e-03 0.0000000000000000e+00  1.0892152518402916e+00 -5.1128836238293392e-03 0.0000000000000000e+00  1.0939529529841787e+00 -4.5091847177854026e-03 0.0000000000000000e+00  1.0981212320121947e+00 -3.9629738026682234e-03 0.0000000000000000e+00  1.1017748206825222e+00 -3.4697178887771844e-03 0.0000000000000000e+00  1.1049663510770913e+00 -3.0279736458669478e-03 0.0000000000000000e+00  1.1077455642026108e+00 -2.6343870824987480e-03 0.0000000000000000e+00  1.1101587750101496e+00 -2.2855216406571740e-03 0.0000000000000000e+00  1.1122485597387479e+00 -1.9775897303629928e-03 0.0000000000000000e+00  1.1140536250397994e+00 -1.7067569113692403e-03 0.0000000000000000e+00  1.1156088184217727e+00 -1.4692271880271434e-03 0.0000000000000000e+00  1.1169452425066253e+00 -1.2613458162416620e-03 0.0000000000000000e+00  1.1180904405192087e+00 -1.0796567382459321e-03 0.0000000000000000e+00  1.1190686260274059e+00 -9.2093977944519997e-04 0.0000000000000000e+00  1.1199009355199507e+00 -7.8222720916012263e-04 0.0000000000000000e+00  1.1206056874647334e+00 -6.6080601266048334e-04 0.0000000000000000e+00  1.1211986358435146e+00 -5.5420938945197821e-04 0.0000000000000000e+00  1.1216932096534189e+00 -4.6020087663136263e-04 0.0000000000000000e+00  1.1221007328167221e+00 -3.7675343653166722e-04 0.0000000000000000e+00  1.1224306204673271e+00 -3.0202583762872418e-04 0.0000000000000000e+00  1.1226905510162759e+00 -2.3433618656302423e-04 0.0000000000000000e+00  1.1228866081656750e+00 -1.7213836921260104e-04 0.0000000000000000e+00  1.1230234078771195e+00 -1.1398652224775881e-04 0.0000000000000000e+00  1.1231041631232612e+00 -5.8535402032061052e-05 0.0000000000000000e+00  1.1231308244920035e+00 -4.4380016856851054e-06 0.0000000000000000e+00  -1.6613676804018542e-05 -2.5538592058356258e-01 0.0000000000000000e+00  1.2779601195007470e-01 -2.5534624222229424e-01 0.0000000000000000e+00  2.5551679737150057e-01 -2.5493248117086081e-01 0.0000000000000000e+00  3.8305358241663651e-01 -2.5490527648344496e-01 0.0000000000000000e+00  5.1030281609622219e-01 -2.5270346466169907e-01 0.0000000000000000e+00  6.3714972092200950e-01 -2.5669601512521878e-01 0.0000000000000000e+00  7.6347183964782339e-01 -2.3968896583224328e-01 0.0000000000000000e+00  8.8912914718925229e-01 -2.8777906156777139e-01 0.0000000000000000e+00  1.0140094575429162e+00 -1.3677077192418388e-01 0.0000000000000000e+00  1.0259987434207543e+00 -6.3121463976310887e-04 0.0000000000000000e+00  1.0370444155416565e+00 -2.5281698239935542e-02 0.0000000000000000e+00  1.0471662281195104e+00 -1.8921482775263464e-02 0.0000000000000000e+00  1.0563798705180840e+00 -1.7693553142197831e-02 0.0000000000000000e+00  1.0647150659376594e+00 -1.6031006505057697e-02 0.0000000000000000e+00  1.0722109004048908e+00 -1.4351872643525563e-02 0.0000000000000000e+00  1.0789142510927210e+00 -1.2855707275036670e-02 0.0000000000000000e+00  1.0848777370898013e+00 -1.1423441107521460e-02 0.0000000000000000e+00  1.0901575679057052e+00 -1.0116342622242131e-02 0.0000000000000000e+00  1.0948116102237633e+00 -8.9161105368994846e-03 0.0000000000000000e+00  1.0988976740180991e+00 -7.8289906314044852e-03 0.0000000000000000e+00  1.1024721201625673e+00 -6.8494658992245498e-03 0.0000000000000000e+00  1.1055887895132472e+00 -5.9731531938709368e-03 0.0000000000000000e+00  1.1082982442467593e+00 -5.1933972235437354e-03 0.0000000000000000e+00  1.1106472845878381e+00 -4.5029933516391885e-03 0.0000000000000000e+00  1.1126786962570843e+00 -3.8942181019419016e-03 0.0000000000000000e+00  1.1144311804397748e+00 -3.3592683281447430e-03 0.0000000000000000e+00  1.1159394206966768e+00 -2.8904725633439972e-03 0.0000000000000000e+00  1.1172342464656992e+00 -2.4804751043571312e-03 0.0000000000000000e+00  1.1183428594285081e+00 -2.1223469906387162e-03 0.0000000000000000e+00  1.1192890957797428e+00 -1.8096521500198348e-03 0.0000000000000000e+00  1.1200937037037590e+00 -1.5364747066586668e-03 0.0000000000000000e+00  1.1207746207738210e+00 -1.2974184073331764e-03 0.0000000000000000e+00  1.1213472404542282e+00 -1.0875856956500201e-03 0.0000000000000000e+00  1.1218246603375159e+00 -9.0254293800025298e-04 0.0000000000000000e+00  1.1222179076081136e+00 -7.3827648690860637e-04 0.0000000000000000e+00  1.1225361384889145e+00 -5.9114371725430383e-04 0.0000000000000000e+00  1.1227868121265521e+00 -4.5781975327003092e-04 0.0000000000000000e+00  1.1229758323274177e+00 -3.3524776057751839e-04 0.0000000000000000e+00  1.1231076777165816e+00 -2.2057322552587668e-04 0.0000000000000000e+00  1.1231854536738226e+00 -1.1113025788746833e-04 0.0000000000000000e+00  1.1232110802500765e+00 -4.2648865488708900e-06 0.0000000000000000e+00  -2.3372495011820196e-05 -3.8331660624356961e-01 0.0000000000000000e+00  1.2802012657970216e-01 -3.8324384333674427e-01 0.0000000000000000e+00  2.5598234184939650e-01 -3.8267363227292567e-01 0.0000000000000000e+00  3.8377952861522968e-01 -3.8252150799071971e-01 0.0000000000000000e+00  5.1131276365940947e-01 -3.7961846712400615e-01 0.0000000000000000e+00  6.3846602389791163e-01 -3.8453220093809592e-01 0.0000000000000000e+00  7.6511101167888096e-01 -3.6181760026562476e-01 0.0000000000000000e+00  8.9109258108556044e-01 -4.2825565690880046e-01 0.0000000000000000e+00  1.0162940219936620e+00 -2.0528323863251899e-01 0.0000000000000000e+00  1.0283059805384531e+00 2.8578175476075291e-03 0.0000000000000000e+00  1.0393365589572801e+00 -3.9867835539866940e-02 0.0000000000000000e+00  1.0494159252819619e+00 -2.7483052898155252e-02 0.0000000000000000e+00  1.0585594572946133e+00 -2.6712132465618193e-02 0.0000000000000000e+00  1.0668010214482302e+00 -2.3813862068376438e-02 0.0000000000000000e+00  1.0741839551140540e+00 -2.1407722186992526e-02 0.0000000000000000e+00  1.0807600939441175e+00 -1.9112859949865581e-02 0.0000000000000000e+00  1.0865870255309942e+00 -1.6972172864694140e-02 0.0000000000000000e+00  1.0917256550721670e+00 -1.5007148095836970e-02 0.0000000000000000e+00  1.0962379949948524e+00 -1.3211250787623193e-02 0.0000000000000000e+00  1.1001853050368255e+00 -1.1586549202845775e-02 0.0000000000000000e+00  1.1036266422522560e+00 -1.0125953291600811e-02 0.0000000000000000e+00  1.1066178091683860e+00 -8.8215863272525230e-03 0.0000000000000000e+00  1.1092106645376918e+00 -7.6630013718937016e-03 0.0000000000000000e+00  1.1114527383046662e+00 -6.6388164120506294e-03 0.0000000000000000e+00  1.1133870880058736e+00 -5.7370475824528224e-03 0.0000000000000000e+00  1.1150523356974107e+00 -4.9456792617095765e-03 0.0000000000000000e+00  1.1164828318653435e+00 -4.2529923283689351e-03 0.0000000000000000e+00  1.1177089019192628e+00 -3.6478181721544154e-03 0.0000000000000000e+00  1.1187571403035135e+00 -3.1196914638941123e-03 0.0000000000000000e+00  1.1196507258437634e+00 -2.6589342763441138e-03 0.0000000000000000e+00  1.1204097392399639e+00 -2.2566845591796164e-03 0.0000000000000000e+00  1.1210514694791271e+00 -1.9048847725414673e-03 0.0000000000000000e+00  1.1215907004871777e+00 -1.5962422163099258e-03 0.0000000000000000e+00  1.1220399726445311e+00 -1.3241705218843252e-03 0.0000000000000000e+00  1.1224098164196181e+00 -1.0827191340651251e-03 0.0000000000000000e+00  1.1227089562609367e+00 -8.6649648987589519e-04 0.0000000000000000e+00  1.1229444866727116e+00 -6.7058829818398354e-04 0.0000000000000000e+00  1.1231220136140039e+00 -4.9048058971348904e-04 0.0000000000000000e+00  1.1232457871853105e+00 -3.2196353194823170e-04 0.0000000000000000e+00  1.1233187410803205e+00 -1.6110267467158118e-04 0.0000000000000000e+00  1.1233427248213979e+00 -3.9905614293280289e-06 0.0000000000000000e+00  -2.8764267778599930e-05 -5.1151569851726819e-01 0.0000000000000000e+00  1.2832276936648138e-01 -5.1141709362435472e-01 0.0000000000000000e+00  2.5661103711677796e-01 -5.1071040839846948e-01 0.0000000000000000e+00  3.8476670614741182e-01 -5.1046353044776571e-01 0.0000000000000000e+00  5.1269908354024196e-01 -5.0688930002230792e-01 0.0000000000000000e+00  6.4029087997889389e-01 -5.1275868858487894e-01 0.0000000000000000e+00  7.6740450534119375e-01 -4.8432934950548906e-01 0.0000000000000000e+00  8.9386194383491746e-01 -5.6918360764801113e-01 0.0000000000000000e+00  1.0195346109863386e+00 -2.7400135422734728e-01 0.0000000000000000e+00  1.0315777056628579e+00 6.3815995866333885e-03 0.0000000000000000e+00  1.0425863287768029e+00 -5.4426485345905030e-02 0.0000000000000000e+00  1.0526027352556535e+00 -3.5972922597466539e-02 0.0000000000000000e+00  1.0616429503683567e+00 -3.5629435444671828e-02 0.0000000000000000e+00  1.0697469721315234e+00 -3.1468862868071913e-02 0.0000000000000000e+00  1.0769647668611664e+00 -2.8315430427357378e-02 0.0000000000000000e+00  1.0833556909140023e+00 -2.5207803362936539e-02 0.0000000000000000e+00  1.0889847893448403e+00 -2.2350669317773474e-02 0.0000000000000000e+00  1.0939198953735838e+00 -1.9725161351926566e-02 0.0000000000000000e+00  1.0982290310786458e+00 -1.7335674383591064e-02 0.0000000000000000e+00  1.1019783563909393e+00 -1.5179163924063110e-02 0.0000000000000000e+00  1.1052306688417666e+00 -1.3246022653771299e-02 0.0000000000000000e+00  1.1080444122193942e+00 -1.1524009802030314e-02 0.0000000000000000e+00  1.1104731160473025e+00 -9.9981326146946440e-03 0.0000000000000000e+00  1.1125651733582080e+00 -8.6522143728435461e-03 0.0000000000000000e+00  1.1143638675860044e+00 -7.4695311952280002e-03 0.0000000000000000e+00  1.1159075703500978e+00 -6.4335024299257059e-03 0.0000000000000000e+00  1.1172300467643241e+00 -5.5281187059173413e-03 0.0000000000000000e+00  1.1183608197402624e+00 -4.7382464779857610e-03 0.0000000000000000e+00  1.1193255579966188e+00 -4.0498035138457440e-03 0.0000000000000000e+00  1.1201464633315714e+00 -3.4498437837520621e-03 0.0000000000000000e+00  1.1208426411290511e+00 -2.9265724721592675e-03 0.0000000000000000e+00  1.1214304442847294e+00 -2.4693119420091613e-03 0.0000000000000000e+00  1.1219237851762069e+00 -2.0684340526485843e-03 0.0000000000000000e+00  1.1223344132480533e+00 -1.7152709518680955e-03 0.0000000000000000e+00  1.1226721579765553e+00 -1.4020129451602437e-03 0.0000000000000000e+00  1.1229451373251098e+00 -1.1216003379967668e-03 0.0000000000000000e+00  1.1231599354675397e+00 -8.6761105059861244e-04 0.0000000000000000e+00  1.1233217431187272e+00 -6.3415502049686545e-04 0.0000000000000000e+00  1.1234344915117211e+00 -4.1574726367024639e-04 0.0000000000000000e+00  1.1235008795974353e+00 -2.0726286639893547e-04 0.0000000000000000e+00  1.1235226463840773e+00 -3.6206954950913747e-06 0.0000000000000000e+00  -3.1919114668130321e-05 -6.4005010216692981e-01 0.0000000000000000e+00  1.2868563995781257e-01 -6.3993759740374678e-01 0.0000000000000000e+00  2.5736919414800302e-01 -6.3912760279343184e-01 0.0000000000000000e+00  3.8597301888051755e-01 -6.3883600847582178e-01 0.0000000000000000e+00  5.1442047112115097e-01 -6.3464209902773272e-01 0.0000000000000000e+00  6.4259359923473691e-01 -6.4152434077325105e-01 0.0000000000000000e+00  7.7034113780581248e-01 -6.0737897418258735e-01 0.0000000000000000e+00  8.9745140314691041e-01 -7.1074849384805816e-01 0.0000000000000000e+00  1.0237738365442526e+00 -3.4301129072921299e-01 0.0000000000000000e+00  1.0358586586824370e+00 9.9569114506729613e-03 0.0000000000000000e+00  1.0468373344266910e+00 -6.8947172980115184e-02 0.0000000000000000e+00  1.0567668031164823e+00 -4.4360695738020268e-02 0.0000000000000000e+00  1.0656649485051606e+00 -4.4403853887484780e-02 0.0000000000000000e+00  1.0735805874932813e+00 -3.8943988640499472e-02 0.0000000000000000e+00  1.0805734165267937e+00 -3.5015868572743254e-02 0.0000000000000000e+00  1.0867135620676378e+00 -3.1077036934872584e-02 0.0000000000000000e+00  1.0920765622662001e+00 -2.7493691654698081e-02 0.0000000000000000e+00  1.0967397800784007e+00 -2.4205590774980090e-02 0.0000000000000000e+00  1.1007793027727286e+00 -2.1226754296678030e-02 0.0000000000000000e+00  1.1042676830037395e+00 -1.8547608672355026e-02 0.0000000000000000e+00  1.1072724360636907e+00 -1.6154654346917527e-02 0.0000000000000000e+00  1.1098551918807700e+00 -1.4030055237562018e-02 0.0000000000000000e+00  1.1120713577957106e+00 -1.2153236284549285e-02 0.0000000000000000e+00  1.1139701499432575e+00 -1.0502400699317861e-02 0.0000000000000000e+00  1.1155948693015423e+00 -9.0554614799934832e-03 0.0000000000000000e+00  1.1169833237109672e+00 -7.7908293542308989e-03 0.0000000000000000e+00  1.1181683227951531e+00 -6.6879115317147351e-03 0.0000000000000000e+00  1.1191781949550699e+00 -5.7274367406477990e-03 0.0000000000000000e+00  1.1200372933002762e+00 -4.8916255620088268e-03 0.0000000000000000e+00  1.1207664705111486e+00 -4.1642519796092374e-03 0.0000000000000000e+00  1.1213835118674309e+00 -3.5306251081203997e-03 0.0000000000000000e+00  1.1219035218450171e+00 -2.9775168529523840e-03 0.0000000000000000e+00  1.1223392636075311e+00 -2.4930543291343133e-03 0.0000000000000000e+00  1.1227014529555157e+00 -2.0665912388014821e-03 0.0000000000000000e+00  1.1229990097592164e+00 -1.6885679973215437e-03 0.0000000000000000e+00  1.1232392695055322e+00 -1.3503681326724392e-03 0.0000000000000000e+00  1.1234281609032675e+00 -1.0441727320347294e-03 0.0000000000000000e+00  1.1235703435210509e+00 -7.6282472045089897e-04 0.0000000000000000e+00  1.1236693410917133e+00 -4.9967105089581039e-04 0.0000000000000000e+00  1.1237275564801650e+00 -2.4850020867173324e-04 0.0000000000000000e+00  1.1237465786549627e+00 -3.1630458643772308e-06 0.0000000000000000e+00  -3.1525019529795587e-05 -7.6896130634403514e-01 0.0000000000000000e+00  1.2907906706693306e-01 -7.6885394830664000e-01 0.0000000000000000e+00  2.5820199084666917e-01 -7.6799385208763726e-01 0.0000000000000000e+00  3.8732929569913421e-01 -7.6773800940212777e-01 0.0000000000000000e+00  5.1640773435756260e-01 -7.6300954247816744e-01 0.0000000000000000e+00  6.4532040625729181e-01 -7.7099752917617081e-01 0.0000000000000000e+00  7.7389665420870535e-01 -7.3114831666822178e-01 0.0000000000000000e+00  9.0187563476492039e-01 -8.5317540299133143e-01 0.0000000000000000e+00  1.0290702655777746e+00 -4.1241818725385199e-01 0.0000000000000000e+00  1.0412106620007529e+00 1.3603445932590217e-02 0.0000000000000000e+00  1.0521497476505814e+00 -8.3417294578649728e-02 0.0000000000000000e+00  1.0619631285453488e+00 -5.2610153280120940e-02 0.0000000000000000e+00  1.0706722420755235e+00 -5.2986032237828461e-02 0.0000000000000000e+00  1.0783385390557454e+00 -4.6178253482139178e-02 0.0000000000000000e+00  1.0850356844282723e+00 -4.1440676303982689e-02 0.0000000000000000e+00  1.0908488530081131e+00 -3.6648318443396562e-02 0.0000000000000000e+00  1.0958678839787517e+00 -3.2328292892149543e-02 0.0000000000000000e+00  1.1001827489220370e+00 -2.8377277406991770e-02 0.0000000000000000e+00  1.1038798591120265e+00 -2.4816939038899134e-02 0.0000000000000000e+00  1.1070396417205908e+00 -2.1629123684801226e-02 0.0000000000000000e+00  1.1097351532784647e+00 -1.8794535021632225e-02 0.0000000000000000e+00  1.1120315229059166e+00 -1.6288099228117726e-02 0.0000000000000000e+00  1.1139859835170172e+00 -1.4082326348100698e-02 0.0000000000000000e+00  1.1156482818740467e+00 -1.2148776564716421e-02 0.0000000000000000e+00  1.1170613023981826e+00 -1.0459257287615781e-02 0.0000000000000000e+00  1.1182617858943418e+00 -8.9866659427736174e-03 0.0000000000000000e+00  1.1192810641066724e+00 -7.7055131338778929e-03 0.0000000000000000e+00  1.1201457617698538e+00 -6.5922244242528271e-03 0.0000000000000000e+00  1.1208784398119360e+00 -5.6252673600943187e-03 0.0000000000000000e+00  1.1214981680643561e+00 -4.7851582128542536e-03 0.0000000000000000e+00  1.1220210250326643e+00 -4.0543855666765587e-03 0.0000000000000000e+00  1.1224605275892297e+00 -3.4172807481846076e-03 0.0000000000000000e+00  1.1228279961929444e+00 -2.8598564309201065e-03 0.0000000000000000e+00  1.1231328622552299e+00 -2.3696287363541963e-03 0.0000000000000000e+00  1.1233829246302616e+00 -1.9354329392283359e-03 0.0000000000000000e+00  1.1235845608297088e+00 -1.5472401618395863e-03 0.0000000000000000e+00  1.1237429012799993e+00 -1.1959762543818607e-03 0.0000000000000000e+00  1.1238619615880006e+00 -8.7335471600493591e-04 0.0000000000000000e+00  1.1239447723845295e+00 -5.7168831031063796e-04 0.0000000000000000e+00  1.1239933817908936e+00 -2.8380802206769021e-04 0.0000000000000000e+00  1.1240091903022655e+00 -2.6273913353494676e-06 0.0000000000000000e+00  -2.5594498815365030e-05 -8.9825034980638652e-01 0.0000000000000000e+00  1.2945615431954482e-01 -8.9817792438335908e-01 0.0000000000000000e+00  2.5902237592606686e-01 -8.9735138961789640e-01 0.0000000000000000e+00  3.8872459040589902e-01 -8.9725834802197635e-01 0.0000000000000000e+00  5.1854784722720071e-01 -8.9213281468693439e-01 0.0000000000000000e+00  6.4838001430355274e-01 -9.0137536682307029e-01 0.0000000000000000e+00  7.7802357139515821e-01 -8.5586009309653177e-01 0.0000000000000000e+00  9.0714593298827284e-01 -9.9674970281190334e-01 0.0000000000000000e+00  1.0355019359387005e+00 -4.8235623430265334e-01 0.0000000000000000e+00  1.0477167023916021e+00 1.7345365864535216e-02 0.0000000000000000e+00  1.0586041232312313e+00 -9.7821146872537623e-02 0.0000000000000000e+00  1.0682646115075487e+00 -6.0676456164030550e-02 0.0000000000000000e+00  1.0767257455765278e+00 -6.1315341787267490e-02 0.0000000000000000e+00  1.0840672471163544e+00 -5.3097856902866648e-02 0.0000000000000000e+00  1.0903827498171279e+00 -4.7508591254660018e-02 0.0000000000000000e+00  1.0957782547355241e+00 -4.1837490863510803e-02 0.0000000000000000e+00  1.1003627475489213e+00 -3.6771311252536576e-02 0.0000000000000000e+00  1.1042424448975601e+00 -3.2160887491620327e-02 0.0000000000000000e+00  1.1075164917271496e+00 -2.8032585760989652e-02 0.0000000000000000e+00  1.1102745340324869e+00 -2.4356781525888955e-02 0.0000000000000000e+00  1.1125956860892205e+00 -2.1105833485706889e-02 0.0000000000000000e+00  1.1145485095371772e+00 -1.8245332457875192e-02 0.0000000000000000e+00  1.1161916253176503e+00 -1.5739248580720629e-02 0.0000000000000000e+00  1.1175746674040887e+00 -1.3551310010184645e-02 0.0000000000000000e+00  1.1187393720160288e+00 -1.1646401144540078e-02 0.0000000000000000e+00  1.1197206705611955e+00 -9.9913875928695269e-03 0.0000000000000000e+00  1.1205477106656783e+00 -8.5555943824209800e-03 0.0000000000000000e+00  1.1212447684060440e+00 -7.3110241423598758e-03 0.0000000000000000e+00  1.1218320395170431e+00 -6.2323914127690432e-03 0.0000000000000000e+00  1.1223263117593096e+00 -5.2970359190125460e-03 0.0000000000000000e+00  1.1227415281443140e+00 -4.4847588627682181e-03 0.0000000000000000e+00  1.1230892538691803e+00 -3.7776148639987041e-03 0.0000000000000000e+00  1.1233790604323943e+00 -3.1596817779980264e-03 0.0000000000000000e+00  1.1236188395533688e+00 -2.6168233943259524e-03 0.0000000000000000e+00  1.1238150583382038e+00 -2.1364542451246340e-03 0.0000000000000000e+00  1.1239729645365961e+00 -1.7073127913750446e-03 0.0000000000000000e+00  1.1240967526120358e+00 -1.3192429252573460e-03 0.0000000000000000e+00  1.1241896868237495e+00 -9.6299491920183011e-04 0.0000000000000000e+00  1.1242542239709301e+00 -6.3000745820474186e-04 0.0000000000000000e+00  1.1242920027604280e+00 -3.1230739800966375e-04 0.0000000000000000e+00  1.1243041987037456e+00 -2.0254311936200566e-06 0.0000000000000000e+00  -1.1175260860846779e-05 -1.0278551365979653e+00 0.0000000000000000e+00  1.2974400097110952e-01 -1.0278635615340226e+00 0.0000000000000000e+00  2.5969434685363363e-01 -1.0272001181666424e+00 0.0000000000000000e+00  3.8998381241968000e-01 -1.0274676762182726e+00 0.0000000000000000e+00  5.2065935983308242e-01 -1.0221634745116268e+00 0.0000000000000000e+00  6.5162103716759567e-01 -1.0328966788264700e+00 0.0000000000000000e+00  7.8263501587546125e-01 -9.8179803923020326e-01 0.0000000000000000e+00  9.1326382248460547e-01 -1.1418480690520361e+00 0.0000000000000000e+00  1.0431716743952826e+00 -5.5300377871759376e-01 0.0000000000000000e+00  1.0554871100077128e+00 2.1213641100630370e-02 0.0000000000000000e+00  1.0663070726544099e+00 -1.1213841602090333e-01 0.0000000000000000e+00  1.0757663943888498e+00 -6.8502016616399333e-02 0.0000000000000000e+00  1.0839030253667827e+00 -6.9314849134018197e-02 0.0000000000000000e+00  1.0908235720464687e+00 -5.9610917218924669e-02 0.0000000000000000e+00  1.0966503584061609e+00 -5.3120674632210083e-02 0.0000000000000000e+00  1.1015181301899477e+00 -4.6544602437325958e-02 0.0000000000000000e+00  1.1055611827456191e+00 -4.0726536130570583e-02 0.0000000000000000e+00  1.1089061675387522e+00 -3.5467078110317081e-02 0.0000000000000000e+00  1.1116673460736328e+00 -3.0792968283815603e-02 0.0000000000000000e+00  1.1139445405617856e+00 -2.6659138664905702e-02 0.0000000000000000e+00  1.1158228816601192e+00 -2.3026302339078451e-02 0.0000000000000000e+00  1.1173737025896928e+00 -1.9848147528272419e-02 0.0000000000000000e+00  1.1186560246761494e+00 -1.7078228400180032e-02 0.0000000000000000e+00  1.1197182584476102e+00 -1.4671153715607855e-02 0.0000000000000000e+00  1.1205998868704392e+00 -1.2584067024829830e-02 0.0000000000000000e+00  1.1213330051698962e+00 -1.0777340015850533e-02 0.0000000000000000e+00  1.1219436628657513e+00 -9.2149080072918728e-03 0.0000000000000000e+00  1.1224529967211523e+00 -7.8643259341117707e-03 0.0000000000000000e+00  1.1228781666425420e+00 -6.6966496712641465e-03 0.0000000000000000e+00  1.1232331173064052e+00 -5.6862113339281959e-03 0.0000000000000000e+00  1.1235291915725245e+00 -4.8103364844621277e-03 0.0000000000000000e+00  1.1237756209848955e+00 -4.0490356327166519e-03 0.0000000000000000e+00  1.1239799160082231e+00 -3.3846906843371608e-03 0.0000000000000000e+00  1.1241481752261862e+00 -2.8017490481380049e-03 0.0000000000000000e+00  1.1242853295953681e+00 -2.2864322308537533e-03 0.0000000000000000e+00  1.1243953338278339e+00 -1.8264629068846891e-03 0.0000000000000000e+00  1.1244813178264774e+00 -1.4108083753325098e-03 0.0000000000000000e+00  1.1245456956750202e+00 -1.0294499589766260e-03 0.0000000000000000e+00  1.1245902768514775e+00 -6.7313743254427652e-04 0.0000000000000000e+00  1.1246162415979992e+00 -3.3326959687374804e-04 0.0000000000000000e+00  1.1246245068848035e+00 -1.3706386324502637e-06 0.0000000000000000e+00  1.6080964401147383e-05 -1.1576166967225145e+00 0.0000000000000000e+00  1.2983103836624713e-01 -1.1577755843304367e+00 0.0000000000000000e+00  2.6000854577561083e-01 -1.1574728329942203e+00 0.0000000000000000e+00  3.9083436471764227e-01 -1.1584052150926407e+00 0.0000000000000000e+00  5.2245478580711202e-01 -1.1532647262593509e+00 0.0000000000000000e+00  6.5479662966427887e-01 -1.1658603346165823e+00 0.0000000000000000e+00  7.8757890715129397e-01 -1.1093367280137092e+00 0.0000000000000000e+00  9.2021050987921693e-01 -1.2889857250992989e+00 0.0000000000000000e+00  1.0522152146489916e+00 -6.2460640390215050e-01 0.0000000000000000e+00  1.0646689956452988e+00 2.5249718053374625e-02 0.0000000000000000e+00  1.0753997084411606e+00 -1.2634164664532055e-01 0.0000000000000000e+00  1.0845919755055098e+00 -7.6010131451472923e-02 0.0000000000000000e+00  1.0923014267835682e+00 -7.6883885708560140e-02 0.0000000000000000e+00  1.0986751066057399e+00 -6.5600087343292715e-02 0.0000000000000000e+00  1.1038769483819080e+00 -5.8154024054089835e-02 0.0000000000000000e+00  1.1080813330226122e+00 -5.0649183319418561e-02 0.0000000000000000e+00  1.1114555558125658e+00 -4.4081607026577742e-02 0.0000000000000000e+00  1.1141512377374501e+00 -3.8194805287472759e-02 0.0000000000000000e+00  1.1162997053327157e+00 -3.3009666608285824e-02 0.0000000000000000e+00  1.1180110851628218e+00 -2.8460370023706480e-02 0.0000000000000000e+00  1.1193755401355572e+00 -2.4491870385613009e-02 0.0000000000000000e+00  1.1204656270027264e+00 -2.1042971282614648e-02 0.0000000000000000e+00  1.1213390287298008e+00 -1.8054792342733515e-02 0.0000000000000000e+00  1.1220412292350126e+00 -1.5471560080930553e-02 0.0000000000000000e+00  1.1226079101404369e+00 -1.3241974362985643e-02 0.0000000000000000e+00  1.1230669871082435e+00 -1.1319605448080082e-02 0.0000000000000000e+00  1.1234402809498798e+00 -9.6629580556630342e-03 0.0000000000000000e+00  1.1237448572102142e+00 -8.2352694838147243e-03 0.0000000000000000e+00  1.1239940827898227e+00 -7.0041695793217392e-03 0.0000000000000000e+00  1.1241984501350124e+00 -5.9412708530043471e-03 0.0000000000000000e+00  1.1243662152395231e+00 -5.0217351070897991e-03 0.0000000000000000e+00  1.1245038889785286e+00 -4.2238443159162394e-03 0.0000000000000000e+00  1.1246166141926439e+00 -3.5285914856045351e-03 0.0000000000000000e+00  1.1247084543223733e+00 -2.9192994309664355e-03 0.0000000000000000e+00  1.1247826140059467e+00 -2.3812701265507252e-03 0.0000000000000000e+00  1.1248416065307512e+00 -1.9014650760320535e-03 0.0000000000000000e+00  1.1248873827548542e+00 -1.4682117926251375e-03 0.0000000000000000e+00  1.1249214201726507e+00 -1.0709435273814523e-03 0.0000000000000000e+00  1.1249448175394878e+00 -6.9992934502563920e-04 0.0000000000000000e+00  1.1249582551238209e+00 -3.4613643085032941e-04 0.0000000000000000e+00  1.1249623619551232e+00 -6.7806150172887811e-07 0.0000000000000000e+00  6.2392199621063991e-05 -1.2872290951917644e+00 0.0000000000000000e+00  1.2954895177650264e-01 -1.2876424934089623e+00 0.0000000000000000e+00  2.5964663899455176e-01 -1.2879976235417854e+00 0.0000000000000000e+00  3.9085624803661395e-01 -1.2900568559747749e+00 0.0000000000000000e+00  5.2348308478691208e-01 -1.2856100772799284e+00 0.0000000000000000e+00  6.5750901651718752e-01 -1.3006505080577302e+00 0.0000000000000000e+00  7.9259624273463258e-01 -1.2389861647268352e+00 0.0000000000000000e+00  9.2792911208939266e-01 -1.4388897383013166e+00 0.0000000000000000e+00  1.0628138409097647e+00 -6.9751282158542638e-01 0.0000000000000000e+00  1.0754609545343683e+00 2.9511518230685454e-02 0.0000000000000000e+00  1.0860703418132067e+00 -1.4039175501217335e-01 0.0000000000000000e+00  1.0949017268489167e+00 -8.3094781173665727e-02 0.0000000000000000e+00  1.1020416044308934e+00 -8.3886772302004434e-02 0.0000000000000000e+00  1.1076993398732493e+00 -7.0912049774494459e-02 0.0000000000000000e+00  1.1120998316239410e+00 -6.2453509436659671e-02 0.0000000000000000e+00  1.1154719087975928e+00 -5.4004652227339446e-02 0.0000000000000000e+00  1.1180249988050985e+00 -4.6704884214297721e-02 0.0000000000000000e+00  1.1199399274691693e+00 -4.0230120355236279e-02 0.0000000000000000e+00  1.1213657963955581e+00 -3.4586683428364039e-02 0.0000000000000000e+00  1.1224216110857159e+00 -2.9681176554144203e-02 0.0000000000000000e+00  1.1232000903912287e+00 -2.5437943084648435e-02 0.0000000000000000e+00  1.1237722117180196e+00 -2.1777690182006648e-02 0.0000000000000000e+00  1.1241916106512169e+00 -1.8627156235685911e-02 0.0000000000000000e+00  1.1244984356099308e+00 -1.5919146101973227e-02 0.0000000000000000e+00  1.1247225308123003e+00 -1.3593493344989604e-02 0.0000000000000000e+00  1.1248859674949767e+00 -1.1596941993880595e-02 0.0000000000000000e+00  1.1250050066103725e+00 -9.8827831661531338e-03 0.0000000000000000e+00  1.1250915944453703e+00 -8.4102887149033988e-03 0.0000000000000000e+00  1.1251544884709208e+00 -7.1440796866387678e-03 0.0000000000000000e+00  1.1252000974960645e+00 -6.0534868279186046e-03 0.0000000000000000e+00  1.1252331046949784e+00 -5.1119398187346550e-03 0.0000000000000000e+00  1.1252569274783804e+00 -4.2964024638444545e-03 0.0000000000000000e+00  1.1252740557405798e+00 -3.5868605485058188e-03 0.0000000000000000e+00  1.1252862998744131e+00 -2.9658627420529418e-03 0.0000000000000000e+00  1.1252949722597987e+00 -2.4181111902311665e-03 0.0000000000000000e+00  1.1253010190260961e+00 -1.9300974649430612e-03 0.0000000000000000e+00  1.1253051175529698e+00 -1.4897754393586198e-03 0.0000000000000000e+00  1.1253077391813884e+00 -1.0862750646433660e-03 0.0000000000000000e+00  1.1253092218328125e+00 -7.0961285116481049e-04 0.0000000000000000e+00  1.1253097139563939e+00 -3.5053793221030569e-04 0.0000000000000000e+00  1.1253095327273808e+00 3.5940881308478007e-08 0.0000000000000000e+00  1.3641474483512528e-04 -1.4161685277501845e+00 0.0000000000000000e+00  1.2864860224684646e-01 -1.4169893599049004e+00 0.0000000000000000e+00  2.5813342046454013e-01 -1.4184397271117024e+00 0.0000000000000000e+00  3.8941265063430097e-01 -1.4223158538092679e+00 0.0000000000000000e+00  5.2304433669731509e-01 -1.4193753980195298e+00 0.0000000000000000e+00  6.5912128019823912e-01 -1.4377722964592099e+00 0.0000000000000000e+00  7.9725156211258441e-01 -1.3714589034162274e+00 0.0000000000000000e+00  9.3629388170208505e-01 -1.5926144789586338e+00 0.0000000000000000e+00  1.0752147242548040e+00 -7.7223203117731132e-01 0.0000000000000000e+00  1.0881365475920264e+00 3.4083533654741038e-02 0.0000000000000000e+00  1.0985738654102406e+00 -1.5422961507369917e-01 0.0000000000000000e+00  1.1069045612686219e+00 -8.9603722522751172e-02 0.0000000000000000e+00  1.1132707169117428e+00 -9.0135352844297689e-02 0.0000000000000000e+00  1.1179801937139699e+00 -7.5342506679635560e-02 0.0000000000000000e+00  1.1213478579795757e+00 -6.5821136710193864e-02 0.0000000000000000e+00  1.1236764493791291e+00 -5.6432123453119008e-02 0.0000000000000000e+00  1.1252272060454827e+00 -4.8442872128333939e-02 0.0000000000000000e+00  1.1262125993425018e+00 -4.1446083991760842e-02 0.0000000000000000e+00  1.1267975442842426e+00 -3.5421824506491686e-02 0.0000000000000000e+00  1.1271058546930355e+00 -3.0240863167745803e-02 0.0000000000000000e+00  1.1272281247316240e+00 -2.5801674420866009e-02 0.0000000000000000e+00  1.1272292902226708e+00 -2.2003825698086746e-02 0.0000000000000000e+00  1.1271550675354065e+00 -1.8758161739354469e-02 0.0000000000000000e+00  1.1270370920878747e+00 -1.5985541042180900e-02 0.0000000000000000e+00  1.1268968545568163e+00 -1.3617005611959852e-02 0.0000000000000000e+00  1.1267486365331714e+00 -1.1592884815928023e-02 0.0000000000000000e+00  1.1266016599355602e+00 -9.8618354475933142e-03 0.0000000000000000e+00  1.1264616400026441e+00 -8.3798066122852122e-03 0.0000000000000000e+00  1.1263318960150215e+00 -7.1090554550593656e-03 0.0000000000000000e+00  1.1262141390510658e+00 -6.0172444838776434e-03 0.0000000000000000e+00  1.1261090264436284e+00 -5.0766370546017322e-03 0.0000000000000000e+00  1.1260165490772740e+00 -4.2633909214609767e-03 0.0000000000000000e+00  1.1259362997300373e+00 -3.5569431958584249e-03 0.0000000000000000e+00  1.1258676572377504e+00 -2.9394768385148373e-03 0.0000000000000000e+00  1.1258099116440827e+00 -2.3954576652594249e-03 0.0000000000000000e+00  1.1257623476080205e+00 -1.9112317667077776e-03 0.0000000000000000e+00  1.1257243011689251e+00 -1.4746709222608308e-03 0.0000000000000000e+00  1.1256951895428895e+00 -1.0748662803920219e-03 0.0000000000000000e+00  1.1256745563539319e+00 -7.0182564276032998e-04 0.0000000000000000e+00  1.1256619982407339e+00 -3.4630653149204520e-04 0.0000000000000000e+00  1.1256575034755647e+00 7.5402548059168629e-07 0.0000000000000000e+00  2.4937566962831756e-04 -1.5435957736260100e+00 0.0000000000000000e+00  1.2676950329486952e-01 -1.5450387247588373e+00 0.0000000000000000e+00  2.5477161749605109e-01 -1.5482115699733634e+00 0.0000000000000000e+00  3.8554447216570442e-01 -1.5549231354013513e+00 0.0000000000000000e+00  5.2005111173402929e-01 -1.5547200322065853e+00 0.0000000000000000e+00  6.5861195506769532e-01 -1.5778911292923958e+00 0.0000000000000000e+00  8.0081639583366448e-01 -1.5077658587282314e+00 0.0000000000000000e+00  9.4505511176872836e-01 -1.7517306296574762e+00 0.0000000000000000e+00  1.0897641165905378e+00 -8.4952781538169375e-01 0.0000000000000000e+00  1.1030832351077684e+00 3.9095416661255926e-02 0.0000000000000000e+00  1.1132619302418509e+00 -1.6775976790855024e-01 0.0000000000000000e+00  1.1208732382089288e+00 -9.5309636262910905e-02 0.0000000000000000e+00  1.1261632357159519e+00 -9.5361478097115399e-02 0.0000000000000000e+00  1.1295989263221446e+00 -7.8614987349281393e-02 0.0000000000000000e+00  1.1316279078914409e+00 -6.8003066820376906e-02 0.0000000000000000e+00  1.1326503542014654e+00 -5.7714557988833168e-02 0.0000000000000000e+00  1.1329867392597781e+00 -4.9119385811358662e-02 0.0000000000000000e+00  1.1328788316454244e+00 -4.1704843924237935e-02 0.0000000000000000e+00  1.1325004053388859e+00 -3.5410111286940826e-02 0.0000000000000000e+00  1.1319718959323306e+00 -3.0061080288155340e-02 0.0000000000000000e+00  1.1313740978818727e+00 -2.5525489154874681e-02 0.0000000000000000e+00  1.1307594439566573e+00 -2.1679592580443920e-02 0.0000000000000000e+00  1.1301606142825305e+00 -1.8417804529518318e-02 0.0000000000000000e+00  1.1295968309022992e+00 -1.5649410648174527e-02 0.0000000000000000e+00  1.1290783319593014e+00 -1.3297490336706574e-02 0.0000000000000000e+00  1.1286094918608447e+00 -1.1296970556049090e-02 0.0000000000000000e+00  1.1281909661372467e+00 -9.5929160127467498e-03 0.0000000000000000e+00  1.1278211479811280e+00 -8.1389449563862050e-03 0.0000000000000000e+00  1.1274971454950258e+00 -6.8958550773358168e-03 0.0000000000000000e+00  1.1272154284373990e+00 -5.8304451061635867e-03 0.0000000000000000e+00  1.1269722489055856e+00 -4.9145172831050890e-03 0.0000000000000000e+00  1.1267639086294543e+00 -4.1240366409615037e-03 0.0000000000000000e+00  1.1265869231727561e+00 -3.4384233114199002e-03 0.0000000000000000e+00  1.1264381176839477e+00 -2.8399556480769575e-03 0.0000000000000000e+00  1.1263146781679685e+00 -2.3132644218076181e-03 0.0000000000000000e+00  1.1262141740532241e+00 -1.8449017580589820e-03 0.0000000000000000e+00  1.1261345653220201e+00 -1.4229682955822641e-03 0.0000000000000000e+00  1.1260741933819882e+00 -1.0367948213838203e-03 0.0000000000000000e+00  1.1260317940428832e+00 -6.7663438307975928e-04 0.0000000000000000e+00  1.1260064060887138e+00 -3.3348693064867653e-04 0.0000000000000000e+00  1.1259976800032945e+00 1.4582634425944547e-06 0.0000000000000000e+00  4.1370965067169351e-04 -1.6682207807382394e+00 0.0000000000000000e+00  1.2340822598663012e-01 -1.6705815247084703e+00 0.0000000000000000e+00  2.4856872526474535e-01 -1.6763572058525396e+00 0.0000000000000000e+00  3.7784944498110351e-01 -1.6873530908591745e+00 0.0000000000000000e+00  5.1286263773844099e-01 -1.6916956122402225e+00 0.0000000000000000e+00  6.5436428170619931e-01 -1.7218718958969381e+00 0.0000000000000000e+00  8.0205852912794084e-01 -1.6493830990112119e+00 0.0000000000000000e+00  9.5372571133590378e-01 -1.9186439099898149e+00 0.0000000000000000e+00  1.1069664322319064e+00 -9.3057267120694398e-01 0.0000000000000000e+00  1.1208702524454941e+00 4.4754785906090673e-02 0.0000000000000000e+00  1.1306298645309072e+00 -1.8081810424547362e-01 0.0000000000000000e+00  1.1371626955713565e+00 -9.9858491568081770e-02 0.0000000000000000e+00  1.1409140782268028e+00 -9.9173846969302648e-02 0.0000000000000000e+00  1.1426134938800816e+00 -8.0351980580196436e-02 0.0000000000000000e+00  1.1429009896430429e+00 -6.8675606184885205e-02 0.0000000000000000e+00  1.1422967869604281e+00 -5.7593608059705675e-02 0.0000000000000000e+00  1.1411791812003531e+00 -4.8538617488395379e-02 0.0000000000000000e+00  1.1398067214255421e+00 -4.0863463955859450e-02 0.0000000000000000e+00  1.1383468172374263e+00 -3.4450206174656529e-02 0.0000000000000000e+00  1.1369025742627799e+00 -2.9071751803487950e-02 0.0000000000000000e+00  1.1355336992417508e+00 -2.4562079213249089e-02 0.0000000000000000e+00  1.1342715803637511e+00 -2.0773892383579046e-02 0.0000000000000000e+00  1.1331296542901659e+00 -1.7586319832929895e-02 0.0000000000000000e+00  1.1321103343929326e+00 -1.4898787741363479e-02 0.0000000000000000e+00  1.1312095492563927e+00 -1.2628257168366040e-02 0.0000000000000000e+00  1.1304196686246877e+00 -1.0706011497718311e-02 0.0000000000000000e+00  1.1297313594280634e+00 -9.0751040256961298e-03 0.0000000000000000e+00  1.1291347399188543e+00 -7.6881973304504360e-03 0.0000000000000000e+00  1.1286200773342658e+00 -6.5058043753422213e-03 0.0000000000000000e+00  1.1281781912855215e+00 -5.4948537210035044e-03 0.0000000000000000e+00  1.1278006695392599e+00 -4.6275231364870523e-03 0.0000000000000000e+00  1.1274799661209902e+00 -3.8802889081102723e-03 0.0000000000000000e+00  1.1272094274852364e+00 -3.2331478194540879e-03 0.0000000000000000e+00  1.1269832765855117e+00 -2.6689765071129389e-03 0.0000000000000000e+00  1.1267965742857255e+00 -2.1729997263755202e-03 0.0000000000000000e+00  1.1266451701795930e+00 -1.7323451461272261e-03 0.0000000000000000e+00  1.1265256527766470e+00 -1.3356643235970297e-03 0.0000000000000000e+00  1.1264352966139479e+00 -9.7281252223449792e-04 0.0000000000000000e+00  1.1263720388899581e+00 -6.3454540016410696e-04 0.0000000000000000e+00  1.1263343700896902e+00 -3.1234085718825856e-04 0.0000000000000000e+00  1.1263216033837538e+00 2.1305930467812769e-06 0.0000000000000000e+00  6.4568401013345006e-04 -1.7881482756014049e+00 0.0000000000000000e+00  1.1789364572192154e-01 -1.7918271211569310e+00 0.0000000000000000e+00  2.3816179241319257e-01 -1.8013333397757914e+00 0.0000000000000000e+00  3.6431061247761931e-01 -1.8185684731361467e+00 0.0000000000000000e+00  4.9893177332436350e-01 -1.8301649818651966e+00 0.0000000000000000e+00  6.4365998329253216e-01 -1.8708749708704631e+00 0.0000000000000000e+00  7.9880900452883608e-01 -1.7983931932359909e+00 0.0000000000000000e+00  9.6138435329244853e-01 -2.0970951540123441e+00 0.0000000000000000e+00  1.1275958419561896e+00 -1.0172608531140297e+00 0.0000000000000000e+00  1.1423645680808328e+00 5.1410286258272292e-02 0.0000000000000000e+00  1.1513941731097208e+00 -1.9309384836645688e-01 0.0000000000000000e+00  1.1562253161455851e+00 -1.0267986998336370e-01 0.0000000000000000e+00  1.1577109321349179e+00 -1.0099059797485754e-01 0.0000000000000000e+00  1.1570158135000363e+00 -8.0038738853991251e-02 0.0000000000000000e+00  1.1550417563787281e+00 -6.7435127611275153e-02 0.0000000000000000e+00  1.1524363956139008e+00 -5.5773800029231275e-02 0.0000000000000000e+00  1.1496114079927660e+00 -4.6495677371289866e-02 0.0000000000000000e+00  1.1468115151255269e+00 -3.8785571182590815e-02 0.0000000000000000e+00  1.1441705056806379e+00 -3.2454882742894903e-02 0.0000000000000000e+00  1.1417532979591445e+00 -2.7219567304831584e-02 0.0000000000000000e+00  1.1395836489290725e+00 -2.2880912817922875e-02 0.0000000000000000e+00  1.1376617533426672e+00 -1.9271128479162056e-02 0.0000000000000000e+00  1.1359750523016139e+00 -1.6257662768060566e-02 0.0000000000000000e+00  1.1345047399335952e+00 -1.3733547480935993e-02 0.0000000000000000e+00  1.1332295980336504e+00 -1.1612685450455193e-02 0.0000000000000000e+00  1.1321281955068734e+00 -9.8253053340630163e-03 0.0000000000000000e+00  1.1311800963599583e+00 -8.3145902509692837e-03 0.0000000000000000e+00  1.1303664725137912e+00 -7.0339977112362038e-03 0.0000000000000000e+00  1.1296703642129018e+00 -5.9451801476620063e-03 0.0000000000000000e+00  1.1290767364540091e+00 -5.0163538231702493e-03 0.0000000000000000e+00  1.1285724219667232e+00 -4.2210155107636083e-03 0.0000000000000000e+00  1.1281460057202537e+00 -3.5369249427845396e-03 0.0000000000000000e+00  1.1277876841283381e+00 -2.9452914902208926e-03 0.0000000000000000e+00  1.1274891186145755e+00 -2.4301179786411506e-03 0.0000000000000000e+00  1.1272432949914071e+00 -1.9776657012885055e-03 0.0000000000000000e+00  1.1270443950093565e+00 -1.5760130587707123e-03 0.0000000000000000e+00  1.1268876845404403e+00 -1.2146852928719585e-03 0.0000000000000000e+00  1.1267694134972446e+00 -8.8434501586904276e-04 0.0000000000000000e+00  1.1266867543562327e+00 -5.7650355824388723e-04 0.0000000000000000e+00  1.1266376763124395e+00 -2.8334613239830485e-04 0.0000000000000000e+00  1.1266211659989969e+00 2.7533243647540125e-06 0.0000000000000000e+00  9.5684931755714688e-04 -1.9007511961908798e+00 0.0000000000000000e+00  1.0938445726388615e-01 -1.9061917058078892e+00 0.0000000000000000e+00  2.2181639269595482e-01 -1.9207303358389916e+00 0.0000000000000000e+00  3.4219284650322312e-01 -1.9469182626435506e+00 0.0000000000000000e+00  4.7457210258939031e-01 -1.9694607743249353e+00 0.0000000000000000e+00  6.2243859368161536e-01 -2.0257610897773013e+00 0.0000000000000000e+00  7.8753018346410264e-01 -1.9576862391163199e+00 0.0000000000000000e+00  9.6611809246563762e-01 -2.2935466491727841e+00 0.0000000000000000e+00  1.1528241448044056e+00 -1.1127567644080667e+00 0.0000000000000000e+00  1.1689989098728344e+00 5.9785765270936563e-02 0.0000000000000000e+00  1.1766078034562242e+00 -2.0401159570561075e-01 0.0000000000000000e+00  1.1785942578985398e+00 -1.0281353670540219e-01 0.0000000000000000e+00  1.1766602471568655e+00 -9.9936187082200839e-02 0.0000000000000000e+00  1.1726462321561433e+00 -7.6993182904000507e-02 0.0000000000000000e+00  1.1677754323525329e+00 -6.3801326548136209e-02 0.0000000000000000e+00  1.1627676968502632e+00 -5.1943553955626505e-02 0.0000000000000000e+00  1.1580005862749898e+00 -4.2799206528245197e-02 0.0000000000000000e+00  1.1536463062981852e+00 -3.5361075699602298e-02 0.0000000000000000e+00  1.1497638022400187e+00 -2.9366179297710061e-02 0.0000000000000000e+00  1.1463527082831262e+00 -2.4478989733250307e-02 0.0000000000000000e+00  1.1433838271406811e+00 -2.0475936884279813e-02 0.0000000000000000e+00  1.1408157555410825e+00 -1.7176475561652759e-02 0.0000000000000000e+00  1.1386036979858873e+00 -1.4443054667693966e-02 0.0000000000000000e+00  1.1367039616834249e+00 -1.2167762683871181e-02 0.0000000000000000e+00  1.1350760856472062e+00 -1.0265768258508490e-02 0.0000000000000000e+00  1.1336836934994421e+00 -8.6696321157757866e-03 0.0000000000000000e+00  1.1324946724284208e+00 -7.3253079306286294e-03 0.0000000000000000e+00  1.1314810114042468e+00 -6.1891082544746822e-03 0.0000000000000000e+00  1.1306184817610796e+00 -5.2254379881819975e-03 0.0000000000000000e+00  1.1298862597186341e+00 -4.4050712397909605e-03 0.0000000000000000e+00  1.1292665437654681e+00 -3.7038311274687481e-03 0.0000000000000000e+00  1.1287441937767289e+00 -3.1015663996986878e-03 0.0000000000000000e+00  1.1283064043966049e+00 -2.5813492723353289e-03 0.0000000000000000e+00  1.1279424170796675e+00 -2.1288392792378095e-03 0.0000000000000000e+00  1.1276432716036431e+00 -1.7317720541081794e-03 0.0000000000000000e+00  1.1274015950181913e+00 -1.3795431375625659e-03 0.0000000000000000e+00  1.1272114254497223e+00 -1.0628640143826606e-03 0.0000000000000000e+00  1.1270680664198864e+00 -7.7347456752194308e-04 0.0000000000000000e+00  1.1269679875117657e+00 -5.0387970697004039e-04 0.0000000000000000e+00  1.1269086801647423e+00 -2.4718904837562478e-04 0.0000000000000000e+00  1.1268888240641770e+00 3.3098712347106148e-06 0.0000000000000000e+00  1.3349138075192237e-03 -2.0025522388601762e+00 0.0000000000000000e+00  9.6976987768661885e-02 -2.0100982509982162e+00 0.0000000000000000e+00  1.9757507751696315e-01 -2.0311772355305031e+00 0.0000000000000000e+00  3.0790558625728831e-01 -2.0693586377218969e+00 0.0000000000000000e+00  4.3442527469475334e-01 -2.1065719970283596e+00 0.0000000000000000e+00  5.8328101354380990e-01 -2.1876822890150778e+00 0.0000000000000000e+00  7.5989398545706188e-01 -2.1325407787863622e+00 0.0000000000000000e+00  9.6320230097047999e-01 -2.5180011562707665e+00 0.0000000000000000e+00  1.1851609973269641e+00 -1.2220002837093928e+00 0.0000000000000000e+00  1.2032348728645439e+00 7.0818691933216354e-02 0.0000000000000000e+00  1.2077582781235232e+00 -2.1227032292584913e-01 0.0000000000000000e+00  1.2048165916462223e+00 -9.8543087834912210e-02 0.0000000000000000e+00  1.1975768272097729e+00 -9.4774305233554776e-02 0.0000000000000000e+00  1.1890515661219838e+00 -7.0340708833437293e-02 0.0000000000000000e+00  1.1805888594802958e+00 -5.7269648405780006e-02 0.0000000000000000e+00  1.1728261025052922e+00 -4.5821563578097357e-02 0.0000000000000000e+00  1.1659591277453805e+00 -3.7311909434987883e-02 0.0000000000000000e+00  1.1600001521835055e+00 -3.0534603650101726e-02 0.0000000000000000e+00  1.1548813085085436e+00 -2.5174720725662153e-02 0.0000000000000000e+00  1.1505081198325267e+00 -2.0864785141542767e-02 0.0000000000000000e+00  1.1467827783686453e+00 -1.7373553576657604e-02 0.0000000000000000e+00  1.1436140165657587e+00 -1.4520864067806010e-02 0.0000000000000000e+00  1.1409206162607823e+00 -1.2174047824576420e-02 0.0000000000000000e+00  1.1386320391524678e+00 -1.0231548434077408e-02 0.0000000000000000e+00  1.1366878231790190e+00 -8.6151884280658876e-03 0.0000000000000000e+00  1.1350365198535948e+00 -7.2638499001627917e-03 0.0000000000000000e+00  1.1336345299504038e+00 -6.1292314378083232e-03 0.0000000000000000e+00  1.1324449944160808e+00 -5.1727373447706887e-03 0.0000000000000000e+00  1.1314368013430700e+00 -4.3632234910943903e-03 0.0000000000000000e+00  1.1305837249050150e+00 -3.6753251047593320e-03 0.0000000000000000e+00  1.1298636920717178e+00 -3.0882025948960655e-03 0.0000000000000000e+00  1.1292581649158215e+00 -2.5845868116912444e-03 0.0000000000000000e+00  1.1287516241416344e+00 -2.1500424123300091e-03 0.0000000000000000e+00  1.1283311395263635e+00 -1.7723917624411377e-03 0.0000000000000000e+00  1.1279860156456345e+00 -1.4412570534081573e-03 0.0000000000000000e+00  1.1277074994340603e+00 -1.1476931683247146e-03 0.0000000000000000e+00  1.1274885453802297e+00 -8.8388429516981137e-04 0.0000000000000000e+00  1.1273236276387222e+00 -6.4289101309999140e-04 0.0000000000000000e+00  1.1272085933665599e+00 -4.1843464862230558e-04 0.0000000000000000e+00  1.1271405129289682e+00 -2.0474933736767411e-04 0.0000000000000000e+00  1.1271177983707830e+00 3.7838543221570984e-06 0.0000000000000000e+00  1.7265853595317300e-03 -2.0892378564734004e+00 0.0000000000000000e+00  7.9923517728625063e-02 -2.0990817677446363e+00 0.0000000000000000e+00  1.6349615644434701e-01 -2.1280979178136867e+00 0.0000000000000000e+00  2.5754720077665300e-01 -2.1798348298229024e+00 0.0000000000000000e+00  3.7234485153015545e-01 -2.2376777666080208e+00 0.0000000000000000e+00  5.1510623894471574e-01 -2.3583477855763624e+00 0.0000000000000000e+00  7.0540943859154692e-01 -2.3206106162679929e+00 0.0000000000000000e+00  9.4660335800565920e-01 -2.7886403199872434e+00 0.0000000000000000e+00  1.2280016898252231e+00 -1.3609880052988574e+00 0.0000000000000000e+00  1.2489589470527311e+00 8.8461146600031015e-02 0.0000000000000000e+00  1.2474641833028730e+00 -2.1432794896856203e-01 0.0000000000000000e+00  1.2346907325084808e+00 -8.7584263049459279e-02 0.0000000000000000e+00  1.2196636008163502e+00 -8.3524552626919990e-02 0.0000000000000000e+00  1.2052317312665748e+00 -5.9246051436900454e-02 0.0000000000000000e+00  1.1926443407428402e+00 -4.7396146914322951e-02 0.0000000000000000e+00  1.1819583071934707e+00 -3.7256172626117544e-02 0.0000000000000000e+00  1.1729977275189876e+00 -3.0006343957927357e-02 0.0000000000000000e+00  1.1655097970416592e+00 -2.4341513354877397e-02 0.0000000000000000e+00  1.1592527067064924e+00 -1.9940477558907276e-02 0.0000000000000000e+00  1.1540167482673167e+00 -1.6444117700681746e-02 0.0000000000000000e+00  1.1496267522785939e+00 -1.3639440275594191e-02 0.0000000000000000e+00  1.1459386125406412e+00 -1.1364749627186404e-02 0.0000000000000000e+00  1.1428343106934067e+00 -9.5045158327662829e-03 0.0000000000000000e+00  1.1402171864107915e+00 -7.9720307291077774e-03 0.0000000000000000e+00  1.1380078948235197e+00 -6.7017060766879260e-03 0.0000000000000000e+00  1.1361411041194662e+00 -5.6429596964640005e-03 0.0000000000000000e+00  1.1345628473120013e+00 -4.7562695444757566e-03 0.0000000000000000e+00  1.1332284128804389e+00 -4.0103490520997246e-03 0.0000000000000000e+00  1.1321006661143902e+00 -3.3801485352096799e-03 0.0000000000000000e+00  1.1311487105344213e+00 -2.8453996345593887e-03 0.0000000000000000e+00  1.1303468170238602e+00 -2.3895413636420828e-03 0.0000000000000000e+00  1.1296735641655264e+00 -1.9989138073018779e-03 0.0000000000000000e+00  1.1291111461093510e+00 -1.6621435507739334e-03 0.0000000000000000e+00  1.1286448142114489e+00 -1.3696680470819526e-03 0.0000000000000000e+00  1.1282624273498072e+00 -1.1133610257093012e-03 0.0000000000000000e+00  1.1279540871472253e+00 -8.8623618372119396e-04 0.0000000000000000e+00  1.1277118568379161e+00 -6.8219589655243182e-04 0.0000000000000000e+00  1.1275295157612517e+00 -4.9584661812922433e-04 0.0000000000000000e+00  1.1274023939432736e+00 -3.2231686666783912e-04 0.0000000000000000e+00  1.1273272522490054e+00 -1.5709777821304222e-04 0.0000000000000000e+00  1.1273022657512299e+00 4.1655488180708298e-06 0.0000000000000000e+00  2.0813204215793485e-03 -2.1559988861306549e+00 0.0000000000000000e+00  5.7968159634787422e-02 -2.1681048315051714e+00 0.0000000000000000e+00  1.1853381934876535e-01 -2.2051592844499943e+00 0.0000000000000000e+00  1.8886225824462227e-01 -2.2698772826997184e+00 0.0000000000000000e+00  2.8087735460187990e-01 -2.3571140438424565e+00 0.0000000000000000e+00  3.9845271611487293e-01 -2.5161246228693250e+00 0.0000000000000000e+00  5.9628874216965122e-01 -2.5187772441482883e+00 0.0000000000000000e+00  8.6381241281162102e-01 -3.1749510601758231e+00 0.0000000000000000e+00  1.2844793460384425e+00 -1.5353358678822431e+00 0.0000000000000000e+00  1.3235540255549949e+00 1.2755491124537732e-01 0.0000000000000000e+00  1.2945524943699083e+00 -2.1103081601046225e-01 0.0000000000000000e+00  1.2672684322995096e+00 -6.1816564115444027e-02 0.0000000000000000e+00  1.2404395301441720e+00 -6.5546812580419070e-02 0.0000000000000000e+00  1.2195219567918316e+00 -4.2749510712884631e-02 0.0000000000000000e+00  1.2027516280064727e+00 -3.4156102685125644e-02 0.0000000000000000e+00  1.1893613259367544e+00 -2.6315934699109495e-02 0.0000000000000000e+00  1.1785687533282760e+00 -2.1037420672393937e-02 0.0000000000000000e+00  1.1697957429561807e+00 -1.6938610762652458e-02 0.0000000000000000e+00  1.1626099445499110e+00 -1.3809142452132040e-02 0.0000000000000000e+00  1.1566854075445288e+00 -1.1343782576323328e-02 0.0000000000000000e+00  1.1517738196824290e+00 -9.3815945737155283e-03 0.0000000000000000e+00  1.1476833884308619e+00 -7.7989657273385173e-03 0.0000000000000000e+00  1.1442640722695143e+00 -6.5104850691190897e-03 0.0000000000000000e+00  1.1413971227502062e+00 -5.4527204248052347e-03 0.0000000000000000e+00  1.1389875910980931e+00 -4.5783703791226569e-03 0.0000000000000000e+00  1.1369588857968698e+00 -3.8512986735716359e-03 0.0000000000000000e+00  1.1352487600305059e+00 -3.2435078398717200e-03 0.0000000000000000e+00  1.1338063111016370e+00 -2.7329825926264593e-03 0.0000000000000000e+00  1.1325897064444224e+00 -2.3021955984828752e-03 0.0000000000000000e+00  1.1315644392431199e+00 -1.9370313483786684e-03 0.0000000000000000e+00  1.1307019758356729e+00 -1.6260016070773888e-03 0.0000000000000000e+00  1.1299786972042192e+00 -1.3596619192438157e-03 0.0000000000000000e+00  1.1293750643964611e+00 -1.1301706476310742e-03 0.0000000000000000e+00  1.1288749569426124e+00 -9.3095010812822615e-04 0.0000000000000000e+00  1.1284651469472415e+00 -7.5642177776474753e-04 0.0000000000000000e+00  1.1281348795744288e+00 -6.0179734112369109e-04 0.0000000000000000e+00  1.1278755508031015e+00 -4.6289993448237523e-04 0.0000000000000000e+00  1.1276804091617247e+00 -3.3606240214093241e-04 0.0000000000000000e+00  1.1275444766257490e+00 -2.1788985263392505e-04 0.0000000000000000e+00  1.1274642205738232e+00 -1.0533716918467937e-04 0.0000000000000000e+00  1.1274375212692165e+00 4.4527028474062264e-06 0.0000000000000000e+00  2.5385261187117272e-03 -2.1981204200735478e+00 0.0000000000000000e+00  3.1521280875021894e-02 -2.2123359456183409e+00 0.0000000000000000e+00  6.3723412992704537e-02 -2.2553492579691898e+00 0.0000000000000000e+00  1.0232011047890735e-01 -2.3310032815104367e+00 0.0000000000000000e+00  1.5479687173958812e-01 -2.4469623523592698e+00 0.0000000000000000e+00  2.2615567466100708e-01 -2.6254241727166887e+00 0.0000000000000000e+00  4.0032072234960753e-01 -2.7791735414692376e+00 0.0000000000000000e+00  6.2607879833211200e-01 -3.6249816883705916e+00 0.0000000000000000e+00  1.4812482882788385e+00 -1.8088338600140685e+00 0.0000000000000000e+00  1.4012521507355933e+00 1.2091342577986866e-01 0.0000000000000000e+00  1.3566165064775655e+00 -1.3539567637162755e-01 0.0000000000000000e+00  1.2918189704158172e+00 -3.4110185457379281e-02 0.0000000000000000e+00  1.2563065981508268e+00 -3.5637220929878227e-02 0.0000000000000000e+00  1.2294460380363077e+00 -2.2331203362812933e-02 0.0000000000000000e+00  1.2095081677352837e+00 -1.7785038590882259e-02 0.0000000000000000e+00  1.1941861859613372e+00 -1.3524486769363723e-02 0.0000000000000000e+00  1.1821347431664997e+00 -1.0769101910834309e-02 0.0000000000000000e+00  1.1725058892937914e+00 -8.6316509113558617e-03 0.0000000000000000e+00  1.1647140364825508e+00 -7.0180763665622908e-03 0.0000000000000000e+00  1.1583469653268281e+00 -5.7525497103645667e-03 0.0000000000000000e+00  1.1531039762996518e+00 -4.7498753705222966e-03 0.0000000000000000e+00  1.1487601667565241e+00 -3.9436012009457328e-03 0.0000000000000000e+00  1.1451437886523901e+00 -3.2887987988813811e-03 0.0000000000000000e+00  1.1421213940589601e+00 -2.7522582458569702e-03 0.0000000000000000e+00  1.1395878031615836e+00 -2.3094194580573161e-03 0.0000000000000000e+00  1.1374591298917696e+00 -1.9416130959134632e-03 0.0000000000000000e+00  1.1356678160003371e+00 -1.6344413637591048e-03 0.0000000000000000e+00  1.1341590195428002e+00 -1.3766232099053993e-03 0.0000000000000000e+00  1.1328879392195650e+00 -1.1592042024894148e-03 0.0000000000000000e+00  1.1318177998132803e+00 -9.7499059658030904e-04 0.0000000000000000e+00  1.1309183141120598e+00 -8.1813943477750475e-04 0.0000000000000000e+00  1.1301644947292839e+00 -6.8385518519159863e-04 0.0000000000000000e+00  1.1295357274107127e+00 -5.6816150136095164e-04 0.0000000000000000e+00  1.1290150431019823e+00 -4.6772647580744256e-04 0.0000000000000000e+00  1.1285885434765652e+00 -3.7972670315265848e-04 0.0000000000000000e+00  1.1282449475106127e+00 -3.0173924170332980e-04 0.0000000000000000e+00  1.1279752353925516e+00 -2.3165356552012046e-04 0.0000000000000000e+00  1.1277723516472737e+00 -1.6761806868598449e-04 0.0000000000000000e+00  1.1276311259297069e+00 -1.0784738579951972e-04 0.0000000000000000e+00  1.1275474908123786e+00 -5.1189221611947306e-05 0.0000000000000000e+00  1.1275198761952636e+00 4.4151584568384726e-06 0.0000000000000000e+00  1.0038643614999399e-03 -2.2142460246736606e+00 0.0000000000000000e+00  2.7542830574298193e-03 -2.2273932793145845e+00 0.0000000000000000e+00  2.9527061701221180e-03 -2.2730023108227813e+00 0.0000000000000000e+00  3.8768945437421742e-03 -2.3537128797214328e+00 0.0000000000000000e+00  5.2555751506042827e-03 -2.4804521314021843e+00 0.0000000000000000e+00  9.4194581802460476e-03 -2.6668140299661012e+00 0.0000000000000000e+00  3.1079043629526935e-02 -2.9792951040861886e+00 0.0000000000000000e+00  -4.3503877828955123e-02 -3.6511288022828459e+00 0.0000000000000000e+00  1.0316369472911489e+00 -3.5623743376183361e+00 0.0000000000000000e+00  1.7100480465428887e+00 9.7798748051713036e-01 0.0000000000000000e+00  1.3482462770258838e+00 -2.3632399476375893e-01 0.0000000000000000e+00  1.3062653582015029e+00 5.9552523961032174e-02 0.0000000000000000e+00  1.2621928122929671e+00 -1.2223616232440497e-02 0.0000000000000000e+00  1.2329541091704996e+00 3.8814478242876842e-03 0.0000000000000000e+00  1.2119168754979732e+00 -3.5421156286454870e-04 0.0000000000000000e+00  1.1958619704692290e+00 5.0905320116357612e-04 0.0000000000000000e+00  1.1833639550643451e+00 1.6887272852392554e-04 0.0000000000000000e+00  1.1734340269685504e+00 1.7944689250570968e-04 0.0000000000000000e+00  1.1654311936795372e+00 1.2388929085131194e-04 0.0000000000000000e+00  1.1589113919823777e+00 1.0066535791172635e-04 0.0000000000000000e+00  1.1535546696397703e+00 7.9136081645327403e-05 0.0000000000000000e+00  1.1491242948495515e+00 6.3982838655456874e-05 0.0000000000000000e+00  1.1454408234918425e+00 5.2000312849328708e-05 0.0000000000000000e+00  1.1423656481850191e+00 4.2687447259156651e-05 0.0000000000000000e+00  1.1397900243637580e+00 3.5275285085248916e-05 0.0000000000000000e+00  1.1376275393919273e+00 2.9333746800675799e-05 0.0000000000000000e+00  1.1358088043311185e+00 2.4524202654098053e-05 0.0000000000000000e+00  1.1342776249825772e+00 2.0605362604559724e-05 0.0000000000000000e+00  1.1329881843872849e+00 1.7394878678283135e-05 0.0000000000000000e+00  1.1319029334692783e+00 1.4754861053977940e-05 0.0000000000000000e+00  1.1309909882340194e+00 1.2579191163890418e-05 0.0000000000000000e+00  1.1302268965503897e+00 1.0785481036859506e-05 0.0000000000000000e+00  1.1295896795918174e+00 9.3092214101877255e-06 0.0000000000000000e+00  1.1290620810042764e+00 8.0996409172186857e-06 0.0000000000000000e+00  1.1286299759093059e+00 7.1166953706173734e-06 0.0000000000000000e+00  1.1282819052322264e+00 6.3290615412301340e-06 0.0000000000000000e+00  1.1280087081224257e+00 5.7110737591371783e-06 0.0000000000000000e+00  1.1278032428965052e+00 5.2474485972818815e-06 0.0000000000000000e+00  1.1276601698444673e+00 4.9327480002986967e-06 0.0000000000000000e+00  1.1275755520081168e+00 4.5349763555550756e-06 0.0000000000000000e+00  1.1275491624673255e+00 5.9838220364571277e-06 0.0000000000000000e+00  </DataArray> 
</PointData> 
</Piece>
</UnstructuredGrid>
</VTKFile>