<?xml version="1.0"?>
<VTKFile type="UnstructuredGrid"  version="0.1"  >
<UnstructuredGrid>
<Piece  NumberOfPoints="961" NumberOfCells="1800">
<Points>
<DataArray  type="Float64"  NumberOfComponents="3"  format="ascii">0 0 0  0.03333333333333333 0 0  0.06666666666666667 0 0  0.1 0 0  0.1333333333333333 0 0  0.1666666666666667 0 0  0.2 0 0  0.2333333333333333 0 0  0.2666666666666667 0 0  0.3 0 0  0.3333333333333333 0 0  0.3666666666666666 0 0  0.4 0 0  0.4333333333333333 0 0  0.4666666666666667 0 0  0.5 0 0  0.5333333333333333 0 0  0.5666666666666667 0 0  0.6 0 0  0.6333333333333333 0 0  0.6666666666666666 0 0  0.7 0 0  0.7333333333333333 0 0  0.7666666666666667 0 0  0.8 0 0  0.8333333333333334 0 0  0.8666666666666667 0 0  0.9 0 0  0.9333333333333333 0 0  0.9666666666666667 0 0  1 0 0  0 0.03333333333333333 0  0.03333333333333333 0.03333333333333333 0  0.06666666666666667 0.03333333333333333 0  0.1 0.03333333333333333 0  0.1333333333333333 0.03333333333333333 0  0.1666666666666667 0.03333333333333333 0  0.2 0.03333333333333333 0  0.2333333333333333 0.03333333333333333 0  0.2666666666666667 0.03333333333333333 0  0.3 0.03333333333333333 0  0.3333333333333333 0.03333333333333333 0  0.3666666666666666 0.03333333333333333 0  0.4 0.03333333333333333 0  0.4333333333333333 0.03333333333333333 0  0.4666666666666667 0.03333333333333333 0  0.5 0.03333333333333333 0  0.5333333333333333 0.03333333333333333 0  0.5666666666666667 0.03333333333333333 0  0.6 0.03333333333333333 0  0.6333333333333333 0.03333333333333333 0  0.6666666666666666 0.03333333333333333 0  0.7 0.03333333333333333 0  0.7333333333333333 0.03333333333333333 0  0.7666666666666667 0.03333333333333333 0  0.8 0.03333333333333333 0  0.8333333333333334 0.03333333333333333 0  0.8666666666666667 0.03333333333333333 0  0.9 0.03333333333333333 0  0.9333333333333333 0.03333333333333333 0  0.9666666666666667 0.03333333333333333 0  1 0.03333333333333333 0  0 0.06666666666666667 0  0.03333333333333333 0.06666666666666667 0  0.06666666666666667 0.06666666666666667 0  0.1 0.06666666666666667 0  0.1333333333333333 0.06666666666666667 0  0.1666666666666667 0.06666666666666667 0  0.2 0.06666666666666667 0  0.2333333333333333 0.06666666666666667 0  0.2666666666666667 0.06666666666666667 0  0.3 0.06666666666666667 0  0.3333333333333333 0.06666666666666667 0  0.3666666666666666 0.06666666666666667 0  0.4 0.06666666666666667 0  0.4333333333333333 0.06666666666666667 0  0.4666666666666667 0.06666666666666667 0  0.5 0.06666666666666667 0  0.5333333333333333 0.06666666666666667 0  0.5666666666666667 0.06666666666666667 0  0.6 0.06666666666666667 0  0.6333333333333333 0.06666666666666667 0  0.6666666666666666 0.06666666666666667 0  0.7 0.06666666666666667 0  0.7333333333333333 0.06666666666666667 0  0.7666666666666667 0.06666666666666667 0  0.8 0.06666666666666667 0  0.8333333333333334 0.06666666666666667 0  0.8666666666666667 0.06666666666666667 0  0.9 0.06666666666666667 0  0.9333333333333333 0.06666666666666667 0  0.9666666666666667 0.06666666666666667 0  1 0.06666666666666667 0  0 0.1 0  0.03333333333333333 0.1 0  0.06666666666666667 0.1 0  0.1 0.1 0  0.1333333333333333 0.1 0  0.1666666666666667 0.1 0  0.2 0.1 0  0.2333333333333333 0.1 0  0.2666666666666667 0.1 0  0.3 0.1 0  0.3333333333333333 0.1 0  0.3666666666666666 0.1 0  0.4 0.1 0  0.4333333333333333 0.1 0  0.4666666666666667 0.1 0  0.5 0.1 0  0.5333333333333333 0.1 0  0.5666666666666667 0.1 0  0.6 0.1 0  0.6333333333333333 0.1 0  0.6666666666666666 0.1 0  0.7 0.1 0  0.7333333333333333 0.1 0  0.7666666666666667 0.1 0  0.8 0.1 0  0.8333333333333334 0.1 0  0.8666666666666667 0.1 0  0.9 0.1 0  0.9333333333333333 0.1 0  0.9666666666666667 0.1 0  1 0.1 0  0 0.1333333333333333 0  0.03333333333333333 0.1333333333333333 0  0.06666666666666667 0.1333333333333333 0  0.1 0.1333333333333333 0  0.1333333333333333 0.1333333333333333 0  0.1666666666666667 0.1333333333333333 0  0.2 0.1333333333333333 0  0.2333333333333333 0.1333333333333333 0  0.2666666666666667 0.1333333333333333 0  0.3 0.1333333333333333 0  0.3333333333333333 0.1333333333333333 0  0.3666666666666666 0.1333333333333333 0  0.4 0.1333333333333333 0  0.4333333333333333 0.1333333333333333 0  0.4666666666666667 0.1333333333333333 0  0.5 0.1333333333333333 0  0.5333333333333333 0.1333333333333333 0  0.5666666666666667 0.1333333333333333 0  0.6 0.1333333333333333 0  0.6333333333333333 0.1333333333333333 0  0.6666666666666666 0.1333333333333333 0  0.7 0.1333333333333333 0  0.7333333333333333 0.1333333333333333 0  0.7666666666666667 0.1333333333333333 0  0.8 0.1333333333333333 0  0.8333333333333334 0.1333333333333333 0  0.8666666666666667 0.1333333333333333 0  0.9 0.1333333333333333 0  0.9333333333333333 0.1333333333333333 0  0.9666666666666667 0.1333333333333333 0  1 0.1333333333333333 0  0 0.1666666666666667 0  0.03333333333333333 0.1666666666666667 0  0.06666666666666667 0.1666666666666667 0  0.1 0.1666666666666667 0  0.1333333333333333 0.1666666666666667 0  0.1666666666666667 0.1666666666666667 0  0.2 0.1666666666666667 0  0.2333333333333333 0.1666666666666667 0  0.2666666666666667 0.1666666666666667 0  0.3 0.1666666666666667 0  0.3333333333333333 0.1666666666666667 0  0.3666666666666666 0.1666666666666667 0  0.4 0.1666666666666667 0  0.4333333333333333 0.1666666666666667 0  0.4666666666666667 0.1666666666666667 0  0.5 0.1666666666666667 0  0.5333333333333333 0.1666666666666667 0  0.5666666666666667 0.1666666666666667 0  0.6 0.1666666666666667 0  0.6333333333333333 0.1666666666666667 0  0.6666666666666666 0.1666666666666667 0  0.7 0.1666666666666667 0  0.7333333333333333 0.1666666666666667 0  0.7666666666666667 0.1666666666666667 0  0.8 0.1666666666666667 0  0.8333333333333334 0.1666666666666667 0  0.8666666666666667 0.1666666666666667 0  0.9 0.1666666666666667 0  0.9333333333333333 0.1666666666666667 0  0.9666666666666667 0.1666666666666667 0  1 0.1666666666666667 0  0 0.2 0  0.03333333333333333 0.2 0  0.06666666666666667 0.2 0  0.1 0.2 0  0.1333333333333333 0.2 0  0.1666666666666667 0.2 0  0.2 0.2 0  0.2333333333333333 0.2 0  0.2666666666666667 0.2 0  0.3 0.2 0  0.3333333333333333 0.2 0  0.3666666666666666 0.2 0  0.4 0.2 0  0.4333333333333333 0.2 0  0.4666666666666667 0.2 0  0.5 0.2 0  0.5333333333333333 0.2 0  0.5666666666666667 0.2 0  0.6 0.2 0  0.6333333333333333 0.2 0  0.6666666666666666 0.2 0  0.7 0.2 0  0.7333333333333333 0.2 0  0.7666666666666667 0.2 0  0.8 0.2 0  0.8333333333333334 0.2 0  0.8666666666666667 0.2 0  0.9 0.2 0  0.9333333333333333 0.2 0  0.9666666666666667 0.2 0  1 0.2 0  0 0.2333333333333333 0  0.03333333333333333 0.2333333333333333 0  0.06666666666666667 0.2333333333333333 0  0.1 0.2333333333333333 0  0.1333333333333333 0.2333333333333333 0  0.1666666666666667 0.2333333333333333 0  0.2 0.2333333333333333 0  0.2333333333333333 0.2333333333333333 0  0.2666666666666667 0.2333333333333333 0  0.3 0.2333333333333333 0  0.3333333333333333 0.2333333333333333 0  0.3666666666666666 0.2333333333333333 0  0.4 0.2333333333333333 0  0.4333333333333333 0.2333333333333333 0  0.4666666666666667 0.2333333333333333 0  0.5 0.2333333333333333 0  0.5333333333333333 0.2333333333333333 0  0.5666666666666667 0.2333333333333333 0  0.6 0.2333333333333333 0  0.6333333333333333 0.2333333333333333 0  0.6666666666666666 0.2333333333333333 0  0.7 0.2333333333333333 0  0.7333333333333333 0.2333333333333333 0  0.7666666666666667 0.2333333333333333 0  0.8 0.2333333333333333 0  0.8333333333333334 0.2333333333333333 0  0.8666666666666667 0.2333333333333333 0  0.9 0.2333333333333333 0  0.9333333333333333 0.2333333333333333 0  0.9666666666666667 0.2333333333333333 0  1 0.2333333333333333 0  0 0.2666666666666667 0  0.03333333333333333 0.2666666666666667 0  0.06666666666666667 0.2666666666666667 0  0.1 0.2666666666666667 0  0.1333333333333333 0.2666666666666667 0  0.1666666666666667 0.2666666666666667 0  0.2 0.2666666666666667 0  0.2333333333333333 0.2666666666666667 0  0.2666666666666667 0.2666666666666667 0  0.3 0.2666666666666667 0  0.3333333333333333 0.2666666666666667 0  0.3666666666666666 0.2666666666666667 0  0.4 0.2666666666666667 0  0.4333333333333333 0.2666666666666667 0  0.4666666666666667 0.2666666666666667 0  0.5 0.2666666666666667 0  0.5333333333333333 0.2666666666666667 0  0.5666666666666667 0.2666666666666667 0  0.6 0.2666666666666667 0  0.6333333333333333 0.2666666666666667 0  0.6666666666666666 0.2666666666666667 0  0.7 0.2666666666666667 0  0.7333333333333333 0.2666666666666667 0  0.7666666666666667 0.2666666666666667 0  0.8 0.2666666666666667 0  0.8333333333333334 0.2666666666666667 0  0.8666666666666667 0.2666666666666667 0  0.9 0.2666666666666667 0  0.9333333333333333 0.2666666666666667 0  0.9666666666666667 0.2666666666666667 0  1 0.2666666666666667 0  0 0.3 0  0.03333333333333333 0.3 0  0.06666666666666667 0.3 0  0.1 0.3 0  0.1333333333333333 0.3 0  0.1666666666666667 0.3 0  0.2 0.3 0  0.2333333333333333 0.3 0  0.2666666666666667 0.3 0  0.3 0.3 0  0.3333333333333333 0.3 0  0.3666666666666666 0.3 0  0.4 0.3 0  0.4333333333333333 0.3 0  0.4666666666666667 0.3 0  0.5 0.3 0  0.5333333333333333 0.3 0  0.5666666666666667 0.3 0  0.6 0.3 0  0.6333333333333333 0.3 0  0.6666666666666666 0.3 0  0.7 0.3 0  0.7333333333333333 0.3 0  0.7666666666666667 0.3 0  0.8 0.3 0  0.8333333333333334 0.3 0  0.8666666666666667 0.3 0  0.9 0.3 0  0.9333333333333333 0.3 0  0.9666666666666667 0.3 0  1 0.3 0  0 0.3333333333333333 0  0.03333333333333333 0.3333333333333333 0  0.06666666666666667 0.3333333333333333 0  0.1 0.3333333333333333 0  0.1333333333333333 0.3333333333333333 0  0.1666666666666667 0.3333333333333333 0  0.2 0.3333333333333333 0  0.2333333333333333 0.3333333333333333 0  0.2666666666666667 0.3333333333333333 0  0.3 0.3333333333333333 0  0.3333333333333333 0.3333333333333333 0  0.3666666666666666 0.3333333333333333 0  0.4 0.3333333333333333 0  0.4333333333333333 0.3333333333333333 0  0.4666666666666667 0.3333333333333333 0  0.5 0.3333333333333333 0  0.5333333333333333 0.3333333333333333 0  0.5666666666666667 0.3333333333333333 0  0.6 0.3333333333333333 0  0.6333333333333333 0.3333333333333333 0  0.6666666666666666 0.3333333333333333 0  0.7 0.3333333333333333 0  0.7333333333333333 0.3333333333333333 0  0.7666666666666667 0.3333333333333333 0  0.8 0.3333333333333333 0  0.8333333333333334 0.3333333333333333 0  0.8666666666666667 0.3333333333333333 0  0.9 0.3333333333333333 0  0.9333333333333333 0.3333333333333333 0  0.9666666666666667 0.3333333333333333 0  1 0.3333333333333333 0  0 0.3666666666666666 0  0.03333333333333333 0.3666666666666666 0  0.06666666666666667 0.3666666666666666 0  0.1 0.3666666666666666 0  0.1333333333333333 0.3666666666666666 0  0.1666666666666667 0.3666666666666666 0  0.2 0.3666666666666666 0  0.2333333333333333 0.3666666666666666 0  0.2666666666666667 0.3666666666666666 0  0.3 0.3666666666666666 0  0.3333333333333333 0.3666666666666666 0  0.3666666666666666 0.3666666666666666 0  0.4 0.3666666666666666 0  0.4333333333333333 0.3666666666666666 0  0.4666666666666667 0.3666666666666666 0  0.5 0.3666666666666666 0  0.5333333333333333 0.3666666666666666 0  0.5666666666666667 0.3666666666666666 0  0.6 0.3666666666666666 0  0.6333333333333333 0.3666666666666666 0  0.6666666666666666 0.3666666666666666 0  0.7 0.3666666666666666 0  0.7333333333333333 0.3666666666666666 0  0.7666666666666667 0.3666666666666666 0  0.8 0.3666666666666666 0  0.8333333333333334 0.3666666666666666 0  0.8666666666666667 0.3666666666666666 0  0.9 0.3666666666666666 0  0.9333333333333333 0.3666666666666666 0  0.9666666666666667 0.3666666666666666 0  1 0.3666666666666666 0  0 0.4 0  0.03333333333333333 0.4 0  0.06666666666666667 0.4 0  0.1 0.4 0  0.1333333333333333 0.4 0  0.1666666666666667 0.4 0  0.2 0.4 0  0.2333333333333333 0.4 0  0.2666666666666667 0.4 0  0.3 0.4 0  0.3333333333333333 0.4 0  0.3666666666666666 0.4 0  0.4 0.4 0  0.4333333333333333 0.4 0  0.4666666666666667 0.4 0  0.5 0.4 0  0.5333333333333333 0.4 0  0.5666666666666667 0.4 0  0.6 0.4 0  0.6333333333333333 0.4 0  0.6666666666666666 0.4 0  0.7 0.4 0  0.7333333333333333 0.4 0  0.7666666666666667 0.4 0  0.8 0.4 0  0.8333333333333334 0.4 0  0.8666666666666667 0.4 0  0.9 0.4 0  0.9333333333333333 0.4 0  0.9666666666666667 0.4 0  1 0.4 0  0 0.4333333333333333 0  0.03333333333333333 0.4333333333333333 0  0.06666666666666667 0.4333333333333333 0  0.1 0.4333333333333333 0  0.1333333333333333 0.4333333333333333 0  0.1666666666666667 0.4333333333333333 0  0.2 0.4333333333333333 0  0.2333333333333333 0.4333333333333333 0  0.2666666666666667 0.4333333333333333 0  0.3 0.4333333333333333 0  0.3333333333333333 0.4333333333333333 0  0.3666666666666666 0.4333333333333333 0  0.4 0.4333333333333333 0  0.4333333333333333 0.4333333333333333 0  0.4666666666666667 0.4333333333333333 0  0.5 0.4333333333333333 0  0.5333333333333333 0.4333333333333333 0  0.5666666666666667 0.4333333333333333 0  0.6 0.4333333333333333 0  0.6333333333333333 0.4333333333333333 0  0.6666666666666666 0.4333333333333333 0  0.7 0.4333333333333333 0  0.7333333333333333 0.4333333333333333 0  0.7666666666666667 0.4333333333333333 0  0.8 0.4333333333333333 0  0.8333333333333334 0.4333333333333333 0  0.8666666666666667 0.4333333333333333 0  0.9 0.4333333333333333 0  0.9333333333333333 0.4333333333333333 0  0.9666666666666667 0.4333333333333333 0  1 0.4333333333333333 0  0 0.4666666666666667 0  0.03333333333333333 0.4666666666666667 0  0.06666666666666667 0.4666666666666667 0  0.1 0.4666666666666667 0  0.1333333333333333 0.4666666666666667 0  0.1666666666666667 0.4666666666666667 0  0.2 0.4666666666666667 0  0.2333333333333333 0.4666666666666667 0  0.2666666666666667 0.4666666666666667 0  0.3 0.4666666666666667 0  0.3333333333333333 0.4666666666666667 0  0.3666666666666666 0.4666666666666667 0  0.4 0.4666666666666667 0  0.4333333333333333 0.4666666666666667 0  0.4666666666666667 0.4666666666666667 0  0.5 0.4666666666666667 0  0.5333333333333333 0.4666666666666667 0  0.5666666666666667 0.4666666666666667 0  0.6 0.4666666666666667 0  0.6333333333333333 0.4666666666666667 0  0.6666666666666666 0.4666666666666667 0  0.7 0.4666666666666667 0  0.7333333333333333 0.4666666666666667 0  0.7666666666666667 0.4666666666666667 0  0.8 0.4666666666666667 0  0.8333333333333334 0.4666666666666667 0  0.8666666666666667 0.4666666666666667 0  0.9 0.4666666666666667 0  0.9333333333333333 0.4666666666666667 0  0.9666666666666667 0.4666666666666667 0  1 0.4666666666666667 0  0 0.5 0  0.03333333333333333 0.5 0  0.06666666666666667 0.5 0  0.1 0.5 0  0.1333333333333333 0.5 0  0.1666666666666667 0.5 0  0.2 0.5 0  0.2333333333333333 0.5 0  0.2666666666666667 0.5 0  0.3 0.5 0  0.3333333333333333 0.5 0  0.3666666666666666 0.5 0  0.4 0.5 0  0.4333333333333333 0.5 0  0.4666666666666667 0.5 0  0.5 0.5 0  0.5333333333333333 0.5 0  0.5666666666666667 0.5 0  0.6 0.5 0  0.6333333333333333 0.5 0  0.6666666666666666 0.5 0  0.7 0.5 0  0.7333333333333333 0.5 0  0.7666666666666667 0.5 0  0.8 0.5 0  0.8333333333333334 0.5 0  0.8666666666666667 0.5 0  0.9 0.5 0  0.9333333333333333 0.5 0  0.9666666666666667 0.5 0  1 0.5 0  0 0.5333333333333333 0  0.03333333333333333 0.5333333333333333 0  0.06666666666666667 0.5333333333333333 0  0.1 0.5333333333333333 0  0.1333333333333333 0.5333333333333333 0  0.1666666666666667 0.5333333333333333 0  0.2 0.5333333333333333 0  0.2333333333333333 0.5333333333333333 0  0.2666666666666667 0.5333333333333333 0  0.3 0.5333333333333333 0  0.3333333333333333 0.5333333333333333 0  0.3666666666666666 0.5333333333333333 0  0.4 0.5333333333333333 0  0.4333333333333333 0.5333333333333333 0  0.4666666666666667 0.5333333333333333 0  0.5 0.5333333333333333 0  0.5333333333333333 0.5333333333333333 0  0.5666666666666667 0.5333333333333333 0  0.6 0.5333333333333333 0  0.6333333333333333 0.5333333333333333 0  0.6666666666666666 0.5333333333333333 0  0.7 0.5333333333333333 0  0.7333333333333333 0.5333333333333333 0  0.7666666666666667 0.5333333333333333 0  0.8 0.5333333333333333 0  0.8333333333333334 0.5333333333333333 0  0.8666666666666667 0.5333333333333333 0  0.9 0.5333333333333333 0  0.9333333333333333 0.5333333333333333 0  0.9666666666666667 0.5333333333333333 0  1 0.5333333333333333 0  0 0.5666666666666667 0  0.03333333333333333 0.5666666666666667 0  0.06666666666666667 0.5666666666666667 0  0.1 0.5666666666666667 0  0.1333333333333333 0.5666666666666667 0  0.1666666666666667 0.5666666666666667 0  0.2 0.5666666666666667 0  0.2333333333333333 0.5666666666666667 0  0.2666666666666667 0.5666666666666667 0  0.3 0.5666666666666667 0  0.3333333333333333 0.5666666666666667 0  0.3666666666666666 0.5666666666666667 0  0.4 0.5666666666666667 0  0.4333333333333333 0.5666666666666667 0  0.4666666666666667 0.5666666666666667 0  0.5 0.5666666666666667 0  0.5333333333333333 0.5666666666666667 0  0.5666666666666667 0.5666666666666667 0  0.6 0.5666666666666667 0  0.6333333333333333 0.5666666666666667 0  0.6666666666666666 0.5666666666666667 0  0.7 0.5666666666666667 0  0.7333333333333333 0.5666666666666667 0  0.7666666666666667 0.5666666666666667 0  0.8 0.5666666666666667 0  0.8333333333333334 0.5666666666666667 0  0.8666666666666667 0.5666666666666667 0  0.9 0.5666666666666667 0  0.9333333333333333 0.5666666666666667 0  0.9666666666666667 0.5666666666666667 0  1 0.5666666666666667 0  0 0.6 0  0.03333333333333333 0.6 0  0.06666666666666667 0.6 0  0.1 0.6 0  0.1333333333333333 0.6 0  0.1666666666666667 0.6 0  0.2 0.6 0  0.2333333333333333 0.6 0  0.2666666666666667 0.6 0  0.3 0.6 0  0.3333333333333333 0.6 0  0.3666666666666666 0.6 0  0.4 0.6 0  0.4333333333333333 0.6 0  0.4666666666666667 0.6 0  0.5 0.6 0  0.5333333333333333 0.6 0  0.5666666666666667 0.6 0  0.6 0.6 0  0.6333333333333333 0.6 0  0.6666666666666666 0.6 0  0.7 0.6 0  0.7333333333333333 0.6 0  0.7666666666666667 0.6 0  0.8 0.6 0  0.8333333333333334 0.6 0  0.8666666666666667 0.6 0  0.9 0.6 0  0.9333333333333333 0.6 0  0.9666666666666667 0.6 0  1 0.6 0  0 0.6333333333333333 0  0.03333333333333333 0.6333333333333333 0  0.06666666666666667 0.6333333333333333 0  0.1 0.6333333333333333 0  0.1333333333333333 0.6333333333333333 0  0.1666666666666667 0.6333333333333333 0  0.2 0.6333333333333333 0  0.2333333333333333 0.6333333333333333 0  0.2666666666666667 0.6333333333333333 0  0.3 0.6333333333333333 0  0.3333333333333333 0.6333333333333333 0  0.3666666666666666 0.6333333333333333 0  0.4 0.6333333333333333 0  0.4333333333333333 0.6333333333333333 0  0.4666666666666667 0.6333333333333333 0  0.5 0.6333333333333333 0  0.5333333333333333 0.6333333333333333 0  0.5666666666666667 0.6333333333333333 0  0.6 0.6333333333333333 0  0.6333333333333333 0.6333333333333333 0  0.6666666666666666 0.6333333333333333 0  0.7 0.6333333333333333 0  0.7333333333333333 0.6333333333333333 0  0.7666666666666667 0.6333333333333333 0  0.8 0.6333333333333333 0  0.8333333333333334 0.6333333333333333 0  0.8666666666666667 0.6333333333333333 0  0.9 0.6333333333333333 0  0.9333333333333333 0.6333333333333333 0  0.9666666666666667 0.6333333333333333 0  1 0.6333333333333333 0  0 0.6666666666666666 0  0.03333333333333333 0.6666666666666666 0  0.06666666666666667 0.6666666666666666 0  0.1 0.6666666666666666 0  0.1333333333333333 0.6666666666666666 0  0.1666666666666667 0.6666666666666666 0  0.2 0.6666666666666666 0  0.2333333333333333 0.6666666666666666 0  0.2666666666666667 0.6666666666666666 0  0.3 0.6666666666666666 0  0.3333333333333333 0.6666666666666666 0  0.3666666666666666 0.6666666666666666 0  0.4 0.6666666666666666 0  0.4333333333333333 0.6666666666666666 0  0.4666666666666667 0.6666666666666666 0  0.5 0.6666666666666666 0  0.5333333333333333 0.6666666666666666 0  0.5666666666666667 0.6666666666666666 0  0.6 0.6666666666666666 0  0.6333333333333333 0.6666666666666666 0  0.6666666666666666 0.6666666666666666 0  0.7 0.6666666666666666 0  0.7333333333333333 0.6666666666666666 0  0.7666666666666667 0.6666666666666666 0  0.8 0.6666666666666666 0  0.8333333333333334 0.6666666666666666 0  0.8666666666666667 0.6666666666666666 0  0.9 0.6666666666666666 0  0.9333333333333333 0.6666666666666666 0  0.9666666666666667 0.6666666666666666 0  1 0.6666666666666666 0  0 0.7 0  0.03333333333333333 0.7 0  0.06666666666666667 0.7 0  0.1 0.7 0  0.1333333333333333 0.7 0  0.1666666666666667 0.7 0  0.2 0.7 0  0.2333333333333333 0.7 0  0.2666666666666667 0.7 0  0.3 0.7 0  0.3333333333333333 0.7 0  0.3666666666666666 0.7 0  0.4 0.7 0  0.4333333333333333 0.7 0  0.4666666666666667 0.7 0  0.5 0.7 0  0.5333333333333333 0.7 0  0.5666666666666667 0.7 0  0.6 0.7 0  0.6333333333333333 0.7 0  0.6666666666666666 0.7 0  0.7 0.7 0  0.7333333333333333 0.7 0  0.7666666666666667 0.7 0  0.8 0.7 0  0.8333333333333334 0.7 0  0.8666666666666667 0.7 0  0.9 0.7 0  0.9333333333333333 0.7 0  0.9666666666666667 0.7 0  1 0.7 0  0 0.7333333333333333 0  0.03333333333333333 0.7333333333333333 0  0.06666666666666667 0.7333333333333333 0  0.1 0.7333333333333333 0  0.1333333333333333 0.7333333333333333 0  0.1666666666666667 0.7333333333333333 0  0.2 0.7333333333333333 0  0.2333333333333333 0.7333333333333333 0  0.2666666666666667 0.7333333333333333 0  0.3 0.7333333333333333 0  0.3333333333333333 0.7333333333333333 0  0.3666666666666666 0.7333333333333333 0  0.4 0.7333333333333333 0  0.4333333333333333 0.7333333333333333 0  0.4666666666666667 0.7333333333333333 0  0.5 0.7333333333333333 0  0.5333333333333333 0.7333333333333333 0  0.5666666666666667 0.7333333333333333 0  0.6 0.7333333333333333 0  0.6333333333333333 0.7333333333333333 0  0.6666666666666666 0.7333333333333333 0  0.7 0.7333333333333333 0  0.7333333333333333 0.7333333333333333 0  0.7666666666666667 0.7333333333333333 0  0.8 0.7333333333333333 0  0.8333333333333334 0.7333333333333333 0  0.8666666666666667 0.7333333333333333 0  0.9 0.7333333333333333 0  0.9333333333333333 0.7333333333333333 0  0.9666666666666667 0.7333333333333333 0  1 0.7333333333333333 0  0 0.7666666666666667 0  0.03333333333333333 0.7666666666666667 0  0.06666666666666667 0.7666666666666667 0  0.1 0.7666666666666667 0  0.1333333333333333 0.7666666666666667 0  0.1666666666666667 0.7666666666666667 0  0.2 0.7666666666666667 0  0.2333333333333333 0.7666666666666667 0  0.2666666666666667 0.7666666666666667 0  0.3 0.7666666666666667 0  0.3333333333333333 0.7666666666666667 0  0.3666666666666666 0.7666666666666667 0  0.4 0.7666666666666667 0  0.4333333333333333 0.7666666666666667 0  0.4666666666666667 0.7666666666666667 0  0.5 0.7666666666666667 0  0.5333333333333333 0.7666666666666667 0  0.5666666666666667 0.7666666666666667 0  0.6 0.7666666666666667 0  0.6333333333333333 0.7666666666666667 0  0.6666666666666666 0.7666666666666667 0  0.7 0.7666666666666667 0  0.7333333333333333 0.7666666666666667 0  0.7666666666666667 0.7666666666666667 0  0.8 0.7666666666666667 0  0.8333333333333334 0.7666666666666667 0  0.8666666666666667 0.7666666666666667 0  0.9 0.7666666666666667 0  0.9333333333333333 0.7666666666666667 0  0.9666666666666667 0.7666666666666667 0  1 0.7666666666666667 0  0 0.8 0  0.03333333333333333 0.8 0  0.06666666666666667 0.8 0  0.1 0.8 0  0.1333333333333333 0.8 0  0.1666666666666667 0.8 0  0.2 0.8 0  0.2333333333333333 0.8 0  0.2666666666666667 0.8 0  0.3 0.8 0  0.3333333333333333 0.8 0  0.3666666666666666 0.8 0  0.4 0.8 0  0.4333333333333333 0.8 0  0.4666666666666667 0.8 0  0.5 0.8 0  0.5333333333333333 0.8 0  0.5666666666666667 0.8 0  0.6 0.8 0  0.6333333333333333 0.8 0  0.6666666666666666 0.8 0  0.7 0.8 0  0.7333333333333333 0.8 0  0.7666666666666667 0.8 0  0.8 0.8 0  0.8333333333333334 0.8 0  0.8666666666666667 0.8 0  0.9 0.8 0  0.9333333333333333 0.8 0  0.9666666666666667 0.8 0  1 0.8 0  0 0.8333333333333334 0  0.03333333333333333 0.8333333333333334 0  0.06666666666666667 0.8333333333333334 0  0.1 0.8333333333333334 0  0.1333333333333333 0.8333333333333334 0  0.1666666666666667 0.8333333333333334 0  0.2 0.8333333333333334 0  0.2333333333333333 0.8333333333333334 0  0.2666666666666667 0.8333333333333334 0  0.3 0.8333333333333334 0  0.3333333333333333 0.8333333333333334 0  0.3666666666666666 0.8333333333333334 0  0.4 0.8333333333333334 0  0.4333333333333333 0.8333333333333334 0  0.4666666666666667 0.8333333333333334 0  0.5 0.8333333333333334 0  0.5333333333333333 0.8333333333333334 0  0.5666666666666667 0.8333333333333334 0  0.6 0.8333333333333334 0  0.6333333333333333 0.8333333333333334 0  0.6666666666666666 0.8333333333333334 0  0.7 0.8333333333333334 0  0.7333333333333333 0.8333333333333334 0  0.7666666666666667 0.8333333333333334 0  0.8 0.8333333333333334 0  0.8333333333333334 0.8333333333333334 0  0.8666666666666667 0.8333333333333334 0  0.9 0.8333333333333334 0  0.9333333333333333 0.8333333333333334 0  0.9666666666666667 0.8333333333333334 0  1 0.8333333333333334 0  0 0.8666666666666667 0  0.03333333333333333 0.8666666666666667 0  0.06666666666666667 0.8666666666666667 0  0.1 0.8666666666666667 0  0.1333333333333333 0.8666666666666667 0  0.1666666666666667 0.8666666666666667 0  0.2 0.8666666666666667 0  0.2333333333333333 0.8666666666666667 0  0.2666666666666667 0.8666666666666667 0  0.3 0.8666666666666667 0  0.3333333333333333 0.8666666666666667 0  0.3666666666666666 0.8666666666666667 0  0.4 0.8666666666666667 0  0.4333333333333333 0.8666666666666667 0  0.4666666666666667 0.8666666666666667 0  0.5 0.8666666666666667 0  0.5333333333333333 0.8666666666666667 0  0.5666666666666667 0.8666666666666667 0  0.6 0.8666666666666667 0  0.6333333333333333 0.8666666666666667 0  0.6666666666666666 0.8666666666666667 0  0.7 0.8666666666666667 0  0.7333333333333333 0.8666666666666667 0  0.7666666666666667 0.8666666666666667 0  0.8 0.8666666666666667 0  0.8333333333333334 0.8666666666666667 0  0.8666666666666667 0.8666666666666667 0  0.9 0.8666666666666667 0  0.9333333333333333 0.8666666666666667 0  0.9666666666666667 0.8666666666666667 0  1 0.8666666666666667 0  0 0.9 0  0.03333333333333333 0.9 0  0.06666666666666667 0.9 0  0.1 0.9 0  0.1333333333333333 0.9 0  0.1666666666666667 0.9 0  0.2 0.9 0  0.2333333333333333 0.9 0  0.2666666666666667 0.9 0  0.3 0.9 0  0.3333333333333333 0.9 0  0.3666666666666666 0.9 0  0.4 0.9 0  0.4333333333333333 0.9 0  0.4666666666666667 0.9 0  0.5 0.9 0  0.5333333333333333 0.9 0  0.5666666666666667 0.9 0  0.6 0.9 0  0.6333333333333333 0.9 0  0.6666666666666666 0.9 0  0.7 0.9 0  0.7333333333333333 0.9 0  0.7666666666666667 0.9 0  0.8 0.9 0  0.8333333333333334 0.9 0  0.8666666666666667 0.9 0  0.9 0.9 0  0.9333333333333333 0.9 0  0.9666666666666667 0.9 0  1 0.9 0  0 0.9333333333333333 0  0.03333333333333333 0.9333333333333333 0  0.06666666666666667 0.9333333333333333 0  0.1 0.9333333333333333 0  0.1333333333333333 0.9333333333333333 0  0.1666666666666667 0.9333333333333333 0  0.2 0.9333333333333333 0  0.2333333333333333 0.9333333333333333 0  0.2666666666666667 0.9333333333333333 0  0.3 0.9333333333333333 0  0.3333333333333333 0.9333333333333333 0  0.3666666666666666 0.9333333333333333 0  0.4 0.9333333333333333 0  0.4333333333333333 0.9333333333333333 0  0.4666666666666667 0.9333333333333333 0  0.5 0.9333333333333333 0  0.5333333333333333 0.9333333333333333 0  0.5666666666666667 0.9333333333333333 0  0.6 0.9333333333333333 0  0.6333333333333333 0.9333333333333333 0  0.6666666666666666 0.9333333333333333 0  0.7 0.9333333333333333 0  0.7333333333333333 0.9333333333333333 0  0.7666666666666667 0.9333333333333333 0  0.8 0.9333333333333333 0  0.8333333333333334 0.9333333333333333 0  0.8666666666666667 0.9333333333333333 0  0.9 0.9333333333333333 0  0.9333333333333333 0.9333333333333333 0  0.9666666666666667 0.9333333333333333 0  1 0.9333333333333333 0  0 0.9666666666666667 0  0.03333333333333333 0.9666666666666667 0  0.06666666666666667 0.9666666666666667 0  0.1 0.9666666666666667 0  0.1333333333333333 0.9666666666666667 0  0.1666666666666667 0.9666666666666667 0  0.2 0.9666666666666667 0  0.2333333333333333 0.9666666666666667 0  0.2666666666666667 0.9666666666666667 0  0.3 0.9666666666666667 0  0.3333333333333333 0.9666666666666667 0  0.3666666666666666 0.9666666666666667 0  0.4 0.9666666666666667 0  0.4333333333333333 0.9666666666666667 0  0.4666666666666667 0.9666666666666667 0  0.5 0.9666666666666667 0  0.5333333333333333 0.9666666666666667 0  0.5666666666666667 0.9666666666666667 0  0.6 0.9666666666666667 0  0.6333333333333333 0.9666666666666667 0  0.6666666666666666 0.9666666666666667 0  0.7 0.9666666666666667 0  0.7333333333333333 0.9666666666666667 0  0.7666666666666667 0.9666666666666667 0  0.8 0.9666666666666667 0  0.8333333333333334 0.9666666666666667 0  0.8666666666666667 0.9666666666666667 0  0.9 0.9666666666666667 0  0.9333333333333333 0.9666666666666667 0  0.9666666666666667 0.9666666666666667 0  1 0.9666666666666667 0  0 1 0  0.03333333333333333 1 0  0.06666666666666667 1 0  0.1 1 0  0.1333333333333333 1 0  0.1666666666666667 1 0  0.2 1 0  0.2333333333333333 1 0  0.2666666666666667 1 0  0.3 1 0  0.3333333333333333 1 0  0.3666666666666666 1 0  0.4 1 0  0.4333333333333333 1 0  0.4666666666666667 1 0  0.5 1 0  0.5333333333333333 1 0  0.5666666666666667 1 0  0.6 1 0  0.6333333333333333 1 0  0.6666666666666666 1 0  0.7 1 0  0.7333333333333333 1 0  0.7666666666666667 1 0  0.8 1 0  0.8333333333333334 1 0  0.8666666666666667 1 0  0.9 1 0  0.9333333333333333 1 0  0.9666666666666667 1 0  1 1 0  </DataArray>
</Points>
<Cells>
<DataArray  type="UInt32"  Name="connectivity"  format="ascii">0 1 32  0 31 32  1 2 33  1 32 33  2 3 34  2 33 34  3 4 35  3 34 35  4 5 36  4 35 36  5 6 37  5 36 37  6 7 38  6 37 38  7 8 39  7 38 39  8 9 40  8 39 40  9 10 41  9 40 41  10 11 42  10 41 42  11 12 43  11 42 43  12 13 44  12 43 44  13 14 45  13 44 45  14 15 46  14 45 46  15 16 47  15 46 47  16 17 48  16 47 48  17 18 49  17 48 49  18 19 50  18 49 50  19 20 51  19 50 51  20 21 52  20 51 52  21 22 53  21 52 53  22 23 54  22 53 54  23 24 55  23 54 55  24 25 56  24 55 56  25 26 57  25 56 57  26 27 58  26 57 58  27 28 59  27 58 59  28 29 60  28 59 60  29 30 61  29 60 61  31 32 63  31 62 63  32 33 64  32 63 64  33 34 65  33 64 65  34 35 66  34 65 66  35 36 67  35 66 67  36 37 68  36 67 68  37 38 69  37 68 69  38 39 70  38 69 70  39 40 71  39 70 71  40 41 72  40 71 72  41 42 73  41 72 73  42 43 74  42 73 74  43 44 75  43 74 75  44 45 76  44 75 76  45 46 77  45 76 77  46 47 78  46 77 78  47 48 79  47 78 79  48 49 80  48 79 80  49 50 81  49 80 81  50 51 82  50 81 82  51 52 83  51 82 83  52 53 84  52 83 84  53 54 85  53 84 85  54 55 86  54 85 86  55 56 87  55 86 87  56 57 88  56 87 88  57 58 89  57 88 89  58 59 90  58 89 90  59 60 91  59 90 91  60 61 92  60 91 92  62 63 94  62 93 94  63 64 95  63 94 95  64 65 96  64 95 96  65 66 97  65 96 97  66 67 98  66 97 98  67 68 99  67 98 99  68 69 100  68 99 100  69 70 101  69 100 101  70 71 102  70 101 102  71 72 103  71 102 103  72 73 104  72 103 104  73 74 105  73 104 105  74 75 106  74 105 106  75 76 107  75 106 107  76 77 108  76 107 108  77 78 109  77 108 109  78 79 110  78 109 110  79 80 111  79 110 111  80 81 112  80 111 112  81 82 113  81 112 113  82 83 114  82 113 114  83 84 115  83 114 115  84 85 116  84 115 116  85 86 117  85 116 117  86 87 118  86 117 118  87 88 119  87 118 119  88 89 120  88 119 120  89 90 121  89 120 121  90 91 122  90 121 122  91 92 123  91 122 123  93 94 125  93 124 125  94 95 126  94 125 126  95 96 127  95 126 127  96 97 128  96 127 128  97 98 129  97 128 129  98 99 130  98 129 130  99 100 131  99 130 131  100 101 132  100 131 132  101 102 133  101 132 133  102 103 134  102 133 134  103 104 135  103 134 135  104 105 136  104 135 136  105 106 137  105 136 137  106 107 138  106 137 138  107 108 139  107 138 139  108 109 140  108 139 140  109 110 141  109 140 141  110 111 142  110 141 142  111 112 143  111 142 143  112 113 144  112 143 144  113 114 145  113 144 145  114 115 146  114 145 146  115 116 147  115 146 147  116 117 148  116 147 148  117 118 149  117 148 149  118 119 150  118 149 150  119 120 151  119 150 151  120 121 152  120 151 152  121 122 153  121 152 153  122 123 154  122 153 154  124 125 156  124 155 156  125 126 157  125 156 157  126 127 158  126 157 158  127 128 159  127 158 159  128 129 160  128 159 160  129 130 161  129 160 161  130 131 162  130 161 162  131 132 163  131 162 163  132 133 164  132 163 164  133 134 165  133 164 165  134 135 166  134 165 166  135 136 167  135 166 167  136 137 168  136 167 168  137 138 169  137 168 169  138 139 170  138 169 170  139 140 171  139 170 171  140 141 172  140 171 172  141 142 173  141 172 173  142 143 174  142 173 174  143 144 175  143 174 175  144 145 176  144 175 176  145 146 177  145 176 177  146 147 178  146 177 178  147 148 179  147 178 179  148 149 180  148 179 180  149 150 181  149 180 181  150 151 182  150 181 182  151 152 183  151 182 183  152 153 184  152 183 184  153 154 185  153 184 185  155 156 187  155 186 187  156 157 188  156 187 188  157 158 189  157 188 189  158 159 190  158 189 190  159 160 191  159 190 191  160 161 192  160 191 192  161 162 193  161 192 193  162 163 194  162 193 194  163 164 195  163 194 195  164 165 196  164 195 196  165 166 197  165 196 197  166 167 198  166 197 198  167 168 199  167 198 199  168 169 200  168 199 200  169 170 201  169 200 201  170 171 202  170 201 202  171 172 203  171 202 203  172 173 204  172 203 204  173 174 205  173 204 205  174 175 206  174 205 206  175 176 207  175 206 207  176 177 208  176 207 208  177 178 209  177 208 209  178 179 210  178 209 210  179 180 211  179 210 211  180 181 212  180 211 212  181 182 213  181 212 213  182 183 214  182 213 214  183 184 215  183 214 215  184 185 216  184 215 216  186 187 218  186 217 218  187 188 219  187 218 219  188 189 220  188 219 220  189 190 221  189 220 221  190 191 222  190 221 222  191 192 223  191 222 223  192 193 224  192 223 224  193 194 225  193 224 225  194 195 226  194 225 226  195 196 227  195 226 227  196 197 228  196 227 228  197 198 229  197 228 229  198 199 230  198 229 230  199 200 231  199 230 231  200 201 232  200 231 232  201 202 233  201 232 233  202 203 234  202 233 234  203 204 235  203 234 235  204 205 236  204 235 236  205 206 237  205 236 237  206 207 238  206 237 238  207 208 239  207 238 239  208 209 240  208 239 240  209 210 241  209 240 241  210 211 242  210 241 242  211 212 243  211 242 243  212 213 244  212 243 244  213 214 245  213 244 245  214 215 246  214 245 246  215 216 247  215 246 247  217 218 249  217 248 249  218 219 250  218 249 250  219 220 251  219 250 251  220 221 252  220 251 252  221 222 253  221 252 253  222 223 254  222 253 254  223 224 255  223 254 255  224 225 256  224 255 256  225 226 257  225 256 257  226 227 258  226 257 258  227 228 259  227 258 259  228 229 260  228 259 260  229 230 261  229 260 261  230 231 262  230 261 262  231 232 263  231 262 263  232 233 264  232 263 264  233 234 265  233 264 265  234 235 266  234 265 266  235 236 267  235 266 267  236 237 268  236 267 268  237 238 269  237 268 269  238 239 270  238 269 270  239 240 271  239 270 271  240 241 272  240 271 272  241 242 273  241 272 273  242 243 274  242 273 274  243 244 275  243 274 275  244 245 276  244 275 276  245 246 277  245 276 277  246 247 278  246 277 278  248 249 280  248 279 280  249 250 281  249 280 281  250 251 282  250 281 282  251 252 283  251 282 283  252 253 284  252 283 284  253 254 285  253 284 285  254 255 286  254 285 286  255 256 287  255 286 287  256 257 288  256 287 288  257 258 289  257 288 289  258 259 290  258 289 290  259 260 291  259 290 291  260 261 292  260 291 292  261 262 293  261 292 293  262 263 294  262 293 294  263 264 295  263 294 295  264 265 296  264 295 296  265 266 297  265 296 297  266 267 298  266 297 298  267 268 299  267 298 299  268 269 300  268 299 300  269 270 301  269 300 301  270 271 302  270 301 302  271 272 303  271 302 303  272 273 304  272 303 304  273 274 305  273 304 305  274 275 306  274 305 306  275 276 307  275 306 307  276 277 308  276 307 308  277 278 309  277 308 309  279 280 311  279 310 311  280 281 312  280 311 312  281 282 313  281 312 313  282 283 314  282 313 314  283 284 315  283 314 315  284 285 316  284 315 316  285 286 317  285 316 317  286 287 318  286 317 318  287 288 319  287 318 319  288 289 320  288 319 320  289 290 321  289 320 321  290 291 322  290 321 322  291 292 323  291 322 323  292 293 324  292 323 324  293 294 325  293 324 325  294 295 326  294 325 326  295 296 327  295 326 327  296 297 328  296 327 328  297 298 329  297 328 329  298 299 330  298 329 330  299 300 331  299 330 331  300 301 332  300 331 332  301 302 333  301 332 333  302 303 334  302 333 334  303 304 335  303 334 335  304 305 336  304 335 336  305 306 337  305 336 337  306 307 338  306 337 338  307 308 339  307 338 339  308 309 340  308 339 340  310 311 342  310 341 342  311 312 343  311 342 343  312 313 344  312 343 344  313 314 345  313 344 345  314 315 346  314 345 346  315 316 347  315 346 347  316 317 348  316 347 348  317 318 349  317 348 349  318 319 350  318 349 350  319 320 351  319 350 351  320 321 352  320 351 352  321 322 353  321 352 353  322 323 354  322 353 354  323 324 355  323 354 355  324 325 356  324 355 356  325 326 357  325 356 357  326 327 358  326 357 358  327 328 359  327 358 359  328 329 360  328 359 360  329 330 361  329 360 361  330 331 362  330 361 362  331 332 363  331 362 363  332 333 364  332 363 364  333 334 365  333 364 365  334 335 366  334 365 366  335 336 367  335 366 367  336 337 368  336 367 368  337 338 369  337 368 369  338 339 370  338 369 370  339 340 371  339 370 371  341 342 373  341 372 373  342 343 374  342 373 374  343 344 375  343 374 375  344 345 376  344 375 376  345 346 377  345 376 377  346 347 378  346 377 378  347 348 379  347 378 379  348 349 380  348 379 380  349 350 381  349 380 381  350 351 382  350 381 382  351 352 383  351 382 383  352 353 384  352 383 384  353 354 385  353 384 385  354 355 386  354 385 386  355 356 387  355 386 387  356 357 388  356 387 388  357 358 389  357 388 389  358 359 390  358 389 390  359 360 391  359 390 391  360 361 392  360 391 392  361 362 393  361 392 393  362 363 394  362 393 394  363 364 395  363 394 395  364 365 396  364 395 396  365 366 397  365 396 397  366 367 398  366 397 398  367 368 399  367 398 399  368 369 400  368 399 400  369 370 401  369 400 401  370 371 402  370 401 402  372 373 404  372 403 404  373 374 405  373 404 405  374 375 406  374 405 406  375 376 407  375 406 407  376 377 408  376 407 408  377 378 409  377 408 409  378 379 410  378 409 410  379 380 411  379 410 411  380 381 412  380 411 412  381 382 413  381 412 413  382 383 414  382 413 414  383 384 415  383 414 415  384 385 416  384 415 416  385 386 417  385 416 417  386 387 418  386 417 418  387 388 419  387 418 419  388 389 420  388 419 420  389 390 421  389 420 421  390 391 422  390 421 422  391 392 423  391 422 423  392 393 424  392 423 424  393 394 425  393 424 425  394 395 426  394 425 426  395 396 427  395 426 427  396 397 428  396 427 428  397 398 429  397 428 429  398 399 430  398 429 430  399 400 431  399 430 431  400 401 432  400 431 432  401 402 433  401 432 433  403 404 435  403 434 435  404 405 436  404 435 436  405 406 437  405 436 437  406 407 438  406 437 438  407 408 439  407 438 439  408 409 440  408 439 440  409 410 441  409 440 441  410 411 442  410 441 442  411 412 443  411 442 443  412 413 444  412 443 444  413 414 445  413 444 445  414 415 446  414 445 446  415 416 447  415 446 447  416 417 448  416 447 448  417 418 449  417 448 449  418 419 450  418 449 450  419 420 451  419 450 451  420 421 452  420 451 452  421 422 453  421 452 453  422 423 454  422 453 454  423 424 455  423 454 455  424 425 456  424 455 456  425 426 457  425 456 457  426 427 458  426 457 458  427 428 459  427 458 459  428 429 460  428 459 460  429 430 461  429 460 461  430 431 462  430 461 462  431 432 463  431 462 463  432 433 464  432 463 464  434 435 466  434 465 466  435 436 467  435 466 467  436 437 468  436 467 468  437 438 469  437 468 469  438 439 470  438 469 470  439 440 471  439 470 471  440 441 472  440 471 472  441 442 473  441 472 473  442 443 474  442 473 474  443 444 475  443 474 475  444 445 476  444 475 476  445 446 477  445 476 477  446 447 478  446 477 478  447 448 479  447 478 479  448 449 480  448 479 480  449 450 481  449 480 481  450 451 482  450 481 482  451 452 483  451 482 483  452 453 484  452 483 484  453 454 485  453 484 485  454 455 486  454 485 486  455 456 487  455 486 487  456 457 488  456 487 488  457 458 489  457 488 489  458 459 490  458 489 490  459 460 491  459 490 491  460 461 492  460 491 492  461 462 493  461 492 493  462 463 494  462 493 494  463 464 495  463 494 495  465 466 497  465 496 497  466 467 498  466 497 498  467 468 499  467 498 499  468 469 500  468 499 500  469 470 501  469 500 501  470 471 502  470 501 502  471 472 503  471 502 503  472 473 504  472 503 504  473 474 505  473 504 505  474 475 506  474 505 506  475 476 507  475 506 507  476 477 508  476 507 508  477 478 509  477 508 509  478 479 510  478 509 510  479 480 511  479 510 511  480 481 512  480 511 512  481 482 513  481 512 513  482 483 514  482 513 514  483 484 515  483 514 515  484 485 516  484 515 516  485 486 517  485 516 517  486 487 518  486 517 518  487 488 519  487 518 519  488 489 520  488 519 520  489 490 521  489 520 521  490 491 522  490 521 522  491 492 523  491 522 523  492 493 524  492 523 524  493 494 525  493 524 525  494 495 526  494 525 526  496 497 528  496 527 528  497 498 529  497 528 529  498 499 530  498 529 530  499 500 531  499 530 531  500 501 532  500 531 532  501 502 533  501 532 533  502 503 534  502 533 534  503 504 535  503 534 535  504 505 536  504 535 536  505 506 537  505 536 537  506 507 538  506 537 538  507 508 539  507 538 539  508 509 540  508 539 540  509 510 541  509 540 541  510 511 542  510 541 542  511 512 543  511 542 543  512 513 544  512 543 544  513 514 545  513 544 545  514 515 546  514 545 546  515 516 547  515 546 547  516 517 548  516 547 548  517 518 549  517 548 549  518 519 550  518 549 550  519 520 551  519 550 551  520 521 552  520 551 552  521 522 553  521 552 553  522 523 554  522 553 554  523 524 555  523 554 555  524 525 556  524 555 556  525 526 557  525 556 557  527 528 559  527 558 559  528 529 560  528 559 560  529 530 561  529 560 561  530 531 562  530 561 562  531 532 563  531 562 563  532 533 564  532 563 564  533 534 565  533 564 565  534 535 566  534 565 566  535 536 567  535 566 567  536 537 568  536 567 568  537 538 569  537 568 569  538 539 570  538 569 570  539 540 571  539 570 571  540 541 572  540 571 572  541 542 573  541 572 573  542 543 574  542 573 574  543 544 575  543 574 575  544 545 576  544 575 576  545 546 577  545 576 577  546 547 578  546 577 578  547 548 579  547 578 579  548 549 580  548 579 580  549 550 581  549 580 581  550 551 582  550 581 582  551 552 583  551 582 583  552 553 584  552 583 584  553 554 585  553 584 585  554 555 586  554 585 586  555 556 587  555 586 587  556 557 588  556 587 588  558 559 590  558 589 590  559 560 591  559 590 591  560 561 592  560 591 592  561 562 593  561 592 593  562 563 594  562 593 594  563 564 595  563 594 595  564 565 596  564 595 596  565 566 597  565 596 597  566 567 598  566 597 598  567 568 599  567 598 599  568 569 600  568 599 600  569 570 601  569 600 601  570 571 602  570 601 602  571 572 603  571 602 603  572 573 604  572 603 604  573 574 605  573 604 605  574 575 606  574 605 606  575 576 607  575 606 607  576 577 608  576 607 608  577 578 609  577 608 609  578 579 610  578 609 610  579 580 611  579 610 611  580 581 612  580 611 612  581 582 613  581 612 613  582 583 614  582 613 614  583 584 615  583 614 615  584 585 616  584 615 616  585 586 617  585 616 617  586 587 618  586 617 618  587 588 619  587 618 619  589 590 621  589 620 621  590 591 622  590 621 622  591 592 623  591 622 623  592 593 624  592 623 624  593 594 625  593 624 625  594 595 626  594 625 626  595 596 627  595 626 627  596 597 628  596 627 628  597 598 629  597 628 629  598 599 630  598 629 630  599 600 631  599 630 631  600 601 632  600 631 632  601 602 633  601 632 633  602 603 634  602 633 634  603 604 635  603 634 635  604 605 636  604 635 636  605 606 637  605 636 637  606 607 638  606 637 638  607 608 639  607 638 639  608 609 640  608 639 640  609 610 641  609 640 641  610 611 642  610 641 642  611 612 643  611 642 643  612 613 644  612 643 644  613 614 645  613 644 645  614 615 646  614 645 646  615 616 647  615 646 647  616 617 648  616 647 648  617 618 649  617 648 649  618 619 650  618 649 650  620 621 652  620 651 652  621 622 653  621 652 653  622 623 654  622 653 654  623 624 655  623 654 655  624 625 656  624 655 656  625 626 657  625 656 657  626 627 658  626 657 658  627 628 659  627 658 659  628 629 660  628 659 660  629 630 661  629 660 661  630 631 662  630 661 662  631 632 663  631 662 663  632 633 664  632 663 664  633 634 665  633 664 665  634 635 666  634 665 666  635 636 667  635 666 667  636 637 668  636 667 668  637 638 669  637 668 669  638 639 670  638 669 670  639 640 671  639 670 671  640 641 672  640 671 672  641 642 673  641 672 673  642 643 674  642 673 674  643 644 675  643 674 675  644 645 676  644 675 676  645 646 677  645 676 677  646 647 678  646 677 678  647 648 679  647 678 679  648 649 680  648 679 680  649 650 681  649 680 681  651 652 683  651 682 683  652 653 684  652 683 684  653 654 685  653 684 685  654 655 686  654 685 686  655 656 687  655 686 687  656 657 688  656 687 688  657 658 689  657 688 689  658 659 690  658 689 690  659 660 691  659 690 691  660 661 692  660 691 692  661 662 693  661 692 693  662 663 694  662 693 694  663 664 695  663 694 695  664 665 696  664 695 696  665 666 697  665 696 697  666 667 698  666 697 698  667 668 699  667 698 699  668 669 700  668 699 700  669 670 701  669 700 701  670 671 702  670 701 702  671 672 703  671 702 703  672 673 704  672 703 704  673 674 705  673 704 705  674 675 706  674 705 706  675 676 707  675 706 707  676 677 708  676 707 708  677 678 709  677 708 709  678 679 710  678 709 710  679 680 711  679 710 711  680 681 712  680 711 712  682 683 714  682 713 714  683 684 715  683 714 715  684 685 716  684 715 716  685 686 717  685 716 717  686 687 718  686 717 718  687 688 719  687 718 719  688 689 720  688 719 720  689 690 721  689 720 721  690 691 722  690 721 722  691 692 723  691 722 723  692 693 724  692 723 724  693 694 725  693 724 725  694 695 726  694 725 726  695 696 727  695 726 727  696 697 728  696 727 728  697 698 729  697 728 729  698 699 730  698 729 730  699 700 731  699 730 731  700 701 732  700 731 732  701 702 733  701 732 733  702 703 734  702 733 734  703 704 735  703 734 735  704 705 736  704 735 736  705 706 737  705 736 737  706 707 738  706 737 738  707 708 739  707 738 739  708 709 740  708 739 740  709 710 741  709 740 741  710 711 742  710 741 742  711 712 743  711 742 743  713 714 745  713 744 745  714 715 746  714 745 746  715 716 747  715 746 747  716 717 748  716 747 748  717 718 749  717 748 749  718 719 750  718 749 750  719 720 751  719 750 751  720 721 752  720 751 752  721 722 753  721 752 753  722 723 754  722 753 754  723 724 755  723 754 755  724 725 756  724 755 756  725 726 757  725 756 757  726 727 758  726 757 758  727 728 759  727 758 759  728 729 760  728 759 760  729 730 761  729 760 761  730 731 762  730 761 762  731 732 763  731 762 763  732 733 764  732 763 764  733 734 765  733 764 765  734 735 766  734 765 766  735 736 767  735 766 767  736 737 768  736 767 768  737 738 769  737 768 769  738 739 770  738 769 770  739 740 771  739 770 771  740 741 772  740 771 772  741 742 773  741 772 773  742 743 774  742 773 774  744 745 776  744 775 776  745 746 777  745 776 777  746 747 778  746 777 778  747 748 779  747 778 779  748 749 780  748 779 780  749 750 781  749 780 781  750 751 782  750 781 782  751 752 783  751 782 783  752 753 784  752 783 784  753 754 785  753 784 785  754 755 786  754 785 786  755 756 787  755 786 787  756 757 788  756 787 788  757 758 789  757 788 789  758 759 790  758 789 790  759 760 791  759 790 791  760 761 792  760 791 792  761 762 793  761 792 793  762 763 794  762 793 794  763 764 795  763 794 795  764 765 796  764 795 796  765 766 797  765 796 797  766 767 798  766 797 798  767 768 799  767 798 799  768 769 800  768 799 800  769 770 801  769 800 801  770 771 802  770 801 802  771 772 803  771 802 803  772 773 804  772 803 804  773 774 805  773 804 805  775 776 807  775 806 807  776 777 808  776 807 808  777 778 809  777 808 809  778 779 810  778 809 810  779 780 811  779 810 811  780 781 812  780 811 812  781 782 813  781 812 813  782 783 814  782 813 814  783 784 815  783 814 815  784 785 816  784 815 816  785 786 817  785 816 817  786 787 818  786 817 818  787 788 819  787 818 819  788 789 820  788 819 820  789 790 821  789 820 821  790 791 822  790 821 822  791 792 823  791 822 823  792 793 824  792 823 824  793 794 825  793 824 825  794 795 826  794 825 826  795 796 827  795 826 827  796 797 828  796 827 828  797 798 829  797 828 829  798 799 830  798 829 830  799 800 831  799 830 831  800 801 832  800 831 832  801 802 833  801 832 833  802 803 834  802 833 834  803 804 835  803 834 835  804 805 836  804 835 836  806 807 838  806 837 838  807 808 839  807 838 839  808 809 840  808 839 840  809 810 841  809 840 841  810 811 842  810 841 842  811 812 843  811 842 843  812 813 844  812 843 844  813 814 845  813 844 845  814 815 846  814 845 846  815 816 847  815 846 847  816 817 848  816 847 848  817 818 849  817 848 849  818 819 850  818 849 850  819 820 851  819 850 851  820 821 852  820 851 852  821 822 853  821 852 853  822 823 854  822 853 854  823 824 855  823 854 855  824 825 856  824 855 856  825 826 857  825 856 857  826 827 858  826 857 858  827 828 859  827 858 859  828 829 860  828 859 860  829 830 861  829 860 861  830 831 862  830 861 862  831 832 863  831 862 863  832 833 864  832 863 864  833 834 865  833 864 865  834 835 866  834 865 866  835 836 867  835 866 867  837 838 869  837 868 869  838 839 870  838 869 870  839 840 871  839 870 871  840 841 872  840 871 872  841 842 873  841 872 873  842 843 874  842 873 874  843 844 875  843 874 875  844 845 876  844 875 876  845 846 877  845 876 877  846 847 878  846 877 878  847 848 879  847 878 879  848 849 880  848 879 880  849 850 881  849 880 881  850 851 882  850 881 882  851 852 883  851 882 883  852 853 884  852 883 884  853 854 885  853 884 885  854 855 886  854 885 886  855 856 887  855 886 887  856 857 888  856 887 888  857 858 889  857 888 889  858 859 890  858 889 890  859 860 891  859 890 891  860 861 892  860 891 892  861 862 893  861 892 893  862 863 894  862 893 894  863 864 895  863 894 895  864 865 896  864 895 896  865 866 897  865 896 897  866 867 898  866 897 898  868 869 900  868 899 900  869 870 901  869 900 901  870 871 902  870 901 902  871 872 903  871 902 903  872 873 904  872 903 904  873 874 905  873 904 905  874 875 906  874 905 906  875 876 907  875 906 907  876 877 908  876 907 908  877 878 909  877 908 909  878 879 910  878 909 910  879 880 911  879 910 911  880 881 912  880 911 912  881 882 913  881 912 913  882 883 914  882 913 914  883 884 915  883 914 915  884 885 916  884 915 916  885 886 917  885 916 917  886 887 918  886 917 918  887 888 919  887 918 919  888 889 920  888 919 920  889 890 921  889 920 921  890 891 922  890 921 922  891 892 923  891 922 923  892 893 924  892 923 924  893 894 925  893 924 925  894 895 926  894 925 926  895 896 927  895 926 927  896 897 928  896 927 928  897 898 929  897 928 929  899 900 931  899 930 931  900 901 932  900 931 932  901 902 933  901 932 933  902 903 934  902 933 934  903 904 935  903 934 935  904 905 936  904 935 936  905 906 937  905 936 937  906 907 938  906 937 938  907 908 939  907 938 939  908 909 940  908 939 940  909 910 941  909 940 941  910 911 942  910 941 942  911 912 943  911 942 943  912 913 944  912 943 944  913 914 945  913 944 945  914 915 946  914 945 946  915 916 947  915 946 947  916 917 948  916 947 948  917 918 949  917 948 949  918 919 950  918 949 950  919 920 951  919 950 951  920 921 952  920 951 952  921 922 953  921 952 953  922 923 954  922 953 954  923 924 955  923 954 955  924 925 956  924 955 956  925 926 957  925 956 957  926 927 958  926 957 958  927 928 959  927 958 959  928 929 960  928 959 960  </DataArray>
<DataArray  type="UInt32"  Name="offsets"  format="ascii">3 6 9 12 15 18 21 24 27 30 33 36 39 42 45 48 51 54 57 60 63 66 69 72 75 78 81 84 87 90 93 96 99 102 105 108 111 114 117 120 123 126 129 132 135 138 141 144 147 150 153 156 159 162 165 168 171 174 177 180 183 186 189 192 195 198 201 204 207 210 213 216 219 222 225 228 231 234 237 240 243 246 249 252 255 258 261 264 267 270 273 276 279 282 285 288 291 294 297 300 303 306 309 312 315 318 321 324 327 330 333 336 339 342 345 348 351 354 357 360 363 366 369 372 375 378 381 384 387 390 393 396 399 402 405 408 411 414 417 420 423 426 429 432 435 438 441 444 447 450 453 456 459 462 465 468 471 474 477 480 483 486 489 492 495 498 501 504 507 510 513 516 519 522 525 528 531 534 537 540 543 546 549 552 555 558 561 564 567 570 573 576 579 582 585 588 591 594 597 600 603 606 609 612 615 618 621 624 627 630 633 636 639 642 645 648 651 654 657 660 663 666 669 672 675 678 681 684 687 690 693 696 699 702 705 708 711 714 717 720 723 726 729 732 735 738 741 744 747 750 753 756 759 762 765 768 771 774 777 780 783 786 789 792 795 798 801 804 807 810 813 816 819 822 825 828 831 834 837 840 843 846 849 852 855 858 861 864 867 870 873 876 879 882 885 888 891 894 897 900 903 906 909 912 915 918 921 924 927 930 933 936 939 942 945 948 951 954 957 960 963 966 969 972 975 978 981 984 987 990 993 996 999 1002 1005 1008 1011 1014 1017 1020 1023 1026 1029 1032 1035 1038 1041 1044 1047 1050 1053 1056 1059 1062 1065 1068 1071 1074 1077 1080 1083 1086 1089 1092 1095 1098 1101 1104 1107 1110 1113 1116 1119 1122 1125 1128 1131 1134 1137 1140 1143 1146 1149 1152 1155 1158 1161 1164 1167 1170 1173 1176 1179 1182 1185 1188 1191 1194 1197 1200 1203 1206 1209 1212 1215 1218 1221 1224 1227 1230 1233 1236 1239 1242 1245 1248 1251 1254 1257 1260 1263 1266 1269 1272 1275 1278 1281 1284 1287 1290 1293 1296 1299 1302 1305 1308 1311 1314 1317 1320 1323 1326 1329 1332 1335 1338 1341 1344 1347 1350 1353 1356 1359 1362 1365 1368 1371 1374 1377 1380 1383 1386 1389 1392 1395 1398 1401 1404 1407 1410 1413 1416 1419 1422 1425 1428 1431 1434 1437 1440 1443 1446 1449 1452 1455 1458 1461 1464 1467 1470 1473 1476 1479 1482 1485 1488 1491 1494 1497 1500 1503 1506 1509 1512 1515 1518 1521 1524 1527 1530 1533 1536 1539 1542 1545 1548 1551 1554 1557 1560 1563 1566 1569 1572 1575 1578 1581 1584 1587 1590 1593 1596 1599 1602 1605 1608 1611 1614 1617 1620 1623 1626 1629 1632 1635 1638 1641 1644 1647 1650 1653 1656 1659 1662 1665 1668 1671 1674 1677 1680 1683 1686 1689 1692 1695 1698 1701 1704 1707 1710 1713 1716 1719 1722 1725 1728 1731 1734 1737 1740 1743 1746 1749 1752 1755 1758 1761 1764 1767 1770 1773 1776 1779 1782 1785 1788 1791 1794 1797 1800 1803 1806 1809 1812 1815 1818 1821 1824 1827 1830 1833 1836 1839 1842 1845 1848 1851 1854 1857 1860 1863 1866 1869 1872 1875 1878 1881 1884 1887 1890 1893 1896 1899 1902 1905 1908 1911 1914 1917 1920 1923 1926 1929 1932 1935 1938 1941 1944 1947 1950 1953 1956 1959 1962 1965 1968 1971 1974 1977 1980 1983 1986 1989 1992 1995 1998 2001 2004 2007 2010 2013 2016 2019 2022 2025 2028 2031 2034 2037 2040 2043 2046 2049 2052 2055 2058 2061 2064 2067 2070 2073 2076 2079 2082 2085 2088 2091 2094 2097 2100 2103 2106 2109 2112 2115 2118 2121 2124 2127 2130 2133 2136 2139 2142 2145 2148 2151 2154 2157 2160 2163 2166 2169 2172 2175 2178 2181 2184 2187 2190 2193 2196 2199 2202 2205 2208 2211 2214 2217 2220 2223 2226 2229 2232 2235 2238 2241 2244 2247 2250 2253 2256 2259 2262 2265 2268 2271 2274 2277 2280 2283 2286 2289 2292 2295 2298 2301 2304 2307 2310 2313 2316 2319 2322 2325 2328 2331 2334 2337 2340 2343 2346 2349 2352 2355 2358 2361 2364 2367 2370 2373 2376 2379 2382 2385 2388 2391 2394 2397 2400 2403 2406 2409 2412 2415 2418 2421 2424 2427 2430 2433 2436 2439 2442 2445 2448 2451 2454 2457 2460 2463 2466 2469 2472 2475 2478 2481 2484 2487 2490 2493 2496 2499 2502 2505 2508 2511 2514 2517 2520 2523 2526 2529 2532 2535 2538 2541 2544 2547 2550 2553 2556 2559 2562 2565 2568 2571 2574 2577 2580 2583 2586 2589 2592 2595 2598 2601 2604 2607 2610 2613 2616 2619 2622 2625 2628 2631 2634 2637 2640 2643 2646 2649 2652 2655 2658 2661 2664 2667 2670 2673 2676 2679 2682 2685 2688 2691 2694 2697 2700 2703 2706 2709 2712 2715 2718 2721 2724 2727 2730 2733 2736 2739 2742 2745 2748 2751 2754 2757 2760 2763 2766 2769 2772 2775 2778 2781 2784 2787 2790 2793 2796 2799 2802 2805 2808 2811 2814 2817 2820 2823 2826 2829 2832 2835 2838 2841 2844 2847 2850 2853 2856 2859 2862 2865 2868 2871 2874 2877 2880 2883 2886 2889 2892 2895 2898 2901 2904 2907 2910 2913 2916 2919 2922 2925 2928 2931 2934 2937 2940 2943 2946 2949 2952 2955 2958 2961 2964 2967 2970 2973 2976 2979 2982 2985 2988 2991 2994 2997 3000 3003 3006 3009 3012 3015 3018 3021 3024 3027 3030 3033 3036 3039 3042 3045 3048 3051 3054 3057 3060 3063 3066 3069 3072 3075 3078 3081 3084 3087 3090 3093 3096 3099 3102 3105 3108 3111 3114 3117 3120 3123 3126 3129 3132 3135 3138 3141 3144 3147 3150 3153 3156 3159 3162 3165 3168 3171 3174 3177 3180 3183 3186 3189 3192 3195 3198 3201 3204 3207 3210 3213 3216 3219 3222 3225 3228 3231 3234 3237 3240 3243 3246 3249 3252 3255 3258 3261 3264 3267 3270 3273 3276 3279 3282 3285 3288 3291 3294 3297 3300 3303 3306 3309 3312 3315 3318 3321 3324 3327 3330 3333 3336 3339 3342 3345 3348 3351 3354 3357 3360 3363 3366 3369 3372 3375 3378 3381 3384 3387 3390 3393 3396 3399 3402 3405 3408 3411 3414 3417 3420 3423 3426 3429 3432 3435 3438 3441 3444 3447 3450 3453 3456 3459 3462 3465 3468 3471 3474 3477 3480 3483 3486 3489 3492 3495 3498 3501 3504 3507 3510 3513 3516 3519 3522 3525 3528 3531 3534 3537 3540 3543 3546 3549 3552 3555 3558 3561 3564 3567 3570 3573 3576 3579 3582 3585 3588 3591 3594 3597 3600 3603 3606 3609 3612 3615 3618 3621 3624 3627 3630 3633 3636 3639 3642 3645 3648 3651 3654 3657 3660 3663 3666 3669 3672 3675 3678 3681 3684 3687 3690 3693 3696 3699 3702 3705 3708 3711 3714 3717 3720 3723 3726 3729 3732 3735 3738 3741 3744 3747 3750 3753 3756 3759 3762 3765 3768 3771 3774 3777 3780 3783 3786 3789 3792 3795 3798 3801 3804 3807 3810 3813 3816 3819 3822 3825 3828 3831 3834 3837 3840 3843 3846 3849 3852 3855 3858 3861 3864 3867 3870 3873 3876 3879 3882 3885 3888 3891 3894 3897 3900 3903 3906 3909 3912 3915 3918 3921 3924 3927 3930 3933 3936 3939 3942 3945 3948 3951 3954 3957 3960 3963 3966 3969 3972 3975 3978 3981 3984 3987 3990 3993 3996 3999 4002 4005 4008 4011 4014 4017 4020 4023 4026 4029 4032 4035 4038 4041 4044 4047 4050 4053 4056 4059 4062 4065 4068 4071 4074 4077 4080 4083 4086 4089 4092 4095 4098 4101 4104 4107 4110 4113 4116 4119 4122 4125 4128 4131 4134 4137 4140 4143 4146 4149 4152 4155 4158 4161 4164 4167 4170 4173 4176 4179 4182 4185 4188 4191 4194 4197 4200 4203 4206 4209 4212 4215 4218 4221 4224 4227 4230 4233 4236 4239 4242 4245 4248 4251 4254 4257 4260 4263 4266 4269 4272 4275 4278 4281 4284 4287 4290 4293 4296 4299 4302 4305 4308 4311 4314 4317 4320 4323 4326 4329 4332 4335 4338 4341 4344 4347 4350 4353 4356 4359 4362 4365 4368 4371 4374 4377 4380 4383 4386 4389 4392 4395 4398 4401 4404 4407 4410 4413 4416 4419 4422 4425 4428 4431 4434 4437 4440 4443 4446 4449 4452 4455 4458 4461 4464 4467 4470 4473 4476 4479 4482 4485 4488 4491 4494 4497 4500 4503 4506 4509 4512 4515 4518 4521 4524 4527 4530 4533 4536 4539 4542 4545 4548 4551 4554 4557 4560 4563 4566 4569 4572 4575 4578 4581 4584 4587 4590 4593 4596 4599 4602 4605 4608 4611 4614 4617 4620 4623 4626 4629 4632 4635 4638 4641 4644 4647 4650 4653 4656 4659 4662 4665 4668 4671 4674 4677 4680 4683 4686 4689 4692 4695 4698 4701 4704 4707 4710 4713 4716 4719 4722 4725 4728 4731 4734 4737 4740 4743 4746 4749 4752 4755 4758 4761 4764 4767 4770 4773 4776 4779 4782 4785 4788 4791 4794 4797 4800 4803 4806 4809 4812 4815 4818 4821 4824 4827 4830 4833 4836 4839 4842 4845 4848 4851 4854 4857 4860 4863 4866 4869 4872 4875 4878 4881 4884 4887 4890 4893 4896 4899 4902 4905 4908 4911 4914 4917 4920 4923 4926 4929 4932 4935 4938 4941 4944 4947 4950 4953 4956 4959 4962 4965 4968 4971 4974 4977 4980 4983 4986 4989 4992 4995 4998 5001 5004 5007 5010 5013 5016 5019 5022 5025 5028 5031 5034 5037 5040 5043 5046 5049 5052 5055 5058 5061 5064 5067 5070 5073 5076 5079 5082 5085 5088 5091 5094 5097 5100 5103 5106 5109 5112 5115 5118 5121 5124 5127 5130 5133 5136 5139 5142 5145 5148 5151 5154 5157 5160 5163 5166 5169 5172 5175 5178 5181 5184 5187 5190 5193 5196 5199 5202 5205 5208 5211 5214 5217 5220 5223 5226 5229 5232 5235 5238 5241 5244 5247 5250 5253 5256 5259 5262 5265 5268 5271 5274 5277 5280 5283 5286 5289 5292 5295 5298 5301 5304 5307 5310 5313 5316 5319 5322 5325 5328 5331 5334 5337 5340 5343 5346 5349 5352 5355 5358 5361 5364 5367 5370 5373 5376 5379 5382 5385 5388 5391 5394 5397 5400 </DataArray>
<DataArray  type="UInt8"  Name="types"  format="ascii">5 5 5 5 5 5 5 5 5 5 5 5 5 5 5 5 5 5 5 5 5 5 5 5 5 5 5 5 5 5 5 5 5 5 5 5 5 5 5 5 5 5 5 5 5 5 5 5 5 5 5 5 5 5 5 5 5 5 5 5 5 5 5 5 5 5 5 5 5 5 5 5 5 5 5 5 5 5 5 5 5 5 5 5 5 5 5 5 5 5 5 5 5 5 5 5 5 5 5 5 5 5 5 5 5 5 5 5 5 5 5 5 5 5 5 5 5 5 5 5 5 5 5 5 5 5 5 5 5 5 5 5 5 5 5 5 5 5 5 5 5 5 5 5 5 5 5 5 5 5 5 5 5 5 5 5 5 5 5 5 5 5 5 5 5 5 5 5 5 5 5 5 5 5 5 5 5 5 5 5 5 5 5 5 5 5 5 5 5 5 5 5 5 5 5 5 5 5 5 5 5 5 5 5 5 5 5 5 5 5 5 5 5 5 5 5 5 5 5 5 5 5 5 5 5 5 5 5 5 5 5 5 5 5 5 5 5 5 5 5 5 5 5 5 5 5 5 5 5 5 5 5 5 5 5 5 5 5 5 5 5 5 5 5 5 5 5 5 5 5 5 5 5 5 5 5 5 5 5 5 5 5 5 5 5 5 5 5 5 5 5 5 5 5 5 5 5 5 5 5 5 5 5 5 5 5 5 5 5 5 5 5 5 5 5 5 5 5 5 5 5 5 5 5 5 5 5 5 5 5 5 5 5 5 5 5 5 5 5 5 5 5 5 5 5 5 5 5 5 5 5 5 5 5 5 5 5 5 5 5 5 5 5 5 5 5 5 5 5 5 5 5 5 5 5 5 5 5 5 5 5 5 5 5 5 5 5 5 5 5 5 5 5 5 5 5 5 5 5 5 5 5 5 5 5 5 5 5 5 5 5 5 5 5 5 5 5 5 5 5 5 5 5 5 5 5 5 5 5 5 5 5 5 5 5 5 5 5 5 5 5 5 5 5 5 5 5 5 5 5 5 5 5 5 5 5 5 5 5 5 5 5 5 5 5 5 5 5 5 5 5 5 5 5 5 5 5 5 5 5 5 5 5 5 5 5 5 5 5 5 5 5 5 5 5 5 5 5 5 5 5 5 5 5 5 5 5 5 5 5 5 5 5 5 5 5 5 5 5 5 5 5 5 5 5 5 5 5 5 5 5 5 5 5 5 5 5 5 5 5 5 5 5 5 5 5 5 5 5 5 5 5 5 5 5 5 5 5 5 5 5 5 5 5 5 5 5 5 5 5 5 5 5 5 5 5 5 5 5 5 5 5 5 5 5 5 5 5 5 5 5 5 5 5 5 5 5 5 5 5 5 5 5 5 5 5 5 5 5 5 5 5 5 5 5 5 5 5 5 5 5 5 5 5 5 5 5 5 5 5 5 5 5 5 5 5 5 5 5 5 5 5 5 5 5 5 5 5 5 5 5 5 5 5 5 5 5 5 5 5 5 5 5 5 5 5 5 5 5 5 5 5 5 5 5 5 5 5 5 5 5 5 5 5 5 5 5 5 5 5 5 5 5 5 5 5 5 5 5 5 5 5 5 5 5 5 5 5 5 5 5 5 5 5 5 5 5 5 5 5 5 5 5 5 5 5 5 5 5 5 5 5 5 5 5 5 5 5 5 5 5 5 5 5 5 5 5 5 5 5 5 5 5 5 5 5 5 5 5 5 5 5 5 5 5 5 5 5 5 5 5 5 5 5 5 5 5 5 5 5 5 5 5 5 5 5 5 5 5 5 5 5 5 5 5 5 5 5 5 5 5 5 5 5 5 5 5 5 5 5 5 5 5 5 5 5 5 5 5 5 5 5 5 5 5 5 5 5 5 5 5 5 5 5 5 5 5 5 5 5 5 5 5 5 5 5 5 5 5 5 5 5 5 5 5 5 5 5 5 5 5 5 5 5 5 5 5 5 5 5 5 5 5 5 5 5 5 5 5 5 5 5 5 5 5 5 5 5 5 5 5 5 5 5 5 5 5 5 5 5 5 5 5 5 5 5 5 5 5 5 5 5 5 5 5 5 5 5 5 5 5 5 5 5 5 5 5 5 5 5 5 5 5 5 5 5 5 5 5 5 5 5 5 5 5 5 5 5 5 5 5 5 5 5 5 5 5 5 5 5 5 5 5 5 5 5 5 5 5 5 5 5 5 5 5 5 5 5 5 5 5 5 5 5 5 5 5 5 5 5 5 5 5 5 5 5 5 5 5 5 5 5 5 5 5 5 5 5 5 5 5 5 5 5 5 5 5 5 5 5 5 5 5 5 5 5 5 5 5 5 5 5 5 5 5 5 5 5 5 5 5 5 5 5 5 5 5 5 5 5 5 5 5 5 5 5 5 5 5 5 5 5 5 5 5 5 5 5 5 5 5 5 5 5 5 5 5 5 5 5 5 5 5 5 5 5 5 5 5 5 5 5 5 5 5 5 5 5 5 5 5 5 5 5 5 5 5 5 5 5 5 5 5 5 5 5 5 5 5 5 5 5 5 5 5 5 5 5 5 5 5 5 5 5 5 5 5 5 5 5 5 5 5 5 5 5 5 5 5 5 5 5 5 5 5 5 5 5 5 5 5 5 5 5 5 5 5 5 5 5 5 5 5 5 5 5 5 5 5 5 5 5 5 5 5 5 5 5 5 5 5 5 5 5 5 5 5 5 5 5 5 5 5 5 5 5 5 5 5 5 5 5 5 5 5 5 5 5 5 5 5 5 5 5 5 5 5 5 5 5 5 5 5 5 5 5 5 5 5 5 5 5 5 5 5 5 5 5 5 5 5 5 5 5 5 5 5 5 5 5 5 5 5 5 5 5 5 5 5 5 5 5 5 5 5 5 5 5 5 5 5 5 5 5 5 5 5 5 5 5 5 5 5 5 5 5 5 5 5 5 5 5 5 5 5 5 5 5 5 5 5 5 5 5 5 5 5 5 5 5 5 5 5 5 5 5 5 5 5 5 5 5 5 5 5 5 5 5 5 5 5 5 5 5 5 5 5 5 5 5 5 5 5 5 5 5 5 5 5 5 5 5 5 5 5 5 5 5 5 5 5 5 5 5 5 5 5 5 5 5 5 5 5 5 5 5 5 5 5 5 5 5 5 5 5 5 5 5 5 5 5 5 5 5 5 5 5 5 5 5 5 5 5 5 5 5 5 5 5 5 5 5 5 5 5 5 5 5 5 5 5 5 5 5 5 5 5 5 5 5 5 5 5 5 5 5 5 5 5 5 5 5 5 5 5 5 5 5 5 5 5 5 5 5 5 5 5 5 5 5 5 5 5 5 5 5 5 5 5 5 5 5 5 5 5 5 5 5 5 5 5 5 5 5 5 5 5 5 5 5 5 5 5 5 5 5 5 5 5 5 5 5 5 5 5 5 5 5 5 5 5 5 5 5 5 5 5 5 5 5 5 5 5 5 5 5 5 5 5 5 5 5 5 5 5 5 5 5 5 5 5 5 5 5 5 5 5 5 5 5 5 5 5 5 5 5 5 5 5 5 5 5 5 5 5 5 5 5 5 5 5 5 5 5 5 5 5 5 5 5 5 5 5 5 5 5 5 5 5 5 5 5 5 5 5 5 5 5 5 5 5 5 5 5 5 5 5 5 5 5 5 5 5 5 5 5 5 5 5 5 5 5 5 5 5 5 5 5 5 5 5 5 5 5 5 5 5 5 5 5 5 5 5 5 5 5 5 5 5 5 5 5 5 5 5 5 5 5 5 5 5 5 5 5 5 5 5 5 5 5 5 5 5 5 5 5 5 5 5 5 5 5 5 5 5 5 5 5 5 5 5 5 5 5 5 5 5 5 5 5 5 5 5 5 5 5 5 5 5 5 5 5 5 5 5 5 5 5 5 5 5 5 5 5 5 5 5 5 5 5 5 5 5 5 5 5 5 5 5 5 5 5 5 5 5 5 5 5 5 5 5 5 5 5 5 5 5 5 5 5 5 5 5 5 5 5 5 5 5 5 5 5 5 5 5 5 5 5 5 5 5 5 5 5 5 5 5 5 5 5 </DataArray>
</Cells>
<PointData  Vectors="f_34"> 
<DataArray  type="Float64"  Name="f_34"  NumberOfComponents="3" format="ascii">-5.5886651362865780e-03 2.2101727108536044e+00 0.0000000000000000e+00  -4.2098544729465498e-03 2.2419063357322102e+00 0.0000000000000000e+00  -6.1325628112072327e-03 2.3096617376988364e+00 0.0000000000000000e+00  -7.7407342693428579e-03 2.5375967645502215e+00 0.0000000000000000e+00  2.1543041535160607e-03 2.5092254822696516e+00 0.0000000000000000e+00  -1.4333222848119323e-01 4.3590227852558039e+00 0.0000000000000000e+00  1.2689752079673875e+00 1.9555074359396551e+00 0.0000000000000000e+00  1.5213208768807616e+00 -1.4842565743707001e-01 0.0000000000000000e+00  1.3115237298152409e+00 1.3415979541505324e-03 0.0000000000000000e+00  1.2612061144202362e+00 6.1601363480986620e-03 0.0000000000000000e+00  1.2252831887597913e+00 -1.1221612436333651e-04 0.0000000000000000e+00  1.2006101172878716e+00 6.6491484123949599e-04 0.0000000000000000e+00  1.1833404515358121e+00 3.5772146769830616e-04 0.0000000000000000e+00  1.1705711700179089e+00 2.4359384367120601e-04 0.0000000000000000e+00  1.1609470631047338e+00 1.7875772102994336e-04 0.0000000000000000e+00  1.1535661728123849e+00 1.3123971704795181e-04 0.0000000000000000e+00  1.1478355561857911e+00 9.9123456636377805e-05 0.0000000000000000e+00  1.1433465344395120e+00 7.6000101873691372e-05 0.0000000000000000e+00  1.1398071239075822e+00 5.9013663536891569e-05 0.0000000000000000e+00  1.1370037267695821e+00 4.6310550157327236e-05 0.0000000000000000e+00  1.1347769834808847e+00 3.6672792785304869e-05 0.0000000000000000e+00  1.1330062513141281e+00 2.9288055414346602e-05 0.0000000000000000e+00  1.1315992234770180e+00 2.3593736267858665e-05 0.0000000000000000e+00  1.1304847851694859e+00 1.9192547240254399e-05 0.0000000000000000e+00  1.1296079831065264e+00 1.5798818700635342e-05 0.0000000000000000e+00  1.1289264214589383e+00 1.3205544819074742e-05 0.0000000000000000e+00  1.1284076499437814e+00 1.1263322824130382e-05 0.0000000000000000e+00  1.1280272546789056e+00 9.8583850355134938e-06 0.0000000000000000e+00  1.1277674477413648e+00 8.8640610474336489e-06 0.0000000000000000e+00  1.1276170380331583e+00 9.0659626699005452e-06 0.0000000000000000e+00  1.1275619870539042e+00 3.4949171521980449e-06 0.0000000000000000e+00  -3.6897356150475029e-03 2.1867631309150504e+00 0.0000000000000000e+00  4.7712670101274939e-02 2.2127198821168572e+00 0.0000000000000000e+00  1.0675891616832069e-01 2.2858513817923924e+00 0.0000000000000000e+00  1.8932321826894724e-01 2.4403269999093351e+00 0.0000000000000000e+00  3.1356122587883678e-01 2.6093269207580705e+00 0.0000000000000000e+00  6.5420644996200394e-01 3.2872496797890922e+00 0.0000000000000000e+00  1.4051121111146223e+00 1.8502702241283597e+00 0.0000000000000000e+00  1.4244884879176338e+00 -3.4822234919862977e-01 0.0000000000000000e+00  1.2731048483494281e+00 1.7144518783222076e-01 0.0000000000000000e+00  1.2557476058505221e+00 3.2050986415078676e-02 0.0000000000000000e+00  1.2186528798182608e+00 2.9661531266356927e-02 0.0000000000000000e+00  1.1972396261441673e+00 2.0600478312948284e-02 0.0000000000000000e+00  1.1810770807267448e+00 1.4764843105124768e-02 0.0000000000000000e+00  1.1690025679893901e+00 1.1104643553795165e-02 0.0000000000000000e+00  1.1598257020299954e+00 8.4541835989808342e-03 0.0000000000000000e+00  1.1527384556445588e+00 6.5337525117599117e-03 0.0000000000000000e+00  1.1472121960856660e+00 5.1008732696762220e-03 0.0000000000000000e+00  1.1428693026770467e+00 4.0118317268729191e-03 0.0000000000000000e+00  1.1394370108566594e+00 3.1723722500062593e-03 0.0000000000000000e+00  1.1367136381022833e+00 2.5176752493955268e-03 0.0000000000000000e+00  1.1345475367483602e+00 2.0020976221238411e-03 0.0000000000000000e+00  1.1328232421725279e+00 1.5925590795312185e-03 0.0000000000000000e+00  1.1314520182425145e+00 1.2645445258164356e-03 0.0000000000000000e+00  1.1303652695173059e+00 9.9952006123052092e-04 0.0000000000000000e+00  1.1295098513036070e+00 7.8321169993195248e-04 0.0000000000000000e+00  1.1288446812815172e+00 6.0442502476862900e-04 0.0000000000000000e+00  1.1283382629017220e+00 4.5420556659199549e-04 0.0000000000000000e+00  1.1279668809174144e+00 3.2523307150115251e-04 0.0000000000000000e+00  1.1277133278630482e+00 2.1139837779285934e-04 0.0000000000000000e+00  1.1275655854008970e+00 1.0706019355767349e-04 0.0000000000000000e+00  1.1275182048808439e+00 8.6878274906213313e-06 0.0000000000000000e+00  -3.0632427910952816e-03 2.1134581344334289e+00 0.0000000000000000e+00  9.2545820855791550e-02 2.1352029586413588e+00 0.0000000000000000e+00  2.0084301175631158e-01 2.1885149249603684e+00 0.0000000000000000e+00  3.3849002792109512e-01 2.3147632485936915e+00 0.0000000000000000e+00  5.3999025819512725e-01 2.3557994040135286e+00 0.0000000000000000e+00  8.5541419548264452e-01 2.8558038474616603e+00 0.0000000000000000e+00  1.2662085658035676e+00 1.4057873607228915e+00 0.0000000000000000e+00  1.2459776318695424e+00 -1.8520810884910199e-01 0.0000000000000000e+00  1.2422486538016047e+00 2.3220076105054599e-01 0.0000000000000000e+00  1.2293410131357592e+00 4.1746120495937233e-02 0.0000000000000000e+00  1.2028875417358065e+00 5.7967640521780758e-02 0.0000000000000000e+00  1.1880748225184354e+00 3.6278409643112186e-02 0.0000000000000000e+00  1.1746724619616831e+00 2.7634684080176851e-02 0.0000000000000000e+00  1.1645639411553605e+00 2.0870408338671948e-02 0.0000000000000000e+00  1.1566041717473963e+00 1.6020283926920894e-02 0.0000000000000000e+00  1.1503459973305081e+00 1.2452942927341315e-02 0.0000000000000000e+00  1.1454013964196339e+00 9.7591508439995762e-03 0.0000000000000000e+00  1.1414778801599581e+00 7.6980023567255655e-03 0.0000000000000000e+00  1.1383549901586534e+00 6.1003355279832831e-03 0.0000000000000000e+00  1.1358638105583050e+00 4.8491849896333790e-03 0.0000000000000000e+00  1.1338742856002659e+00 3.8607655620168280e-03 0.0000000000000000e+00  1.1322855710909063e+00 3.0736596821643726e-03 0.0000000000000000e+00  1.1310190961459290e+00 2.4419491296665151e-03 0.0000000000000000e+00  1.1300134837516553e+00 1.9306666272776616e-03 0.0000000000000000e+00  1.1292207972797246e+00 1.5127242822366507e-03 0.0000000000000000e+00  1.1286037507415871e+00 1.1667736267666768e-03 0.0000000000000000e+00  1.1281336225709448e+00 8.7566780614965561e-04 0.0000000000000000e+00  1.1277887230499584e+00 6.2534725231689161e-04 0.0000000000000000e+00  1.1275531843139368e+00 4.0390652654431574e-04 0.0000000000000000e+00  1.1274164210916202e+00 2.0118482580506553e-04 0.0000000000000000e+00  1.1273717274234150e+00 7.3553596036560533e-06 0.0000000000000000e+00  -2.1172652265048987e-03 2.0023959517492074e+00 0.0000000000000000e+00  1.2623390594733971e-01 2.0177792440825288e+00 0.0000000000000000e+00  2.6658449101871534e-01 2.0531668205631504e+00 0.0000000000000000e+00  4.3281706457718611e-01 2.1344408620594146e+00 0.0000000000000000e+00  6.4108271422296947e-01 2.1258998077878259e+00 0.0000000000000000e+00  9.0200006303839753e-01 2.4865403462394271e+00 0.0000000000000000e+00  1.1894460044686761e+00 1.2208670205555561e+00 0.0000000000000000e+00  1.2044942402342476e+00 -1.1399035876946595e-01 0.0000000000000000e+00  1.2092846881909827e+00 2.0647574977579672e-01 0.0000000000000000e+00  1.1960056815048603e+00 6.2547391124281052e-02 0.0000000000000000e+00  1.1847905046342222e+00 7.4944982446372127e-02 0.0000000000000000e+00  1.1750435042003391e+00 4.7338876148200183e-02 0.0000000000000000e+00  1.1654855704408178e+00 3.7975759404777272e-02 0.0000000000000000e+00  1.1579758483177733e+00 2.8757838419226054e-02 0.0000000000000000e+00  1.1517155662015126e+00 2.2379348651582497e-02 0.0000000000000000e+00  1.1466669748132212e+00 1.7514604892809964e-02 0.0000000000000000e+00  1.1425872433104982e+00 1.3800941290417309e-02 0.0000000000000000e+00  1.1392991730695117e+00 1.0930390884651921e-02 0.0000000000000000e+00  1.1366510859108148e+00 8.6882585290590161e-03 0.0000000000000000e+00  1.1345197092282444e+00 6.9224540982037973e-03 0.0000000000000000e+00  1.1328058416889115e+00 5.5212837187973533e-03 0.0000000000000000e+00  1.1314299854415961e+00 4.4016460445039773e-03 0.0000000000000000e+00  1.1303286779010866e+00 3.5005953923002062e-03 0.0000000000000000e+00  1.1294514187464260e+00 2.7697080573683675e-03 0.0000000000000000e+00  1.1287582057361076e+00 2.1711636514434932e-03 0.0000000000000000e+00  1.1282175868120567e+00 1.6749553649384606e-03 0.0000000000000000e+00  1.1278051345325619e+00 1.2568513086763278e-03 0.0000000000000000e+00  1.1275022856058083e+00 8.9688171056284726e-04 0.0000000000000000e+00  1.1272954191521689e+00 5.7812303729848846e-04 0.0000000000000000e+00  1.1271753483094169e+00 2.8589502220681125e-04 0.0000000000000000e+00  1.1271363974917827e+00 6.4706392128156308e-06 0.0000000000000000e+00  -1.3155659090688583e-03 1.8640977628354312e+00 0.0000000000000000e+00  1.4838028460667119e-01 1.8741863487433761e+00 0.0000000000000000e+00  3.0728633423179191e-01 1.8939341719600087e+00 0.0000000000000000e+00  4.8392104443323436e-01 1.9458314239850205e+00 0.0000000000000000e+00  6.8515368572990376e-01 1.9082058699381288e+00 0.0000000000000000e+00  9.1121501313287101e-01 2.2027151391222093e+00 0.0000000000000000e+00  1.1467884951493195e+00 1.0793647431915403e+00 0.0000000000000000e+00  1.1618265914316039e+00 -9.3084443376914364e-02 0.0000000000000000e+00  1.1687927668412559e+00 1.9617795941572366e-01 0.0000000000000000e+00  1.1685819775259039e+00 7.6635726466277129e-02 0.0000000000000000e+00  1.1656628737912462e+00 8.0378747297338543e-02 0.0000000000000000e+00  1.1602082675385732e+00 5.5090202105168615e-02 0.0000000000000000e+00  1.1548119203404799e+00 4.4908755849938434e-02 0.0000000000000000e+00  1.1499578617893591e+00 3.4433487776692938e-02 0.0000000000000000e+00  1.1456434225291134e+00 2.7195028445476211e-02 0.0000000000000000e+00  1.1420168706922609e+00 2.1446705609188793e-02 0.0000000000000000e+00  1.1389846559260355e+00 1.7015736694703961e-02 0.0000000000000000e+00  1.1364838172098608e+00 1.3543059001842392e-02 0.0000000000000000e+00  1.1344333481560893e+00 1.0806248750488865e-02 0.0000000000000000e+00  1.1327605773803620e+00 8.6354523702559405e-03 0.0000000000000000e+00  1.1314014377381936e+00 6.9033583487293883e-03 0.0000000000000000e+00  1.1303015369531115e+00 5.5132689381574510e-03 0.0000000000000000e+00  1.1294155952372806e+00 4.3906986809091487e-03 0.0000000000000000e+00  1.1287064490758187e+00 3.4775983364222353e-03 0.0000000000000000e+00  1.1281439721718416e+00 2.7281469619011532e-03 0.0000000000000000e+00  1.1277040608426223e+00 2.1056771498362535e-03 0.0000000000000000e+00  1.1273677460608060e+00 1.5803703247005273e-03 0.0000000000000000e+00  1.1271204763703411e+00 1.1275127405605478e-03 0.0000000000000000e+00  1.1269514814440744e+00 7.2605720883400391e-04 0.0000000000000000e+00  1.1268535290210282e+00 3.5769832854625372e-04 0.0000000000000000e+00  1.1268219495919534e+00 5.2447438751443573e-06 0.0000000000000000e+00  -7.4188758238723934e-04 1.7086726442772460e+00 0.0000000000000000e+00  1.6156408601995270e-01 1.7148121081966301e+00 0.0000000000000000e+00  3.2998599886686908e-01 1.7241156679917593e+00 0.0000000000000000e+00  5.0934283167442440e-01 1.7568195070680432e+00 0.0000000000000000e+00  7.0227793043723818e-01 1.7081051795984550e+00 0.0000000000000000e+00  9.0712282930060362e-01 1.9575531771838535e+00 0.0000000000000000e+00  1.1148238936047679e+00 9.5812106296144239e-01 0.0000000000000000e+00  1.1305810516496135e+00 -7.6717577101793180e-02 0.0000000000000000e+00  1.1413120795543434e+00 1.8344035463641453e-01 0.0000000000000000e+00  1.1459292675035526e+00 7.8163905670548733e-02 0.0000000000000000e+00  1.1468059984766528e+00 8.1509107988638779e-02 0.0000000000000000e+00  1.1456308427504807e+00 5.9174258118406521e-02 0.0000000000000000e+00  1.1436561746441545e+00 4.8474924030297996e-02 0.0000000000000000e+00  1.1412716047716875e+00 3.7930950032594044e-02 0.0000000000000000e+00  1.1389150778576334e+00 3.0318310723770316e-02 0.0000000000000000e+00  1.1367588647203752e+00 2.4121745805315731e-02 0.0000000000000000e+00  1.1348532428016016e+00 1.9281181344963063e-02 0.0000000000000000e+00  1.1332193477308172e+00 1.5429810751535218e-02 0.0000000000000000e+00  1.1318398371905642e+00 1.2365364729569197e-02 0.0000000000000000e+00  1.1306897067112451e+00 9.9147743688900742e-03 0.0000000000000000e+00  1.1297395068565161e+00 7.9471419196902853e-03 0.0000000000000000e+00  1.1289606250175785e+00 6.3601120028928216e-03 0.0000000000000000e+00  1.1283269949518497e+00 5.0733754161495295e-03 0.0000000000000000e+00  1.1278158925205060e+00 4.0233712836204825e-03 0.0000000000000000e+00  1.1274080896093219e+00 3.1592977712525030e-03 0.0000000000000000e+00  1.1270877156497672e+00 2.4400886677184721e-03 0.0000000000000000e+00  1.1268419916488845e+00 1.8320718649416359e-03 0.0000000000000000e+00  1.1266609540003962e+00 1.3071497946576984e-03 0.0000000000000000e+00  1.1265371284207994e+00 8.4126891439975638e-04 0.0000000000000000e+00  1.1264655112360940e+00 4.1340957310233035e-04 0.0000000000000000e+00  1.1264426658357505e+00 3.7892696208641661e-06 0.0000000000000000e+00  -3.7054316340164468e-04 1.5434100781835185e+00 0.0000000000000000e+00  1.6863618726348123e-01 1.5469518741608075e+00 0.0000000000000000e+00  3.4135977814640039e-01 1.5499186297531373e+00 0.0000000000000000e+00  5.2037506552628376e-01 1.5708945183357301e+00 0.0000000000000000e+00  7.0659611414248680e-01 1.5199091620944065e+00 0.0000000000000000e+00  8.9841864761183376e-01 1.7343642138466970e+00 0.0000000000000000e+00  1.0905921739990256e+00 8.4909940248102322e-01 0.0000000000000000e+00  1.1065027113630541e+00 -6.5434587684034901e-02 0.0000000000000000e+00  1.1184142723304460e+00 1.6770802743033378e-01 0.0000000000000000e+00  1.1257455977440529e+00 7.5990234861288183e-02 0.0000000000000000e+00  1.1300213063445221e+00 7.9684263906652980e-02 0.0000000000000000e+00  1.1320771859086627e+00 5.9534441801778477e-02 0.0000000000000000e+00  1.1327162768638674e+00 4.9388185671916524e-02 0.0000000000000000e+00  1.1325453285782039e+00 3.9357558176428095e-02 0.0000000000000000e+00  1.1319800323260192e+00 3.1778489356397939e-02 0.0000000000000000e+00  1.1312340163177916e+00 2.5525538623829124e-02 0.0000000000000000e+00  1.1304485354989136e+00 2.0552292012575725e-02 0.0000000000000000e+00  1.1296978609338211e+00 1.6540808878690878e-02 0.0000000000000000e+00  1.1290165172247826e+00 1.3316530243986805e-02 0.0000000000000000e+00  1.1284189690005868e+00 1.0715907063621416e-02 0.0000000000000000e+00  1.1279066619838574e+00 8.6139328627889960e-03 0.0000000000000000e+00  1.1274749908353903e+00 6.9093992028858931e-03 0.0000000000000000e+00  1.1271164243305285e+00 5.5214105556414600e-03 0.0000000000000000e+00  1.1268225736532982e+00 4.3848084986210789e-03 0.0000000000000000e+00  1.1265852755354353e+00 3.4467974516270575e-03 0.0000000000000000e+00  1.1263971700068489e+00 2.6642180872642370e-03 0.0000000000000000e+00  1.1262519674764451e+00 2.0013567588372818e-03 0.0000000000000000e+00  1.1261445668536556e+00 1.4281887711648550e-03 0.0000000000000000e+00  1.1260710153777673e+00 9.1885921491149838e-04 0.0000000000000000e+00  1.1260286998595785e+00 4.5066394929017622e-04 0.0000000000000000e+00  1.1260155335966431e+00 2.1785029444948638e-06 0.0000000000000000e+00  -1.5068635244004319e-04 1.3731229103879570e+00 0.0000000000000000e+00  1.7193812577457734e-01 1.3750509491380403e+00 0.0000000000000000e+00  3.4612926946791417e-01 1.3745725206352766e+00 0.0000000000000000e+00  5.2372153583061842e-01 1.3883324354144444e+00 0.0000000000000000e+00  7.0492240628296066e-01 1.3397904352408814e+00 0.0000000000000000e+00  8.8852081785607440e-01 1.5242882384487260e+00 0.0000000000000000e+00  1.0713599657735751e+00 7.4671855895999506e-01 0.0000000000000000e+00  1.0872299789872240e+00 -5.6602216889987254e-02 0.0000000000000000e+00  1.0999462417646970e+00 1.5114777985776651e-01 0.0000000000000000e+00  1.1091185321580139e+00 7.1078333109221195e-02 0.0000000000000000e+00  1.1155523295361149e+00 7.4968070044813512e-02 0.0000000000000000e+00  1.1198066645769027e+00 5.7283497183222148e-02 0.0000000000000000e+00  1.1225344993720197e+00 4.8175591911159048e-02 0.0000000000000000e+00  1.1242156283800888e+00 3.8916506655989391e-02 0.0000000000000000e+00  1.1252006047396073e+00 3.1733744121183426e-02 0.0000000000000000e+00  1.1257393401130049e+00 2.5719639456257822e-02 0.0000000000000000e+00  1.1260039071532915e+00 2.0850610080516745e-02 0.0000000000000000e+00  1.1261030777347412e+00 1.6876023545134046e-02 0.0000000000000000e+00  1.1261076984360880e+00 1.3648177853735004e-02 0.0000000000000000e+00  1.1260619749678973e+00 1.1022791452269292e-02 0.0000000000000000e+00  1.1259927727998118e+00 8.8865731689680792e-03 0.0000000000000000e+00  1.1259161420413626e+00 7.1447528637156857e-03 0.0000000000000000e+00  1.1258412000775659e+00 5.7201039314474667e-03 0.0000000000000000e+00  1.1257728515621874e+00 4.5492478817169618e-03 0.0000000000000000e+00  1.1257134586697179e+00 3.5800981158361027e-03 0.0000000000000000e+00  1.1256639223243134e+00 2.7695665579690436e-03 0.0000000000000000e+00  1.1256243523054568e+00 2.0816534456725802e-03 0.0000000000000000e+00  1.1255945006284167e+00 1.4858540774697533e-03 0.0000000000000000e+00  1.1255739632726145e+00 9.5573682470426375e-04 0.0000000000000000e+00  1.1255625434117840e+00 4.6797326436468173e-04 0.0000000000000000e+00  1.1255595500113047e+00 4.8618830249429563e-07 0.0000000000000000e+00  -3.0021231052258400e-05 1.2006927081357988e+00 0.0000000000000000e+00  1.7308127972453879e-01 1.2016557688780010e+00 0.0000000000000000e+00  3.4728940876568498e-01 1.1995545149270934e+00 0.0000000000000000e+00  5.2318247498498716e-01 1.2087536293934900e+00 0.0000000000000000e+00  7.0067552282719325e-01 1.1651673285794693e+00 0.0000000000000000e+00  8.7889380764975134e-01 1.3223265402818283e+00 0.0000000000000000e+00  1.0558770567437437e+00 6.4842532621196181e-01 0.0000000000000000e+00  1.0717101559249484e+00 -4.9144147399947484e-02 0.0000000000000000e+00  1.0849174766063250e+00 1.3384607222555156e-01 0.0000000000000000e+00  1.0952273333670106e+00 6.4301450385436582e-02 0.0000000000000000e+00  1.1031415739154047e+00 6.8428694871483217e-02 0.0000000000000000e+00  1.1090481883858194e+00 5.3152328856420447e-02 0.0000000000000000e+00  1.1133969813988411e+00 4.5193909948016087e-02 0.0000000000000000e+00  1.1165597105805196e+00 3.6917869141143936e-02 0.0000000000000000e+00  1.1188509709008934e+00 3.0379450178354552e-02 0.0000000000000000e+00  1.1205112423776009e+00 2.4815400627080760e-02 0.0000000000000000e+00  1.1217175856490165e+00 2.0245402404905612e-02 0.0000000000000000e+00  1.1225985512611294e+00 1.6473460970399319e-02 0.0000000000000000e+00  1.1232465028300687e+00 1.3380042986830536e-02 0.0000000000000000e+00  1.1237266474777521e+00 1.0844264363815628e-02 0.0000000000000000e+00  1.1240852128981531e+00 8.7675675603973106e-03 0.0000000000000000e+00  1.1243549172294454e+00 7.0652621782499739e-03 0.0000000000000000e+00  1.1245589738257105e+00 5.6668685623841022e-03 0.0000000000000000e+00  1.1247139381849278e+00 4.5134702089501873e-03 0.0000000000000000e+00  1.1248316594591237e+00 3.5559539239208141e-03 0.0000000000000000e+00  1.1249206479168732e+00 2.7532014861904306e-03 0.0000000000000000e+00  1.1249870088913529e+00 2.0705244353741692e-03 0.0000000000000000e+00  1.1250351003158547e+00 1.4782945285219645e-03 0.0000000000000000e+00  1.1250679204933651e+00 9.5067852270663041e-04 0.0000000000000000e+00  1.1250875980255368e+00 4.6475994590823089e-04 0.0000000000000000e+00  1.1250948139614707e+00 -1.2119874273292851e-06 0.0000000000000000e+00  2.9610130281659795e-05 1.0277235675997618e+00 0.0000000000000000e+00  1.7308376836643716e-01 1.0281201343772526e+00 0.0000000000000000e+00  3.4663695659326604e-01 1.0254894956998604e+00 0.0000000000000000e+00  5.2088552725278892e-01 1.0316508006877441e+00 0.0000000000000000e+00  6.9562299352806845e-01 9.9435253201121832e-01 0.0000000000000000e+00  8.7020862751353012e-01 1.1256143327530490e+00 0.0000000000000000e+00  1.0433748523905582e+00 5.5272279731399665e-01 0.0000000000000000e+00  1.0591707636236163e+00 -4.2556693459365517e-02 0.0000000000000000e+00  1.0727014432219191e+00 1.1607588756221576e-01 0.0000000000000000e+00  1.0837874965524921e+00 5.6332183517369516e-02 0.0000000000000000e+00  1.0927509173609518e+00 6.0561598341656024e-02 0.0000000000000000e+00  1.0998550155580138e+00 4.7567222598771400e-02 0.0000000000000000e+00  1.1054261485009944e+00 4.0831372646277987e-02 0.0000000000000000e+00  1.1097611781703260e+00 3.3661139863572519e-02 0.0000000000000000e+00  1.1131235622034523e+00 2.7914248148934350e-02 0.0000000000000000e+00  1.1157289188650052e+00 2.2955255563763152e-02 0.0000000000000000e+00  1.1177503172854140e+00 1.8834303654369517e-02 0.0000000000000000e+00  1.1193227991923915e+00 1.5398366884925426e-02 0.0000000000000000e+00  1.1205499545559956e+00 1.2556101008024134e-02 0.0000000000000000e+00  1.1215106944796365e+00 1.0209585372848322e-02 0.0000000000000000e+00  1.1222649718367295e+00 8.2763644888980831e-03 0.0000000000000000e+00  1.1228582508973424e+00 6.6838325804743229e-03 0.0000000000000000e+00  1.1233250744850265e+00 5.3702559652103457e-03 0.0000000000000000e+00  1.1236917229606886e+00 4.2831396987634707e-03 0.0000000000000000e+00  1.1239782017326765e+00 3.3781127987387405e-03 0.0000000000000000e+00  1.1241997124034424e+00 2.6175965250214081e-03 0.0000000000000000e+00  1.1243677260158393e+00 1.9695905864542461e-03 0.0000000000000000e+00  1.1244907774232968e+00 1.4065517138584804e-03 0.0000000000000000e+00  1.1245749827047746e+00 9.0431928482101974e-04 0.0000000000000000e+00  1.1246246090836374e+00 4.4135461253599109e-04 0.0000000000000000e+00  1.1246416288927108e+00 -2.8422112471794049e-06 0.0000000000000000e+00  5.3278143627039522e-05 8.5502497846872838e-01 0.0000000000000000e+00  1.7255646609862499e-01 8.5508999013844345e-01 0.0000000000000000e+00  3.4521428003427979e-01 8.5256382182902724e-01 0.0000000000000000e+00  5.1800942690408858e-01 8.5654554687687945e-01 0.0000000000000000e+00  6.9068713532318016e-01 8.2623555019794526e-01 0.0000000000000000e+00  8.6275759894162840e-01 9.3240827277280769e-01 0.0000000000000000e+00  1.0333613709206475e+00 4.5872044934242662e-01 0.0000000000000000e+00  1.0491294986413586e+00 -3.6529726428549736e-02 0.0000000000000000e+00  1.0628842712189199e+00 9.7980982780155962e-02 0.0000000000000000e+00  1.0745054506621052e+00 4.7527913631873239e-02 0.0000000000000000e+00  1.0842100342031444e+00 5.1733156627958361e-02 0.0000000000000000e+00  1.0921881611478697e+00 4.0915903465917829e-02 0.0000000000000000e+00  1.0986832933088202e+00 3.5410875013013612e-02 0.0000000000000000e+00  1.1039293561504053e+00 2.9398639179189969e-02 0.0000000000000000e+00  1.1081456135294052e+00 2.4536709302156404e-02 0.0000000000000000e+00  1.1115239009445805e+00 2.0291450526938357e-02 0.0000000000000000e+00  1.1142268599786633e+00 1.6729538045649497e-02 0.0000000000000000e+00  1.1163882999742669e+00 1.3733835444333806e-02 0.0000000000000000e+00  1.1181166600361130e+00 1.1237535630771553e-02 0.0000000000000000e+00  1.1194988329165656e+00 9.1637233188309689e-03 0.0000000000000000e+00  1.1206039285987965e+00 7.4461551048839976e-03 0.0000000000000000e+00  1.1214866811246715e+00 6.0250348140426504e-03 0.0000000000000000e+00  1.1221903190357505e+00 4.8485242738866684e-03 0.0000000000000000e+00  1.1227488868598294e+00 3.8718530669600184e-03 0.0000000000000000e+00  1.1231890990079971e+00 3.0566878920224114e-03 0.0000000000000000e+00  1.1235317876397053e+00 2.3702184907781034e-03 0.0000000000000000e+00  1.1237930183688789e+00 1.7842626249715298e-03 0.0000000000000000e+00  1.1239849494040695e+00 1.2743900980042668e-03 0.0000000000000000e+00  1.1241164294685138e+00 8.1905171605809661e-04 0.0000000000000000e+00  1.1241936055426274e+00 3.9894759216140311e-04 0.0000000000000000e+00  1.1242196144791055e+00 -4.3365426939224694e-06 0.0000000000000000e+00  5.6390626755697506e-05 6.8293564924307437e-01 0.0000000000000000e+00  1.7185345769016833e-01 6.8280354365920404e-01 0.0000000000000000e+00  3.4361174600125421e-01 6.8073994679386607e-01 0.0000000000000000e+00  5.1519928263322046e-01 6.8301767500894905e-01 0.0000000000000000e+00  6.8634497664591154e-01 6.6005462014302774e-01 0.0000000000000000e+00  8.5665303672673521e-01 7.4159725385948927e-01 0.0000000000000000e+00  1.0255089429860511e+00 3.6586274389656820e-01 0.0000000000000000e+00  1.0412580025795390e+00 -3.0879444788736381e-02 0.0000000000000000e+00  1.0551692615327772e+00 7.9655424626537352e-02 0.0000000000000000e+00  1.0671637163109848e+00 3.8142349189768970e-02 0.0000000000000000e+00  1.0773953782097110e+00 4.2215874811183676e-02 0.0000000000000000e+00  1.0860073546373670e+00 3.3477114481826040e-02 0.0000000000000000e+00  1.0931867327779783e+00 2.9184664535467312e-02 0.0000000000000000e+00  1.0991226180534508e+00 2.4353780655937653e-02 0.0000000000000000e+00  1.1040002991548044e+00 2.0433304662001384e-02 0.0000000000000000e+00  1.1079895204643688e+00 1.6973720662716938e-02 0.0000000000000000e+00  1.1112406838437243e+00 1.4049831410932597e-02 0.0000000000000000e+00  1.1138832654092492e+00 1.1573146902226000e-02 0.0000000000000000e+00  1.1160266091152293e+00 9.4969445204600798e-03 0.0000000000000000e+00  1.1177616705727338e+00 7.7630919846314187e-03 0.0000000000000000e+00  1.1191633235162106e+00 6.3207306604645686e-03 0.0000000000000000e+00  1.1202927098500981e+00 5.1228452476204346e-03 0.0000000000000000e+00  1.1211994230602893e+00 4.1280190784503948e-03 0.0000000000000000e+00  1.1219234351202017e+00 3.2999845315780253e-03 0.0000000000000000e+00  1.1224967333343017e+00 2.6073373921610141e-03 0.0000000000000000e+00  1.1229446733049264e+00 2.0229489172095324e-03 0.0000000000000000e+00  1.1232870732135516e+00 1.5233395661706447e-03 0.0000000000000000e+00  1.1235390866725108e+00 1.0880279409676956e-03 0.0000000000000000e+00  1.1237118437830114e+00 6.9886036460226487e-04 0.0000000000000000e+00  1.1238130627040481e+00 3.3950906645716631e-04 0.0000000000000000e+00  1.1238468842780787e+00 -5.6347850632843239e-06 0.0000000000000000e+00  4.8068903448019902e-05 5.1152389021547851e-01 0.0000000000000000e+00  1.7117454424178921e-01 5.1126955633443605e-01 0.0000000000000000e+00  3.4215648113606534e-01 5.0986607798789130e-01 0.0000000000000000e+00  5.1280182045225464e-01 5.1069762437745092e-01 0.0000000000000000e+00  6.8283679056262170e-01 4.9525847891145741e-01 0.0000000000000000e+00  8.5192234442119397e-01 5.5243075034577838e-01 0.0000000000000000e+00  1.0195934326800811e+00 2.7378170708229577e-01 0.0000000000000000e+00  1.0353312932501786e+00 -2.5486387648007387e-02 0.0000000000000000e+00  1.0493506222029456e+00 6.1168347990950188e-02 0.0000000000000000e+00  1.0616025140203109e+00 2.8351167650175927e-02 0.0000000000000000e+00  1.0722014494065959e+00 3.2207517837529662e-02 0.0000000000000000e+00  1.0812610813233763e+00 2.5468017919450921e-02 0.0000000000000000e+00  1.0889317941411354e+00 2.2364035972325405e-02 0.0000000000000000e+00  1.0953715323178361e+00 1.8720238922387476e-02 0.0000000000000000e+00  1.1007401653950966e+00 1.5772793695329020e-02 0.0000000000000000e+00  1.1051896869505697e+00 1.3145704339594451e-02 0.0000000000000000e+00  1.1088596669620621e+00 1.0914889692587549e-02 0.0000000000000000e+00  1.1118744007461190e+00 9.0144350179748121e-03 0.0000000000000000e+00  1.1143421618751248e+00 7.4140115363834089e-03 0.0000000000000000e+00  1.1163556307538454e+00 6.0719799087235390e-03 0.0000000000000000e+00  1.1179930681593082e+00 4.9516807634101476e-03 0.0000000000000000e+00  1.1193198165698466e+00 4.0184898495596111e-03 0.0000000000000000e+00  1.1203899051524404e+00 3.2415294852842038e-03 0.0000000000000000e+00  1.1212475991340083e+00 2.5934454162896466e-03 0.0000000000000000e+00  1.1219288096033675e+00 2.0503364333314890e-03 0.0000000000000000e+00  1.1224623256024460e+00 1.5913982535066577e-03 0.0000000000000000e+00  1.1228708556943565e+00 1.1985130250141338e-03 0.0000000000000000e+00  1.1231718851008547e+00 8.5579416598159847e-04 0.0000000000000000e+00  1.1233783357581015e+00 5.4910549155150385e-04 0.0000000000000000e+00  1.1234991575479103e+00 2.6568378788819458e-04 0.0000000000000000e+00  1.1235393112107468e+00 -6.6863974466876166e-06 0.0000000000000000e+00  3.3599547218893477e-05 3.4070692185692586e-01 0.0000000000000000e+00  1.7062946667131307e-01 3.4037070384774820e-01 0.0000000000000000e+00  3.4102519083715066e-01 3.3973326490038031e-01 0.0000000000000000e+00  5.1099851103943117e-01 3.3925360949257449e-01 0.0000000000000000e+00  6.8027807809606244e-01 3.3142196153086423e-01 0.0000000000000000e+00  8.4855693619938266e-01 3.6436569137605174e-01 0.0000000000000000e+00  1.0154622907701789e+00 1.8221690672793939e-01 0.0000000000000000e+00  1.0311963719517026e+00 -2.0267797806261329e-02 0.0000000000000000e+00  1.0452863882437895e+00 4.2572332646439691e-02 0.0000000000000000e+00  1.0577073413428524e+00 1.8284624504787711e-02 0.0000000000000000e+00  1.0685486368636474e+00 2.1862511296731713e-02 0.0000000000000000e+00  1.0779063540995382e+00 1.7063155528087542e-02 0.0000000000000000e+00  1.0859077329958637e+00 1.5124702391050222e-02 0.0000000000000000e+00  1.0926903715909091e+00 1.2666044932148294e-02 0.0000000000000000e+00  1.0983969374967597e+00 1.0708893638488206e-02 0.0000000000000000e+00  1.1031667944566446e+00 8.9436205854612049e-03 0.0000000000000000e+00  1.1071311931229317e+00 7.4423795829192518e-03 0.0000000000000000e+00  1.1104098958630559e+00 6.1576080911379298e-03 0.0000000000000000e+00  1.1131095917737632e+00 5.0724576653359927e-03 0.0000000000000000e+00  1.1153234674374159e+00 4.1598023479213478e-03 0.0000000000000000e+00  1.1171316184354603e+00 3.3960701002011514e-03 0.0000000000000000e+00  1.1186019597037102e+00 2.7585235000412052e-03 0.0000000000000000e+00  1.1197913945638935e+00 2.2267366217519568e-03 0.0000000000000000e+00  1.1207470650372249e+00 1.7824516243586652e-03 0.0000000000000000e+00  1.1215075722524579e+00 1.4096129139367366e-03 0.0000000000000000e+00  1.1221040974724341e+00 1.0941661295283541e-03 0.0000000000000000e+00  1.1225613871179130e+00 8.2381583471722556e-04 0.0000000000000000e+00  1.1228985836392553e+00 5.8773753450782338e-04 0.0000000000000000e+00  1.1231298927260762e+00 3.7627278973585178e-04 0.0000000000000000e+00  1.1232651396879239e+00 1.8066842793273470e-04 0.0000000000000000e+00  1.1233099055608065e+00 -7.4516014484761012e-06 0.0000000000000000e+00  1.6047040021101038e-05 1.7032022895901130e-01 0.0000000000000000e+00  1.7027618761299129e-01 1.6992247534418173e-01 0.0000000000000000e+00  3.4030957819653590e-01 1.7010508479472292e-01 0.0000000000000000e+00  5.0988025423163674e-01 1.6837968697941932e-01 0.0000000000000000e+00  6.7872038006360935e-01 1.6819428471773146e-01 0.0000000000000000e+00  8.4653783029136898e-01 1.7697733840099175e-01 0.0000000000000000e+00  1.0130162026230078e+00 9.0968812073740288e-02 0.0000000000000000e+00  1.0287539604435412e+00 -1.5162078730037117e-02 0.0000000000000000e+00  1.0428838329628536e+00 2.3910256808129686e-02 0.0000000000000000e+00  1.0554018454327250e+00 8.0455572605246713e-03 0.0000000000000000e+00  1.0663817201188903e+00 1.1306662802352528e-02 0.0000000000000000e+00  1.0759106116447448e+00 8.4081251086590755e-03 0.0000000000000000e+00  1.0841028777126747e+00 7.6184987005339837e-03 0.0000000000000000e+00  1.0910847461598319e+00 6.3413115537452889e-03 0.0000000000000000e+00  1.0969889732690061e+00 5.3832009478726184e-03 0.0000000000000000e+00  1.1019474179189992e+00 4.4966600668683689e-03 0.0000000000000000e+00  1.1060862007742445e+00 3.7471631263139558e-03 0.0000000000000000e+00  1.1095221239376467e+00 3.1027525003489774e-03 0.0000000000000000e+00  1.1123606461342521e+00 2.5580710630721663e-03 0.0000000000000000e+00  1.1146949924408289e+00 2.0991232049902939e-03 0.0000000000000000e+00  1.1166061409494119e+00 1.7145893663048702e-03 0.0000000000000000e+00  1.1181633834111999e+00 1.3931866253633488e-03 0.0000000000000000e+00  1.1194252277798373e+00 1.1248059592163327e-03 0.0000000000000000e+00  1.1204404614876140e+00 9.0034885748310680e-04 0.0000000000000000e+00  1.1212492486237005e+00 7.1179095804843324e-04 0.0000000000000000e+00  1.1218841754076934e+00 5.5208321066960338e-04 0.0000000000000000e+00  1.1223711945140442e+00 4.1504226102110785e-04 0.0000000000000000e+00  1.1227304335079080e+00 2.9520771651003801e-04 0.0000000000000000e+00  1.1229768669938673e+00 1.8770159298534239e-04 0.0000000000000000e+00  1.1231208317815957e+00 8.8077598517823346e-05 0.0000000000000000e+00  1.1231683196502726e+00 -7.9021155541007287e-06 0.0000000000000000e+00  -2.7092153662445777e-06 1.5773115335144725e-04 0.0000000000000000e+00  1.7014258443594582e-01 -2.9330614386956108e-04 0.0000000000000000e+00  3.4005275489615605e-01 7.3295213062206128e-04 0.0000000000000000e+00  5.0948810505610997e-01 -2.2140447119159547e-03 0.0000000000000000e+00  6.7818372631503754e-01 5.2663154459343569e-03 0.0000000000000000e+00  8.4584878610736258e-01 -1.0095179393944024e-02 0.0000000000000000e+00  1.0121987264714247e+00 -1.2932700052697366e-04 0.0000000000000000e+00  1.0279481539039701e+00 -1.0119574740778417e-02 0.0000000000000000e+00  1.0420905348131577e+00 5.2194109351976978e-03 0.0000000000000000e+00  1.0546423621212275e+00 -2.2790789057160563e-03 0.0000000000000000e+00  1.0656684332378912e+00 6.4904061423078920e-04 0.0000000000000000e+00  1.0752540940101096e+00 -3.6870301350090201e-04 0.0000000000000000e+00  1.0835092698031292e+00 -1.7720064116394021e-05 0.0000000000000000e+00  1.0905566440030310e+00 -1.1581171461719240e-04 0.0000000000000000e+00  1.0965257724826014e+00 -7.1090786386250075e-05 0.0000000000000000e+00  1.1015461157530220e+00 -7.1066477964289255e-05 0.0000000000000000e+00  1.1057421411178117e+00 -5.8286562107638726e-05 0.0000000000000000e+00  1.1092296911828341e+00 -5.0456104377252968e-05 0.0000000000000000e+00  1.1121138194921605e+00 -4.2412563051467104e-05 0.0000000000000000e+00  1.1144877582762658e+00 -3.5722328025962934e-05 0.0000000000000000e+00  1.1164327679187696e+00 -2.9890458238479209e-05 0.0000000000000000e+00  1.1180185844550052e+00 -2.4981575861689555e-05 0.0000000000000000e+00  1.1193042359527212e+00 -2.0873071107666225e-05 0.0000000000000000e+00  1.1203390446057342e+00 -1.7487775087620111e-05 0.0000000000000000e+00  1.1211636831541341e+00 -1.4737103394301077e-05 0.0000000000000000e+00  1.1218111950888892e+00 -1.2544800804329662e-05 0.0000000000000000e+00  1.1223079256969228e+00 -1.0842339676080746e-05 0.0000000000000000e+00  1.1226743208414967e+00 -9.5778333422873255e-06 0.0000000000000000e+00  1.1229256077266230e+00 -8.6989968054388573e-06 0.0000000000000000e+00  1.1230722682625609e+00 -8.1967525119640245e-06 0.0000000000000000e+00  1.1231204889557036e+00 -8.0215485485265366e-06 0.0000000000000000e+00  -2.1274612533290183e-05 -1.7000386281052507e-01 0.0000000000000000e+00  1.7023751187969796e-01 -1.7050853975424538e-01 0.0000000000000000e+00  3.4026748440784771e-01 -1.6863582647550895e-01 0.0000000000000000e+00  5.0983335324224865e-01 -1.7280961736214689e-01 0.0000000000000000e+00  6.7867234389239095e-01 -1.5765181139480419e-01 0.0000000000000000e+00  8.4648234221435203e-01 -1.9718523325231954e-01 0.0000000000000000e+00  1.0129908817374158e+00 -9.1229991949898684e-02 0.0000000000000000e+00  1.0287610744150621e+00 -5.0967179368886523e-03 0.0000000000000000e+00  1.0428896681276298e+00 -1.3465258149962151e-02 0.0000000000000000e+00  1.0554150108495679e+00 -1.2609782217185882e-02 0.0000000000000000e+00  1.0663985535089808e+00 -1.0009035722319540e-02 0.0000000000000000e+00  1.0759305821468275e+00 -9.1471523340231013e-03 0.0000000000000000e+00  1.0841244441528870e+00 -7.6543053580340730e-03 0.0000000000000000e+00  1.0911067758568480e+00 -6.5729660439838985e-03 0.0000000000000000e+00  1.0970104652098283e+00 -5.5249188492396501e-03 0.0000000000000000e+00  1.1019676591707652e+00 -4.6380555547403659e-03 0.0000000000000000e+00  1.1061047251393936e+00 -3.8628146442011226e-03 0.0000000000000000e+00  1.1095386864274606e+00 -3.2026654202704174e-03 0.0000000000000000e+00  1.1123751702838938e+00 -2.6418880014085441e-03 0.0000000000000000e+00  1.1147075225882834e+00 -2.1696012446766888e-03 0.0000000000000000e+00  1.1166167984115209e+00 -1.7734748213475786e-03 0.0000000000000000e+00  1.1181723316048378e+00 -1.4423401375823343e-03 0.0000000000000000e+00  1.1194326464722344e+00 -1.1658319843978321e-03 0.0000000000000000e+00  1.1204465291135968e+00 -9.3469032490545699e-04 0.0000000000000000e+00  1.1212541309311543e+00 -7.4070905494145285e-04 0.0000000000000000e+00  1.1218880184203242e+00 -5.7668402880451059e-04 0.0000000000000000e+00  1.1223741221048389e+00 -4.3629360580456220e-04 0.0000000000000000e+00  1.1227325414501153e+00 -3.1397301444568071e-04 0.0000000000000000e+00  1.1229782395691623e+00 -2.0473998327778377e-04 0.0000000000000000e+00  1.1231214771316120e+00 -1.0412940484999956e-04 0.0000000000000000e+00  1.1231684150119610e+00 -7.8055878966362094e-06 0.0000000000000000e+00  -3.8164060444980864e-05 -3.4038756538708154e-01 0.0000000000000000e+00  1.7055445265830330e-01 -3.4095474408656101e-01 0.0000000000000000e+00  3.4094185061281701e-01 -3.3825292013100777e-01 0.0000000000000000e+00  5.1090352131101657e-01 -3.4368846213414134e-01 0.0000000000000000e+00  6.8017914199962104e-01 -3.2084833297435822e-01 0.0000000000000000e+00  8.4844119346638069e-01 -3.8462743063224386e-01 0.0000000000000000e+00  1.0154092772514496e+00 -1.8248579556575045e-01 0.0000000000000000e+00  1.0312112688933457e+00 -5.1771558211956655e-05 0.0000000000000000e+00  1.0452985581616556e+00 -3.2108189769414458e-02 0.0000000000000000e+00  1.0577348102657709e+00 -2.2867576463159726e-02 0.0000000000000000e+00  1.0685836044908776e+00 -2.0566174331226619e-02 0.0000000000000000e+00  1.0779476491356526e+00 -1.7807071514686034e-02 0.0000000000000000e+00  1.0859520769548829e+00 -1.5161493524614753e-02 0.0000000000000000e+00  1.0927354110556118e+00 -1.2897671463074406e-02 0.0000000000000000e+00  1.0984406347046420e+00 -1.0849090873808436e-02 0.0000000000000000e+00  1.1032077356676617e+00 -9.0826892522964820e-03 0.0000000000000000e+00  1.1071684803985840e+00 -7.5551682538360183e-03 0.0000000000000000e+00  1.1104430884022771e+00 -6.2544497054355785e-03 0.0000000000000000e+00  1.1131385881701537e+00 -5.1532014139181815e-03 0.0000000000000000e+00  1.1153484007001173e+00 -4.2273518121251977e-03 0.0000000000000000e+00  1.1171527657277460e+00 -3.4522551993066840e-03 0.0000000000000000e+00  1.1186196733829989e+00 -2.8052449125652214e-03 0.0000000000000000e+00  1.1198060516565191e+00 -2.2656062898892822e-03 0.0000000000000000e+00  1.1207590335060473e+00 -1.8148992194559719e-03 0.0000000000000000e+00  1.1215171900947878e+00 -1.4368735274423645e-03 0.0000000000000000e+00  1.1221116601157650e+00 -1.1173126375586052e-03 0.0000000000000000e+00  1.1225671436744764e+00 -8.4377963384080418e-04 0.0000000000000000e+00  1.1229027260422253e+00 -6.0534419741944522e-04 0.0000000000000000e+00  1.1231325889072448e+00 -3.9224469342448535e-04 0.0000000000000000e+00  1.1232664070753522e+00 -1.9570731996740534e-04 0.0000000000000000e+00  1.1233100927996129e+00 -7.2620427562805286e-06 0.0000000000000000e+00  -5.1286515741310691e-05 -5.1119858112995942e-01 0.0000000000000000e+00  1.7106884598999139e-01 -5.1184881554684647e-01 0.0000000000000000e+00  3.4203412573802855e-01 -5.0836350817445475e-01 0.0000000000000000e+00  5.1265626115543206e-01 -5.1513847089185483e-01 0.0000000000000000e+00  6.8268054641956122e-01 -4.8462699150464916e-01 0.0000000000000000e+00  8.5173549624283196e-01 -5.7278666962948832e-01 0.0000000000000000e+00  1.0195073036096129e+00 -2.7406390019862559e-01 0.0000000000000000e+00  1.0353554800135576e+00 5.0589151815124966e-03 0.0000000000000000e+00  1.0493702108648384e+00 -5.0670056622285013e-02 0.0000000000000000e+00  1.0616467764616593e+00 -3.2967200749639512e-02 0.0000000000000000e+00  1.0722573441715291e+00 -3.0913030217326012e-02 0.0000000000000000e+00  1.0813265751679078e+00 -2.6220171700074676e-02 0.0000000000000000e+00  1.0890014646109440e+00 -2.2402082417549127e-02 0.0000000000000000e+00  1.0954416132265801e+00 -1.8951391295777373e-02 0.0000000000000000e+00  1.1008074947275830e+00 -1.5909972363021826e-02 0.0000000000000000e+00  1.1052521995826841e+00 -1.3280485760633495e-02 0.0000000000000000e+00  1.1089161388606292e+00 -1.1022582334283394e-02 0.0000000000000000e+00  1.1119243079872361e+00 -9.1059194123103305e-03 0.0000000000000000e+00  1.1143854826729758e+00 -7.4894741342095578e-03 0.0000000000000000e+00  1.1163926779940943e+00 -6.1345569007429978e-03 0.0000000000000000e+00  1.1180243447770657e+00 -5.0033234691719006e-03 0.0000000000000000e+00  1.1193459132228294e+00 -4.0611507595442126e-03 0.0000000000000000e+00  1.1204114292259306e+00 -3.2768212135895879e-03 0.0000000000000000e+00  1.1212651286287056e+00 -2.6227664093451913e-03 0.0000000000000000e+00  1.1219428662638766e+00 -2.0748719778897308e-03 0.0000000000000000e+00  1.1224733598590384e+00 -1.6121617929259107e-03 0.0000000000000000e+00  1.1228792437862132e+00 -1.2163728308044683e-03 0.0000000000000000e+00  1.1231779152999126e+00 -8.7151148511464436e-04 0.0000000000000000e+00  1.1233822580005446e+00 -5.6334098353896908e-04 0.0000000000000000e+00  1.1235010005849808e+00 -2.7907499942333763e-04 0.0000000000000000e+00  1.1235395834007389e+00 -6.4107634559089974e-06 0.0000000000000000e+00  -5.6908931092531138e-05 -6.8259949039219747e-01 0.0000000000000000e+00  1.7172838851586900e-01 -6.8337270943974004e-01 0.0000000000000000e+00  3.4345527159974970e-01 -6.7919725851633528e-01 0.0000000000000000e+00  5.1499914210883757e-01 -6.8746150556849595e-01 0.0000000000000000e+00  6.8611991464850097e-01 -6.4932767841111039e-01 0.0000000000000000e+00  8.5637508842126742e-01 -7.6209555666790540e-01 0.0000000000000000e+00  1.0253796406016029e+00 -3.6616460412285790e-01 0.0000000000000000e+00  1.0412942223006556e+00 1.0285066895605712e-02 0.0000000000000000e+00  1.0551981401093831e+00 -6.9103858262817563e-02 0.0000000000000000e+00  1.0672291506704641e+00 -4.2809124497269209e-02 0.0000000000000000e+00  1.0774769803959610e+00 -4.0923134082735624e-02 0.0000000000000000e+00  1.0861017525564700e+00 -3.4240840102997133e-02 0.0000000000000000e+00  1.0932856674913554e+00 -2.9223462692893745e-02 0.0000000000000000e+00  1.0992207683039354e+00 -2.4583353364413654e-02 0.0000000000000000e+00  1.1040933433589888e+00 -2.0565242942895481e-02 0.0000000000000000e+00  1.1080748077019296e+00 -1.7101601956586793e-02 0.0000000000000000e+00  1.1113168291628523e+00 -1.4149683447640183e-02 0.0000000000000000e+00  1.1139498756736665e+00 -1.1656643901390807e-02 0.0000000000000000e+00  1.1160839200588681e+00 -9.5646982864159950e-03 0.0000000000000000e+00  1.1178103116402347e+00 -7.8185315574567683e-03 0.0000000000000000e+00  1.1192041268101549e+00 -6.3659420792056441e-03 0.0000000000000000e+00  1.1203265747679176e+00 -5.1598196686051152e-03 0.0000000000000000e+00  1.1212272317121521e+00 -4.1583445848216430e-03 0.0000000000000000e+00  1.1219460017497076e+00 -3.3249975094878843e-03 0.0000000000000000e+00  1.1225147769465385e+00 -2.6281406051371745e-03 0.0000000000000000e+00  1.1229588048458705e+00 -2.0404646220525320e-03 0.0000000000000000e+00  1.1232977968183060e+00 -1.5383430485258307e-03 0.0000000000000000e+00  1.1235467857911174e+00 -1.1011881899639596e-03 0.0000000000000000e+00  1.1237168469781806e+00 -7.1075100376948193e-04 0.0000000000000000e+00  1.1238154125018487e+00 -3.5067820183639248e-04 0.0000000000000000e+00  1.1238472311472685e+00 -5.2834023336812762e-06 0.0000000000000000e+00  -4.9248750688758748e-05 -8.5467017903934361e-01 0.0000000000000000e+00  1.7243286884538409e-01 -8.5563949539106499e-01 0.0000000000000000e+00  3.4503351056690440e-01 -8.5095080891036956e-01 0.0000000000000000e+00  5.1774894975410879e-01 -8.6098157185934088e-01 0.0000000000000000e+00  6.9037384667970325e-01 -8.1535566273773841e-01 0.0000000000000000e+00  8.6235354795568764e-01 -9.5311104557571591e-01 0.0000000000000000e+00  1.0331711677824924e+00 -4.5904958624930592e-01 0.0000000000000000e+00  1.0491825764349849e+00 1.5688184006438410e-02 0.0000000000000000e+00  1.0629255039064123e+00 -8.7349381392515302e-02 0.0000000000000000e+00  1.0745991333489451e+00 -5.2268674867493349e-02 0.0000000000000000e+00  1.0843248819563034e+00 -5.0440851185466984e-02 0.0000000000000000e+00  1.0923189884696520e+00 -4.1694772588483323e-02 0.0000000000000000e+00  1.0988176397255891e+00 -3.5448425542375116e-02 0.0000000000000000e+00  1.1040598321320061e+00 -2.9624031501306457e-02 0.0000000000000000e+00  1.1082669185099274e+00 -2.4659929544144223e-02 0.0000000000000000e+00  1.1116332667633739e+00 -2.0408941981304992e-02 0.0000000000000000e+00  1.1143230474348869e+00 -1.6818102107485702e-02 0.0000000000000000e+00  1.1164713296318967e+00 -1.3806241569379278e-02 0.0000000000000000e+00  1.1181872974245326e+00 -1.1294886732726474e-02 0.0000000000000000e+00  1.1195582158545023e+00 -9.2097318617995645e-03 0.0000000000000000e+00  1.1206533451276106e+00 -7.4830122744156688e-03 0.0000000000000000e+00  1.1215274238693971e+00 -6.0547258756530062e-03 0.0000000000000000e+00  1.1222235938466696e+00 -4.8725603820820827e-03 0.0000000000000000e+00  1.1227757699347614e+00 -3.8914608487034641e-03 0.0000000000000000e+00  1.1232105176359162e+00 -3.0728438007096774e-03 0.0000000000000000e+00  1.1235485153908500e+00 -2.3837152384006397e-03 0.0000000000000000e+00  1.1238056846139555e+00 -1.7957492988821260e-03 0.0000000000000000e+00  1.1239940287324157e+00 -1.2844142437370418e-03 0.0000000000000000e+00  1.1241223230121340e+00 -8.2807467571127951e-04 0.0000000000000000e+00  1.1241963718189518e+00 -4.0740379168818487e-04 0.0000000000000000e+00  1.1242200226020123e+00 -3.9229354973632108e-06 0.0000000000000000e+00  -1.6926761205998479e-05 -1.0273371525041233e+00 0.0000000000000000e+00  1.7300079110050609e-01 -1.0286316274999441e+00 0.0000000000000000e+00  3.4645258775192411e-01 -1.0237543573837253e+00 0.0000000000000000e+00  5.2055726129755409e-01 -1.0360553938053993e+00 0.0000000000000000e+00  6.9518895130164526e-01 -9.8322687825807886e-01 0.0000000000000000e+00  8.6961773569317435e-01 -1.1466070836035143e+00 0.0000000000000000e+00  1.0430927688742049e+00 -5.5308872726540426e-01 0.0000000000000000e+00  1.0592491216634050e+00 2.1350518015835759e-02 0.0000000000000000e+00  1.0727605581409723e+00 -1.0532427835996989e-01 0.0000000000000000e+00  1.0839216812597721e+00 -6.1179523329948401e-02 0.0000000000000000e+00  1.0929100671245928e+00 -5.9264176837841069e-02 0.0000000000000000e+00  1.1000313651748566e+00 -4.8364006387083623e-02 0.0000000000000000e+00  1.1056029938817349e+00 -4.0864270368874439e-02 0.0000000000000000e+00  1.1099292947751001e+00 -3.3878467418458971e-02 0.0000000000000000e+00  1.1132760888764908e+00 -2.8023231431506201e-02 0.0000000000000000e+00  1.1158633862592522e+00 -2.3057470936582013e-02 0.0000000000000000e+00  1.1178664321521510e+00 -1.8907330963389452e-02 0.0000000000000000e+00  1.1194214481562703e+00 -1.5456055923689049e-02 0.0000000000000000e+00  1.1206327364066337e+00 -1.2600074345016045e-02 0.0000000000000000e+00  1.1215795050427289e+00 -1.0243780467980251e-02 0.0000000000000000e+00  1.1223216967953047e+00 -8.3029591151524123e-03 0.0000000000000000e+00  1.1229046576844999e+00 -6.7047232895548490e-03 0.0000000000000000e+00  1.1233627363666716e+00 -5.3867935829365124e-03 0.0000000000000000e+00  1.1237219949362167e+00 -4.2963729907232167e-03 0.0000000000000000e+00  1.1240022218394410e+00 -3.3888369608108069e-03 0.0000000000000000e+00  1.1242184114707878e+00 -2.6264300933744877e-03 0.0000000000000000e+00  1.1243818498468749e+00 -1.9770206603468210e-03 0.0000000000000000e+00  1.1245008830838286e+00 -1.4129749161552701e-03 0.0000000000000000e+00  1.1245815341210916e+00 -9.1006046900671592e-04 0.0000000000000000e+00  1.1246276820130250e+00 -4.4671229653492800e-04 0.0000000000000000e+00  1.1246420819497207e+00 -2.3828301547254793e-06 0.0000000000000000e+00  5.7076457603806709e-05 -1.2002483364896945e+00 0.0000000000000000e+00  1.7310500250625169e-01 -1.2021015504161252e+00 0.0000000000000000e+00  3.4713573275597159e-01 -1.1976136337744074e+00 0.0000000000000000e+00  5.2277563763876000e-01 -1.2130780680833220e+00 0.0000000000000000e+00  7.0006825511860993e-01 -1.1536358204808344e+00 0.0000000000000000e+00  8.7801046420022866e-01 -1.3437353057553743e+00 0.0000000000000000e+00  1.0554483789211571e+00 -6.4884203134765084e-01 0.0000000000000000e+00  1.0718289553680145e+00 2.7391455203586906e-02 0.0000000000000000e+00  1.0850020990270457e+00 -1.2290828750948167e-01 0.0000000000000000e+00  1.0954217659078829e+00 -6.9306677771587583e-02 0.0000000000000000e+00  1.1033675756981982e+00 -6.7118742384692717e-02 0.0000000000000000e+00  1.1092899235536235e+00 -5.3966716197547795e-02 0.0000000000000000e+00  1.1136270226826981e+00 -4.5210161671533737e-02 0.0000000000000000e+00  1.1167703419689901e+00 -3.7120252524792376e-02 0.0000000000000000e+00  1.1190371852672332e+00 -3.0467212134841735e-02 0.0000000000000000e+00  1.1206712200877806e+00 -2.4895698831254986e-02 0.0000000000000000e+00  1.1218525396319934e+00 -2.0297555313515011e-02 0.0000000000000000e+00  1.1227111422461096e+00 -1.6512401553828753e-02 0.0000000000000000e+00  1.1233395174982890e+00 -1.3407461936786930e-02 0.0000000000000000e+00  1.1238029684608215e+00 -1.0864265454768613e-02 0.0000000000000000e+00  1.1241474711668267e+00 -8.7821043464406476e-03 0.0000000000000000e+00  1.1244054119409386e+00 -7.0759962774514682e-03 0.0000000000000000e+00  1.1245996679674548e+00 -5.6748806737167718e-03 0.0000000000000000e+00  1.1247464638184921e+00 -4.5195427108108760e-03 0.0000000000000000e+00  1.1248573523485441e+00 -3.5606365803205267e-03 0.0000000000000000e+00  1.1249405789987450e+00 -2.7568901066465932e-03 0.0000000000000000e+00  1.1250020227327890e+00 -2.0735078293457779e-03 0.0000000000000000e+00  1.1250458214874479e+00 -1.4807905012596426e-03 0.0000000000000000e+00  1.1250748613636845e+00 -9.5285377900136562e-04 0.0000000000000000e+00  1.1250908511895403e+00 -4.6675823646087438e-04 0.0000000000000000e+00  1.1250952933102487e+00 -7.2572665408641654e-07 0.0000000000000000e+00  2.0270682392445271e-04 -1.3725986150779352e+00 0.0000000000000000e+00  1.7218832520387123e-01 -1.3753878873041512e+00 0.0000000000000000e+00  3.4609221947308483e-01 -1.3722661365421478e+00 0.0000000000000000e+00  5.2324647807105562e-01 -1.3924800022119330e+00 0.0000000000000000e+00  7.0405827638770380e-01 -1.3275879147720944e+00 0.0000000000000000e+00  8.8715165676785968e-01 -1.5463109505031447e+00 0.0000000000000000e+00  1.0706850115151201e+00 -7.4719974227999331e-01 0.0000000000000000e+00  1.0874231972919040e+00 3.3996667122660508e-02 0.0000000000000000e+00  1.1000803879571617e+00 -1.3991335795179805e-01 0.0000000000000000e+00  1.1093995809193686e+00 -7.6298970313095182e-02 0.0000000000000000e+00  1.1158508805605665e+00 -7.3617831974710293e-02 0.0000000000000000e+00  1.1201237572081488e+00 -5.8130331644252194e-02 0.0000000000000000e+00  1.1228321363748428e+00 -4.8163894247215504e-02 0.0000000000000000e+00  1.1244752432364580e+00 -3.9088298190576007e-02 0.0000000000000000e+00  1.1254204408524369e+00 -3.1789325188968487e-02 0.0000000000000000e+00  1.1259234497417152e+00 -2.5770791088131181e-02 0.0000000000000000e+00  1.1261551815628570e+00 -2.0875364101329435e-02 0.0000000000000000e+00  1.1262266023721537e+00 -1.6891874683837748e-02 0.0000000000000000e+00  1.1262080607547205e+00 -1.3655927021210962e-02 0.0000000000000000e+00  1.1261431606662313e+00 -1.1026381008211230e-02 0.0000000000000000e+00  1.1260582559571684e+00 -8.8875158801447769e-03 0.0000000000000000e+00  1.1259687659363020e+00 -7.1442480905494123e-03 0.0000000000000000e+00  1.1258832976703701e+00 -5.7188301801651938e-03 0.0000000000000000e+00  1.1258063005884105e+00 -4.5476199361024604e-03 0.0000000000000000e+00  1.1257397573709134e+00 -3.5783515216079027e-03 0.0000000000000000e+00  1.1256842486851690e+00 -2.7678265977226211e-03 0.0000000000000000e+00  1.1256396209228243e+00 -2.0799772349357885e-03 0.0000000000000000e+00  1.1256053812970963e+00 -1.4842567162567238e-03 0.0000000000000000e+00  1.1255809973951232e+00 -9.5420970457690921e-04 0.0000000000000000e+00  1.1255658377154676e+00 -4.6649172128630112e-04 0.0000000000000000e+00  1.1255600349107433e+00 9.7846385395145908e-07 0.0000000000000000e+00  4.5460996540120719e-04 -1.5427485208313469e+00 0.0000000000000000e+00  1.6930824426141755e-01 -1.5470717442541224e+00 0.0000000000000000e+00  3.4156008166836815e-01 -1.5470277354886415e+00 0.0000000000000000e+00  5.1979205974273734e-01 -1.5747715483080182e+00 0.0000000000000000e+00  7.0531005789783141e-01 -1.5065103132590925e+00 0.0000000000000000e+00  8.9623123994290366e-01 -1.7572796204224752e+00 0.0000000000000000e+00  1.0894901098000720e+00 -8.4967795286548198e-01 0.0000000000000000e+00  1.1068026455092170e+00 4.1475004960824034e-02 0.0000000000000000e+00  1.1186266935847033e+00 -1.5601250244911935e-01 0.0000000000000000e+00  1.1262432313990860e+00 -8.1606946994797952e-02 0.0000000000000000e+00  1.1305052706145284e+00 -7.8200389764650075e-02 0.0000000000000000e+00  1.1324998148709162e+00 -6.0358225180647540e-02 0.0000000000000000e+00  1.1330800445420512e+00 -4.9332608234985656e-02 0.0000000000000000e+00  1.1328592431916715e+00 -3.9490652036083734e-02 0.0000000000000000e+00  1.1322318557921471e+00 -3.1782051685106297e-02 0.0000000000000000e+00  1.1314371341222120e+00 -2.5539197926324027e-02 0.0000000000000000e+00  1.1306115237751839e+00 -2.0543285916090066e-02 0.0000000000000000e+00  1.1298276911062723e+00 -1.6529075969781468e-02 0.0000000000000000e+00  1.1291201762856671e+00 -1.3301941968480670e-02 0.0000000000000000e+00  1.1285015959734515e+00 -1.0701314153934213e-02 0.0000000000000000e+00  1.1279725313959588e+00 -8.6001954739637551e-03 0.0000000000000000e+00  1.1275274320040434e+00 -6.8969901081030452e-03 0.0000000000000000e+00  1.1271580624244333e+00 -5.5104556057833836e-03 0.0000000000000000e+00  1.1268554613061443e+00 -4.3752557011389592e-03 0.0000000000000000e+00  1.1266110116326484e+00 -3.4385037084932986e-03 0.0000000000000000e+00  1.1264169888842697e+00 -2.6569973208722076e-03 0.0000000000000000e+00  1.1262668137272738e+00 -1.9950081499173918e-03 0.0000000000000000e+00  1.1261551252814923e+00 -1.4225086426140991e-03 0.0000000000000000e+00  1.1260778314793018e+00 -9.1365409741665771e-04 0.0000000000000000e+00  1.1260318895471466e+00 -4.4573389364928724e-04 0.0000000000000000e+00  1.1260160031700805e+00 2.6551250527175174e-06 0.0000000000000000e+00  8.8419856261901290e-04 -1.7076970407236884e+00 0.0000000000000000e+00  1.6298872478756532e-01 -1.7147348934109199e+00 0.0000000000000000e+00  3.3071954151749677e-01 -1.7203782006192032e+00 0.0000000000000000e+00  5.0892618113606192e-01 -1.7599416285799143e+00 0.0000000000000000e+00  7.0062021638069971e-01 -1.6924278096880325e+00 0.0000000000000000e+00  9.0344651241353768e-01 -1.9820377002880953e+00 0.0000000000000000e+00  1.1129006034210751e+00 -9.5894754244029312e-01 0.0000000000000000e+00  1.1312537491744035e+00 5.0475232699146617e-02 0.0000000000000000e+00  1.1415785257512898e+00 -1.7063371350481985e-01 0.0000000000000000e+00  1.1464123653231983e+00 -8.4323571274143541e-02 0.0000000000000000e+00  1.1473987769054663e+00 -8.0036195393051346e-02 0.0000000000000000e+00  1.1462432279732875e+00 -6.0002363136372722e-02 0.0000000000000000e+00  1.1440931773825276e+00 -4.8256100029095909e-02 0.0000000000000000e+00  1.1416239169435327e+00 -3.8024123203950211e-02 0.0000000000000000e+00  1.1391939610682917e+00 -3.0253871923944551e-02 0.0000000000000000e+00  1.1369714168941223e+00 -2.4084859713976191e-02 0.0000000000000000e+00  1.1350199859014349e+00 -1.9233718674609504e-02 0.0000000000000000e+00  1.1333489692075525e+00 -1.5386686310439057e-02 0.0000000000000000e+00  1.1319414515898523e+00 -1.2326597720715095e-02 0.0000000000000000e+00  1.1307695539129921e+00 -9.8810377063984368e-03 0.0000000000000000e+00  1.1298024297213105e+00 -7.9183041651898194e-03 0.0000000000000000e+00  1.1290102677257097e+00 -6.3356931823684527e-03 0.0000000000000000e+00  1.1283661275441716e+00 -5.0528015660701777e-03 0.0000000000000000e+00  1.1278466254573374e+00 -4.0060430769970545e-03 0.0000000000000000e+00  1.1274320320742452e+00 -3.1446455185562012e-03 0.0000000000000000e+00  1.1271060896628553e+00 -2.4275887243589839e-03 0.0000000000000000e+00  1.1268557187780786e+00 -1.8212535053299778e-03 0.0000000000000000e+00  1.1266706961238824e+00 -1.2975861578559361e-03 0.0000000000000000e+00  1.1265434085305701e+00 -8.3257832234125367e-04 0.0000000000000000e+00  1.1264684483338516e+00 -4.0521727511783501e-04 0.0000000000000000e+00  1.1264430973086530e+00 4.2284918915616597e-06 0.0000000000000000e+00  1.6393186914519500e-03 -1.8628406532832240e+00 0.0000000000000000e+00  1.5092201303217057e-01 -1.8740270464890094e+00 0.0000000000000000e+00  3.0905498842236367e-01 -1.8881800663197936e+00 0.0000000000000000e+00  4.8383586058331329e-01 -1.9479863096807315e+00 0.0000000000000000e+00  6.8210879948745629e-01 -1.8894487773958295e+00 0.0000000000000000e+00  9.0422688143824104e-01 -2.2292572067797787e+00 0.0000000000000000e+00  1.1431766424910963e+00 -1.0793437358676357e+00 0.0000000000000000e+00  1.1630050385772577e+00 6.1830591213367168e-02 0.0000000000000000e+00  1.1702698145517660e+00 -1.8253686020785842e-01 0.0000000000000000e+00  1.1703776620106516e+00 -8.2845175106265684e-02 0.0000000000000000e+00  1.1663264274985701e+00 -7.7964981280809559e-02 0.0000000000000000e+00  1.1609057466500285e+00 -5.6240502972084640e-02 0.0000000000000000e+00  1.1553722604154177e+00 -4.4455968465404012e-02 0.0000000000000000e+00  1.1503194566837194e+00 -3.4417574655762520e-02 0.0000000000000000e+00  1.1459322341330402e+00 -2.7066945392796374e-02 0.0000000000000000e+00  1.1422261900072141e+00 -2.1345543935231841e-02 0.0000000000000000e+00  1.1391440573937308e+00 -1.6926743874431421e-02 0.0000000000000000e+00  1.1366051495811234e+00 -1.3466955747702949e-02 0.0000000000000000e+00  1.1345267466913851e+00 -1.0742871322854482e-02 0.0000000000000000e+00  1.1328329901188510e+00 -8.5828218924968672e-03 0.0000000000000000e+00  1.1314578917908138e+00 -6.8599211272487486e-03 0.0000000000000000e+00  1.1303457032477793e+00 -5.4774454363862839e-03 0.0000000000000000e+00  1.1294501810948960e+00 -4.3611186182565273e-03 0.0000000000000000e+00  1.1287334701243055e+00 -3.4530733506979560e-03 0.0000000000000000e+00  1.1281649377464615e+00 -2.7076638962638629e-03 0.0000000000000000e+00  1.1277200993367762e+00 -2.0883735732314169e-03 0.0000000000000000e+00  1.1273796988771103e+00 -1.5655102223284562e-03 0.0000000000000000e+00  1.1271289486953333e+00 -1.1144477107299967e-03 0.0000000000000000e+00  1.1269569427006696e+00 -7.1423114837310770e-04 0.0000000000000000e+00  1.1268560807795907e+00 -3.4658279798168264e-04 0.0000000000000000e+00  1.1268223237715158e+00 5.6228439680110064e-06 0.0000000000000000e+00  2.5882550882171092e-03 -2.0014092977893085e+00 0.0000000000000000e+00  1.3019833060155511e-01 -2.0169817040546771e+00 0.0000000000000000e+00  2.7100522345388234e-01 -2.0450921951497185e+00 0.0000000000000000e+00  4.3399068919864575e-01 -2.1391553402538848e+00 0.0000000000000000e+00  6.3964278414694542e-01 -2.0943713942852620e+00 0.0000000000000000e+00  8.9257858511513122e-01 -2.5153544411246305e+00 0.0000000000000000e+00  1.1833261734453127e+00 -1.2256566214982494e+00 0.0000000000000000e+00  1.2055867432451299e+00 7.9174649619501686e-02 0.0000000000000000e+00  1.2070973039658233e+00 -1.8840653564646745e-01 0.0000000000000000e+00  1.1979073569467971e+00 -7.5051297419041263e-02 0.0000000000000000e+00  1.1865153980213408e+00 -7.0139637127232979e-02 0.0000000000000000e+00  1.1755301354480778e+00 -4.8292571973809387e-02 0.0000000000000000e+00  1.1661169005916237e+00 -3.7515036671694549e-02 0.0000000000000000e+00  1.1583214314894756e+00 -2.8524429524638545e-02 0.0000000000000000e+00  1.1519784813560254e+00 -2.2188993548292481e-02 0.0000000000000000e+00  1.1468534996860378e+00 -1.7346188225224782e-02 0.0000000000000000e+00  1.1427246656971903e+00 -1.3669246890252507e-02 0.0000000000000000e+00  1.1394019521568881e+00 -1.0822751337369155e-02 0.0000000000000000e+00  1.1367289810403978e+00 -8.6017842266645338e-03 0.0000000000000000e+00  1.1345794055934664e+00 -6.8525831384399051e-03 0.0000000000000000e+00  1.1328519628529350e+00 -5.4647724199230925e-03 0.0000000000000000e+00  1.1314658135980515e+00 -4.3557670675270716e-03 0.0000000000000000e+00  1.1303565795810089e+00 -3.4631730569681615e-03 0.0000000000000000e+00  1.1294731234628672e+00 -2.7389790171187872e-03 0.0000000000000000e+00  1.1287749899880444e+00 -2.1456950187103961e-03 0.0000000000000000e+00  1.1282303917829803e+00 -1.6535727991685728e-03 0.0000000000000000e+00  1.1278146629042041e+00 -1.2385716360389868e-03 0.0000000000000000e+00  1.1275090287689773e+00 -8.8087545326370688e-04 0.0000000000000000e+00  1.1272997315034019e+00 -5.6369703876382499e-04 0.0000000000000000e+00  1.1271773567255527e+00 -2.7236339176149675e-04 0.0000000000000000e+00  1.1271366927239213e+00 6.7770868971003134e-06 0.0000000000000000e+00  3.4284736161165983e-03 -2.1132745874341374e+00 0.0000000000000000e+00  9.8768933741003165e-02 -2.1327165058048800e+00 0.0000000000000000e+00  2.0922674570014213e-01 -2.1837133870218128e+00 0.0000000000000000e+00  3.4051081574061742e-01 -2.3115933511083782e+00 0.0000000000000000e+00  5.4628673659074001e-01 -2.3030498901100138e+00 0.0000000000000000e+00  8.1804961190304226e-01 -2.9051675506630561e+00 0.0000000000000000e+00  1.2359608728855132e+00 -1.4031918628415561e+00 0.0000000000000000e+00  1.2752675476649789e+00 1.1631558290708545e-01 0.0000000000000000e+00  1.2508629706951806e+00 -1.8907413227269457e-01 0.0000000000000000e+00  1.2281023689650823e+00 -5.3383203126844025e-02 0.0000000000000000e+00  1.2056203078540564e+00 -5.5967114050687203e-02 0.0000000000000000e+00  1.1885430760196052e+00 -3.5270309392084559e-02 0.0000000000000000e+00  1.1752002899694256e+00 -2.7410334676202505e-02 0.0000000000000000e+00  1.1648679616851167e+00 -2.0407389013457761e-02 0.0000000000000000e+00  1.1568118688688755e+00 -1.5760439817687929e-02 0.0000000000000000e+00  1.1504916151203872e+00 -1.2227310060466932e-02 0.0000000000000000e+00  1.1455058666728040e+00 -9.5898938541186599e-03 0.0000000000000000e+00  1.1415547467573604e+00 -7.5640651346231954e-03 0.0000000000000000e+00  1.1384125258187903e+00 -5.9950380512238137e-03 0.0000000000000000e+00  1.1359074813746566e+00 -4.7655222293224581e-03 0.0000000000000000e+00  1.1339077785009892e+00 -3.7939612999678177e-03 0.0000000000000000e+00  1.1323114411784021e+00 -3.0199583585717670e-03 0.0000000000000000e+00  1.1310391535728748e+00 -2.3984858659606605e-03 0.0000000000000000e+00  1.1300290326311819e+00 -1.8951959445570705e-03 0.0000000000000000e+00  1.1292327888601588e+00 -1.4834700031815273e-03 0.0000000000000000e+00  1.1286128800364157e+00 -1.1423084327228338e-03 0.0000000000000000e+00  1.1281404110090572e+00 -8.5481480742025768e-04 0.0000000000000000e+00  1.1277934922795705e+00 -6.0715330273363496e-04 0.0000000000000000e+00  1.1275563031220632e+00 -3.8748805088883195e-04 0.0000000000000000e+00  1.1274179277547107e+00 -1.8565105628590403e-04 0.0000000000000000e+00  1.1273720333270623e+00 7.6491752473844438e-06 0.0000000000000000e+00  4.3776091614034724e-03 -2.1863573525726427e+00 0.0000000000000000e+00  5.5784915985978040e-02 -2.2104185300102190e+00 0.0000000000000000e+00  1.1787974703799640e-01 -2.2850547278073874e+00 0.0000000000000000e+00  1.9584865633704787e-01 -2.4300876649228642e+00 0.0000000000000000e+00  3.7085371538994405e-01 -2.5625677222694558e+00 0.0000000000000000e+00  5.9548849791919323e-01 -3.3498007032814807e+00 0.0000000000000000e+00  1.4203035098584227e+00 -1.6729593430200334e+00 0.0000000000000000e+00  1.3471451287048015e+00 1.1022101017851706e-01 0.0000000000000000e+00  1.3089157699538996e+00 -1.2203859046725114e-01 0.0000000000000000e+00  1.2508636358109226e+00 -2.9825253197311680e-02 0.0000000000000000e+00  1.2202712495750647e+00 -3.0637501102513977e-02 0.0000000000000000e+00  1.1976167995652156e+00 -1.8550211191065570e-02 0.0000000000000000e+00  1.1813010073873274e+00 -1.4371699947455203e-02 0.0000000000000000e+00  1.1691572141669959e+00 -1.0554466368432051e-02 0.0000000000000000e+00  1.1599234306092057e+00 -8.1196738471600097e-03 0.0000000000000000e+00  1.1528063045428445e+00 -6.2699296169066955e-03 0.0000000000000000e+00  1.1472603751612531e+00 -4.9043323088910048e-03 0.0000000000000000e+00  1.1429044148369505e+00 -3.8597868547919061e-03 0.0000000000000000e+00  1.1394631306948946e+00 -3.0542501510479984e-03 0.0000000000000000e+00  1.1367333660225016e+00 -2.4247762033128848e-03 0.0000000000000000e+00  1.1345626100698447e+00 -1.9284695360228658e-03 0.0000000000000000e+00  1.1328348511087372e+00 -1.5337200907727536e-03 0.0000000000000000e+00  1.1314609984895057e+00 -1.2171410561468215e-03 0.0000000000000000e+00  1.1303722189557179e+00 -9.6097444952953335e-04 0.0000000000000000e+00  1.1295152034410385e+00 -7.5151383163782966e-04 0.0000000000000000e+00  1.1288487521044519e+00 -5.7797610531047812e-04 0.0000000000000000e+00  1.1283412867246028e+00 -4.3170811810687182e-04 0.0000000000000000e+00  1.1279689984079022e+00 -3.0563595333844867e-04 0.0000000000000000e+00  1.1277147677704020e+00 -1.9358883946639623e-04 0.0000000000000000e+00  1.1275661115337932e+00 -9.1052829834198232e-05 0.0000000000000000e+00  1.1275172767903512e+00 7.8027230067873261e-06 0.0000000000000000e+00  1.7243116108217979e-03 -2.2147568101233803e+00 0.0000000000000000e+00  5.1367995995253626e-03 -2.2381885451478341e+00 0.0000000000000000e+00  5.8895911954308031e-03 -2.3223875543717503e+00 0.0000000000000000e+00  9.7525825933637410e-03 -2.4744736769183739e+00 0.0000000000000000e+00  3.0390158902059622e-02 -2.7559862442093750e+00 0.0000000000000000e+00  -4.0565604394343320e-02 -3.3883526311326895e+00 0.0000000000000000e+00  9.8400339750650023e-01 -3.3353593329240625e+00 0.0000000000000000e+00  1.6389859899767132e+00 9.1140511022192372e-01 0.0000000000000000e+00  1.3006168795503505e+00 -2.1906202063703237e-01 0.0000000000000000e+00  1.2643466810637560e+00 5.4887814774987109e-02 0.0000000000000000e+00  1.2257162907504071e+00 -1.1162975932435733e-02 0.0000000000000000e+00  1.2008272068237631e+00 3.5276114288471778e-03 0.0000000000000000e+00  1.1834819084322696e+00 -3.1433223711702823e-04 0.0000000000000000e+00  1.1706505194303862e+00 4.5487448663218379e-04 0.0000000000000000e+00  1.1609989596238359e+00 1.4836255311714860e-04 0.0000000000000000e+00  1.1536013668438827e+00 1.5478596612892556e-04 0.0000000000000000e+00  1.1478602678338052e+00 1.0424270506186830e-04 0.0000000000000000e+00  1.1433644274286059e+00 8.2653757443557267e-05 0.0000000000000000e+00  1.1398203573869228e+00 6.3191527498476769e-05 0.0000000000000000e+00  1.1370136812874150e+00 4.9647079167447779e-05 0.0000000000000000e+00  1.1347845654996367e+00 3.9167813164484708e-05 0.0000000000000000e+00  1.1330120766625735e+00 3.1218447891343004e-05 0.0000000000000000e+00  1.1316037213973140e+00 2.5081939268741997e-05 0.0000000000000000e+00  1.1304882608682085e+00 2.0343722846935538e-05 0.0000000000000000e+00  1.1296106569999504e+00 1.6684562896465121e-05 0.0000000000000000e+00  1.1289284540046804e+00 1.3879248819214920e-05 0.0000000000000000e+00  1.1284091543231940e+00 1.1760278362106522e-05 0.0000000000000000e+00  1.1280283228993961e+00 1.0214454298374282e-05 0.0000000000000000e+00  1.1277682111164584e+00 9.1719464265588502e-06 0.0000000000000000e+00  1.1276163596204098e+00 8.1823040619870083e-06 0.0000000000000000e+00  1.1275692824929133e+00 1.0647680067877263e-05 0.0000000000000000e+00  </DataArray> 
</PointData> 
</Piece>
</UnstructuredGrid>
</VTKFile>