<?xml version="1.0"?>
<VTKFile type="UnstructuredGrid"  version="0.1"  >
<UnstructuredGrid>
<Piece  NumberOfPoints="6561" NumberOfCells="12800">
<Points>
<DataArray  type="Float64"  NumberOfComponents="3"  format="ascii">0 0 0  0.025 0 0  0.05 0 0  0.075 0 0  0.1 0 0  0.125 0 0  0.15 0 0  0.175 0 0  0.2 0 0  0.225 0 0  0.25 0 0  0.275 0 0  0.3 0 0  0.325 0 0  0.35 0 0  0.375 0 0  0.4 0 0  0.425 0 0  0.45 0 0  0.475 0 0  0.5 0 0  0.525 0 0  0.55 0 0  0.575 0 0  0.6 0 0  0.625 0 0  0.65 0 0  0.675 0 0  0.7 0 0  0.725 0 0  0.75 0 0  0.775 0 0  0.8 0 0  0.825 0 0  0.85 0 0  0.875 0 0  0.9 0 0  0.925 0 0  0.95 0 0  0.975 0 0  1 0 0  1.025 0 0  1.05 0 0  1.075 0 0  1.1 0 0  1.125 0 0  1.15 0 0  1.175 0 0  1.2 0 0  1.225 0 0  1.25 0 0  1.275 0 0  1.3 0 0  1.325 0 0  1.35 0 0  1.375 0 0  1.4 0 0  1.425 0 0  1.45 0 0  1.475 0 0  1.5 0 0  1.525 0 0  1.55 0 0  1.575 0 0  1.6 0 0  1.625 0 0  1.65 0 0  1.675 0 0  1.7 0 0  1.725 0 0  1.75 0 0  1.775 0 0  1.8 0 0  1.825 0 0  1.85 0 0  1.875 0 0  1.9 0 0  1.925 0 0  1.95 0 0  1.975 0 0  2 0 0  0 0.0125 0  0.025 0.0125 0  0.05 0.0125 0  0.075 0.0125 0  0.1 0.0125 0  0.125 0.0125 0  0.15 0.0125 0  0.175 0.0125 0  0.2 0.0125 0  0.225 0.0125 0  0.25 0.0125 0  0.275 0.0125 0  0.3 0.0125 0  0.325 0.0125 0  0.35 0.0125 0  0.375 0.0125 0  0.4 0.0125 0  0.425 0.0125 0  0.45 0.0125 0  0.475 0.0125 0  0.5 0.0125 0  0.525 0.0125 0  0.55 0.0125 0  0.575 0.0125 0  0.6 0.0125 0  0.625 0.0125 0  0.65 0.0125 0  0.675 0.0125 0  0.7 0.0125 0  0.725 0.0125 0  0.75 0.0125 0  0.775 0.0125 0  0.8 0.0125 0  0.825 0.0125 0  0.85 0.0125 0  0.875 0.0125 0  0.9 0.0125 0  0.925 0.0125 0  0.95 0.0125 0  0.975 0.0125 0  1 0.0125 0  1.025 0.0125 0  1.05 0.0125 0  1.075 0.0125 0  1.1 0.0125 0  1.125 0.0125 0  1.15 0.0125 0  1.175 0.0125 0  1.2 0.0125 0  1.225 0.0125 0  1.25 0.0125 0  1.275 0.0125 0  1.3 0.0125 0  1.325 0.0125 0  1.35 0.0125 0  1.375 0.0125 0  1.4 0.0125 0  1.425 0.0125 0  1.45 0.0125 0  1.475 0.0125 0  1.5 0.0125 0  1.525 0.0125 0  1.55 0.0125 0  1.575 0.0125 0  1.6 0.0125 0  1.625 0.0125 0  1.65 0.0125 0  1.675 0.0125 0  1.7 0.0125 0  1.725 0.0125 0  1.75 0.0125 0  1.775 0.0125 0  1.8 0.0125 0  1.825 0.0125 0  1.85 0.0125 0  1.875 0.0125 0  1.9 0.0125 0  1.925 0.0125 0  1.95 0.0125 0  1.975 0.0125 0  2 0.0125 0  0 0.025 0  0.025 0.025 0  0.05 0.025 0  0.075 0.025 0  0.1 0.025 0  0.125 0.025 0  0.15 0.025 0  0.175 0.025 0  0.2 0.025 0  0.225 0.025 0  0.25 0.025 0  0.275 0.025 0  0.3 0.025 0  0.325 0.025 0  0.35 0.025 0  0.375 0.025 0  0.4 0.025 0  0.425 0.025 0  0.45 0.025 0  0.475 0.025 0  0.5 0.025 0  0.525 0.025 0  0.55 0.025 0  0.575 0.025 0  0.6 0.025 0  0.625 0.025 0  0.65 0.025 0  0.675 0.025 0  0.7 0.025 0  0.725 0.025 0  0.75 0.025 0  0.775 0.025 0  0.8 0.025 0  0.825 0.025 0  0.85 0.025 0  0.875 0.025 0  0.9 0.025 0  0.925 0.025 0  0.95 0.025 0  0.975 0.025 0  1 0.025 0  1.025 0.025 0  1.05 0.025 0  1.075 0.025 0  1.1 0.025 0  1.125 0.025 0  1.15 0.025 0  1.175 0.025 0  1.2 0.025 0  1.225 0.025 0  1.25 0.025 0  1.275 0.025 0  1.3 0.025 0  1.325 0.025 0  1.35 0.025 0  1.375 0.025 0  1.4 0.025 0  1.425 0.025 0  1.45 0.025 0  1.475 0.025 0  1.5 0.025 0  1.525 0.025 0  1.55 0.025 0  1.575 0.025 0  1.6 0.025 0  1.625 0.025 0  1.65 0.025 0  1.675 0.025 0  1.7 0.025 0  1.725 0.025 0  1.75 0.025 0  1.775 0.025 0  1.8 0.025 0  1.825 0.025 0  1.85 0.025 0  1.875 0.025 0  1.9 0.025 0  1.925 0.025 0  1.95 0.025 0  1.975 0.025 0  2 0.025 0  0 0.0375 0  0.025 0.0375 0  0.05 0.0375 0  0.075 0.0375 0  0.1 0.0375 0  0.125 0.0375 0  0.15 0.0375 0  0.175 0.0375 0  0.2 0.0375 0  0.225 0.0375 0  0.25 0.0375 0  0.275 0.0375 0  0.3 0.0375 0  0.325 0.0375 0  0.35 0.0375 0  0.375 0.0375 0  0.4 0.0375 0  0.425 0.0375 0  0.45 0.0375 0  0.475 0.0375 0  0.5 0.0375 0  0.525 0.0375 0  0.55 0.0375 0  0.575 0.0375 0  0.6 0.0375 0  0.625 0.0375 0  0.65 0.0375 0  0.675 0.0375 0  0.7 0.0375 0  0.725 0.0375 0  0.75 0.0375 0  0.775 0.0375 0  0.8 0.0375 0  0.825 0.0375 0  0.85 0.0375 0  0.875 0.0375 0  0.9 0.0375 0  0.925 0.0375 0  0.95 0.0375 0  0.975 0.0375 0  1 0.0375 0  1.025 0.0375 0  1.05 0.0375 0  1.075 0.0375 0  1.1 0.0375 0  1.125 0.0375 0  1.15 0.0375 0  1.175 0.0375 0  1.2 0.0375 0  1.225 0.0375 0  1.25 0.0375 0  1.275 0.0375 0  1.3 0.0375 0  1.325 0.0375 0  1.35 0.0375 0  1.375 0.0375 0  1.4 0.0375 0  1.425 0.0375 0  1.45 0.0375 0  1.475 0.0375 0  1.5 0.0375 0  1.525 0.0375 0  1.55 0.0375 0  1.575 0.0375 0  1.6 0.0375 0  1.625 0.0375 0  1.65 0.0375 0  1.675 0.0375 0  1.7 0.0375 0  1.725 0.0375 0  1.75 0.0375 0  1.775 0.0375 0  1.8 0.0375 0  1.825 0.0375 0  1.85 0.0375 0  1.875 0.0375 0  1.9 0.0375 0  1.925 0.0375 0  1.95 0.0375 0  1.975 0.0375 0  2 0.0375 0  0 0.05 0  0.025 0.05 0  0.05 0.05 0  0.075 0.05 0  0.1 0.05 0  0.125 0.05 0  0.15 0.05 0  0.175 0.05 0  0.2 0.05 0  0.225 0.05 0  0.25 0.05 0  0.275 0.05 0  0.3 0.05 0  0.325 0.05 0  0.35 0.05 0  0.375 0.05 0  0.4 0.05 0  0.425 0.05 0  0.45 0.05 0  0.475 0.05 0  0.5 0.05 0  0.525 0.05 0  0.55 0.05 0  0.575 0.05 0  0.6 0.05 0  0.625 0.05 0  0.65 0.05 0  0.675 0.05 0  0.7 0.05 0  0.725 0.05 0  0.75 0.05 0  0.775 0.05 0  0.8 0.05 0  0.825 0.05 0  0.85 0.05 0  0.875 0.05 0  0.9 0.05 0  0.925 0.05 0  0.95 0.05 0  0.975 0.05 0  1 0.05 0  1.025 0.05 0  1.05 0.05 0  1.075 0.05 0  1.1 0.05 0  1.125 0.05 0  1.15 0.05 0  1.175 0.05 0  1.2 0.05 0  1.225 0.05 0  1.25 0.05 0  1.275 0.05 0  1.3 0.05 0  1.325 0.05 0  1.35 0.05 0  1.375 0.05 0  1.4 0.05 0  1.425 0.05 0  1.45 0.05 0  1.475 0.05 0  1.5 0.05 0  1.525 0.05 0  1.55 0.05 0  1.575 0.05 0  1.6 0.05 0  1.625 0.05 0  1.65 0.05 0  1.675 0.05 0  1.7 0.05 0  1.725 0.05 0  1.75 0.05 0  1.775 0.05 0  1.8 0.05 0  1.825 0.05 0  1.85 0.05 0  1.875 0.05 0  1.9 0.05 0  1.925 0.05 0  1.95 0.05 0  1.975 0.05 0  2 0.05 0  0 0.0625 0  0.025 0.0625 0  0.05 0.0625 0  0.075 0.0625 0  0.1 0.0625 0  0.125 0.0625 0  0.15 0.0625 0  0.175 0.0625 0  0.2 0.0625 0  0.225 0.0625 0  0.25 0.0625 0  0.275 0.0625 0  0.3 0.0625 0  0.325 0.0625 0  0.35 0.0625 0  0.375 0.0625 0  0.4 0.0625 0  0.425 0.0625 0  0.45 0.0625 0  0.475 0.0625 0  0.5 0.0625 0  0.525 0.0625 0  0.55 0.0625 0  0.575 0.0625 0  0.6 0.0625 0  0.625 0.0625 0  0.65 0.0625 0  0.675 0.0625 0  0.7 0.0625 0  0.725 0.0625 0  0.75 0.0625 0  0.775 0.0625 0  0.8 0.0625 0  0.825 0.0625 0  0.85 0.0625 0  0.875 0.0625 0  0.9 0.0625 0  0.925 0.0625 0  0.95 0.0625 0  0.975 0.0625 0  1 0.0625 0  1.025 0.0625 0  1.05 0.0625 0  1.075 0.0625 0  1.1 0.0625 0  1.125 0.0625 0  1.15 0.0625 0  1.175 0.0625 0  1.2 0.0625 0  1.225 0.0625 0  1.25 0.0625 0  1.275 0.0625 0  1.3 0.0625 0  1.325 0.0625 0  1.35 0.0625 0  1.375 0.0625 0  1.4 0.0625 0  1.425 0.0625 0  1.45 0.0625 0  1.475 0.0625 0  1.5 0.0625 0  1.525 0.0625 0  1.55 0.0625 0  1.575 0.0625 0  1.6 0.0625 0  1.625 0.0625 0  1.65 0.0625 0  1.675 0.0625 0  1.7 0.0625 0  1.725 0.0625 0  1.75 0.0625 0  1.775 0.0625 0  1.8 0.0625 0  1.825 0.0625 0  1.85 0.0625 0  1.875 0.0625 0  1.9 0.0625 0  1.925 0.0625 0  1.95 0.0625 0  1.975 0.0625 0  2 0.0625 0  0 0.075 0  0.025 0.075 0  0.05 0.075 0  0.075 0.075 0  0.1 0.075 0  0.125 0.075 0  0.15 0.075 0  0.175 0.075 0  0.2 0.075 0  0.225 0.075 0  0.25 0.075 0  0.275 0.075 0  0.3 0.075 0  0.325 0.075 0  0.35 0.075 0  0.375 0.075 0  0.4 0.075 0  0.425 0.075 0  0.45 0.075 0  0.475 0.075 0  0.5 0.075 0  0.525 0.075 0  0.55 0.075 0  0.575 0.075 0  0.6 0.075 0  0.625 0.075 0  0.65 0.075 0  0.675 0.075 0  0.7 0.075 0  0.725 0.075 0  0.75 0.075 0  0.775 0.075 0  0.8 0.075 0  0.825 0.075 0  0.85 0.075 0  0.875 0.075 0  0.9 0.075 0  0.925 0.075 0  0.95 0.075 0  0.975 0.075 0  1 0.075 0  1.025 0.075 0  1.05 0.075 0  1.075 0.075 0  1.1 0.075 0  1.125 0.075 0  1.15 0.075 0  1.175 0.075 0  1.2 0.075 0  1.225 0.075 0  1.25 0.075 0  1.275 0.075 0  1.3 0.075 0  1.325 0.075 0  1.35 0.075 0  1.375 0.075 0  1.4 0.075 0  1.425 0.075 0  1.45 0.075 0  1.475 0.075 0  1.5 0.075 0  1.525 0.075 0  1.55 0.075 0  1.575 0.075 0  1.6 0.075 0  1.625 0.075 0  1.65 0.075 0  1.675 0.075 0  1.7 0.075 0  1.725 0.075 0  1.75 0.075 0  1.775 0.075 0  1.8 0.075 0  1.825 0.075 0  1.85 0.075 0  1.875 0.075 0  1.9 0.075 0  1.925 0.075 0  1.95 0.075 0  1.975 0.075 0  2 0.075 0  0 0.08749999999999999 0  0.025 0.08749999999999999 0  0.05 0.08749999999999999 0  0.075 0.08749999999999999 0  0.1 0.08749999999999999 0  0.125 0.08749999999999999 0  0.15 0.08749999999999999 0  0.175 0.08749999999999999 0  0.2 0.08749999999999999 0  0.225 0.08749999999999999 0  0.25 0.08749999999999999 0  0.275 0.08749999999999999 0  0.3 0.08749999999999999 0  0.325 0.08749999999999999 0  0.35 0.08749999999999999 0  0.375 0.08749999999999999 0  0.4 0.08749999999999999 0  0.425 0.08749999999999999 0  0.45 0.08749999999999999 0  0.475 0.08749999999999999 0  0.5 0.08749999999999999 0  0.525 0.08749999999999999 0  0.55 0.08749999999999999 0  0.575 0.08749999999999999 0  0.6 0.08749999999999999 0  0.625 0.08749999999999999 0  0.65 0.08749999999999999 0  0.675 0.08749999999999999 0  0.7 0.08749999999999999 0  0.725 0.08749999999999999 0  0.75 0.08749999999999999 0  0.775 0.08749999999999999 0  0.8 0.08749999999999999 0  0.825 0.08749999999999999 0  0.85 0.08749999999999999 0  0.875 0.08749999999999999 0  0.9 0.08749999999999999 0  0.925 0.08749999999999999 0  0.95 0.08749999999999999 0  0.975 0.08749999999999999 0  1 0.08749999999999999 0  1.025 0.08749999999999999 0  1.05 0.08749999999999999 0  1.075 0.08749999999999999 0  1.1 0.08749999999999999 0  1.125 0.08749999999999999 0  1.15 0.08749999999999999 0  1.175 0.08749999999999999 0  1.2 0.08749999999999999 0  1.225 0.08749999999999999 0  1.25 0.08749999999999999 0  1.275 0.08749999999999999 0  1.3 0.08749999999999999 0  1.325 0.08749999999999999 0  1.35 0.08749999999999999 0  1.375 0.08749999999999999 0  1.4 0.08749999999999999 0  1.425 0.08749999999999999 0  1.45 0.08749999999999999 0  1.475 0.08749999999999999 0  1.5 0.08749999999999999 0  1.525 0.08749999999999999 0  1.55 0.08749999999999999 0  1.575 0.08749999999999999 0  1.6 0.08749999999999999 0  1.625 0.08749999999999999 0  1.65 0.08749999999999999 0  1.675 0.08749999999999999 0  1.7 0.08749999999999999 0  1.725 0.08749999999999999 0  1.75 0.08749999999999999 0  1.775 0.08749999999999999 0  1.8 0.08749999999999999 0  1.825 0.08749999999999999 0  1.85 0.08749999999999999 0  1.875 0.08749999999999999 0  1.9 0.08749999999999999 0  1.925 0.08749999999999999 0  1.95 0.08749999999999999 0  1.975 0.08749999999999999 0  2 0.08749999999999999 0  0 0.1 0  0.025 0.1 0  0.05 0.1 0  0.075 0.1 0  0.1 0.1 0  0.125 0.1 0  0.15 0.1 0  0.175 0.1 0  0.2 0.1 0  0.225 0.1 0  0.25 0.1 0  0.275 0.1 0  0.3 0.1 0  0.325 0.1 0  0.35 0.1 0  0.375 0.1 0  0.4 0.1 0  0.425 0.1 0  0.45 0.1 0  0.475 0.1 0  0.5 0.1 0  0.525 0.1 0  0.55 0.1 0  0.575 0.1 0  0.6 0.1 0  0.625 0.1 0  0.65 0.1 0  0.675 0.1 0  0.7 0.1 0  0.725 0.1 0  0.75 0.1 0  0.775 0.1 0  0.8 0.1 0  0.825 0.1 0  0.85 0.1 0  0.875 0.1 0  0.9 0.1 0  0.925 0.1 0  0.95 0.1 0  0.975 0.1 0  1 0.1 0  1.025 0.1 0  1.05 0.1 0  1.075 0.1 0  1.1 0.1 0  1.125 0.1 0  1.15 0.1 0  1.175 0.1 0  1.2 0.1 0  1.225 0.1 0  1.25 0.1 0  1.275 0.1 0  1.3 0.1 0  1.325 0.1 0  1.35 0.1 0  1.375 0.1 0  1.4 0.1 0  1.425 0.1 0  1.45 0.1 0  1.475 0.1 0  1.5 0.1 0  1.525 0.1 0  1.55 0.1 0  1.575 0.1 0  1.6 0.1 0  1.625 0.1 0  1.65 0.1 0  1.675 0.1 0  1.7 0.1 0  1.725 0.1 0  1.75 0.1 0  1.775 0.1 0  1.8 0.1 0  1.825 0.1 0  1.85 0.1 0  1.875 0.1 0  1.9 0.1 0  1.925 0.1 0  1.95 0.1 0  1.975 0.1 0  2 0.1 0  0 0.1125 0  0.025 0.1125 0  0.05 0.1125 0  0.075 0.1125 0  0.1 0.1125 0  0.125 0.1125 0  0.15 0.1125 0  0.175 0.1125 0  0.2 0.1125 0  0.225 0.1125 0  0.25 0.1125 0  0.275 0.1125 0  0.3 0.1125 0  0.325 0.1125 0  0.35 0.1125 0  0.375 0.1125 0  0.4 0.1125 0  0.425 0.1125 0  0.45 0.1125 0  0.475 0.1125 0  0.5 0.1125 0  0.525 0.1125 0  0.55 0.1125 0  0.575 0.1125 0  0.6 0.1125 0  0.625 0.1125 0  0.65 0.1125 0  0.675 0.1125 0  0.7 0.1125 0  0.725 0.1125 0  0.75 0.1125 0  0.775 0.1125 0  0.8 0.1125 0  0.825 0.1125 0  0.85 0.1125 0  0.875 0.1125 0  0.9 0.1125 0  0.925 0.1125 0  0.95 0.1125 0  0.975 0.1125 0  1 0.1125 0  1.025 0.1125 0  1.05 0.1125 0  1.075 0.1125 0  1.1 0.1125 0  1.125 0.1125 0  1.15 0.1125 0  1.175 0.1125 0  1.2 0.1125 0  1.225 0.1125 0  1.25 0.1125 0  1.275 0.1125 0  1.3 0.1125 0  1.325 0.1125 0  1.35 0.1125 0  1.375 0.1125 0  1.4 0.1125 0  1.425 0.1125 0  1.45 0.1125 0  1.475 0.1125 0  1.5 0.1125 0  1.525 0.1125 0  1.55 0.1125 0  1.575 0.1125 0  1.6 0.1125 0  1.625 0.1125 0  1.65 0.1125 0  1.675 0.1125 0  1.7 0.1125 0  1.725 0.1125 0  1.75 0.1125 0  1.775 0.1125 0  1.8 0.1125 0  1.825 0.1125 0  1.85 0.1125 0  1.875 0.1125 0  1.9 0.1125 0  1.925 0.1125 0  1.95 0.1125 0  1.975 0.1125 0  2 0.1125 0  0 0.125 0  0.025 0.125 0  0.05 0.125 0  0.075 0.125 0  0.1 0.125 0  0.125 0.125 0  0.15 0.125 0  0.175 0.125 0  0.2 0.125 0  0.225 0.125 0  0.25 0.125 0  0.275 0.125 0  0.3 0.125 0  0.325 0.125 0  0.35 0.125 0  0.375 0.125 0  0.4 0.125 0  0.425 0.125 0  0.45 0.125 0  0.475 0.125 0  0.5 0.125 0  0.525 0.125 0  0.55 0.125 0  0.575 0.125 0  0.6 0.125 0  0.625 0.125 0  0.65 0.125 0  0.675 0.125 0  0.7 0.125 0  0.725 0.125 0  0.75 0.125 0  0.775 0.125 0  0.8 0.125 0  0.825 0.125 0  0.85 0.125 0  0.875 0.125 0  0.9 0.125 0  0.925 0.125 0  0.95 0.125 0  0.975 0.125 0  1 0.125 0  1.025 0.125 0  1.05 0.125 0  1.075 0.125 0  1.1 0.125 0  1.125 0.125 0  1.15 0.125 0  1.175 0.125 0  1.2 0.125 0  1.225 0.125 0  1.25 0.125 0  1.275 0.125 0  1.3 0.125 0  1.325 0.125 0  1.35 0.125 0  1.375 0.125 0  1.4 0.125 0  1.425 0.125 0  1.45 0.125 0  1.475 0.125 0  1.5 0.125 0  1.525 0.125 0  1.55 0.125 0  1.575 0.125 0  1.6 0.125 0  1.625 0.125 0  1.65 0.125 0  1.675 0.125 0  1.7 0.125 0  1.725 0.125 0  1.75 0.125 0  1.775 0.125 0  1.8 0.125 0  1.825 0.125 0  1.85 0.125 0  1.875 0.125 0  1.9 0.125 0  1.925 0.125 0  1.95 0.125 0  1.975 0.125 0  2 0.125 0  0 0.1375 0  0.025 0.1375 0  0.05 0.1375 0  0.075 0.1375 0  0.1 0.1375 0  0.125 0.1375 0  0.15 0.1375 0  0.175 0.1375 0  0.2 0.1375 0  0.225 0.1375 0  0.25 0.1375 0  0.275 0.1375 0  0.3 0.1375 0  0.325 0.1375 0  0.35 0.1375 0  0.375 0.1375 0  0.4 0.1375 0  0.425 0.1375 0  0.45 0.1375 0  0.475 0.1375 0  0.5 0.1375 0  0.525 0.1375 0  0.55 0.1375 0  0.575 0.1375 0  0.6 0.1375 0  0.625 0.1375 0  0.65 0.1375 0  0.675 0.1375 0  0.7 0.1375 0  0.725 0.1375 0  0.75 0.1375 0  0.775 0.1375 0  0.8 0.1375 0  0.825 0.1375 0  0.85 0.1375 0  0.875 0.1375 0  0.9 0.1375 0  0.925 0.1375 0  0.95 0.1375 0  0.975 0.1375 0  1 0.1375 0  1.025 0.1375 0  1.05 0.1375 0  1.075 0.1375 0  1.1 0.1375 0  1.125 0.1375 0  1.15 0.1375 0  1.175 0.1375 0  1.2 0.1375 0  1.225 0.1375 0  1.25 0.1375 0  1.275 0.1375 0  1.3 0.1375 0  1.325 0.1375 0  1.35 0.1375 0  1.375 0.1375 0  1.4 0.1375 0  1.425 0.1375 0  1.45 0.1375 0  1.475 0.1375 0  1.5 0.1375 0  1.525 0.1375 0  1.55 0.1375 0  1.575 0.1375 0  1.6 0.1375 0  1.625 0.1375 0  1.65 0.1375 0  1.675 0.1375 0  1.7 0.1375 0  1.725 0.1375 0  1.75 0.1375 0  1.775 0.1375 0  1.8 0.1375 0  1.825 0.1375 0  1.85 0.1375 0  1.875 0.1375 0  1.9 0.1375 0  1.925 0.1375 0  1.95 0.1375 0  1.975 0.1375 0  2 0.1375 0  0 0.15 0  0.025 0.15 0  0.05 0.15 0  0.075 0.15 0  0.1 0.15 0  0.125 0.15 0  0.15 0.15 0  0.175 0.15 0  0.2 0.15 0  0.225 0.15 0  0.25 0.15 0  0.275 0.15 0  0.3 0.15 0  0.325 0.15 0  0.35 0.15 0  0.375 0.15 0  0.4 0.15 0  0.425 0.15 0  0.45 0.15 0  0.475 0.15 0  0.5 0.15 0  0.525 0.15 0  0.55 0.15 0  0.575 0.15 0  0.6 0.15 0  0.625 0.15 0  0.65 0.15 0  0.675 0.15 0  0.7 0.15 0  0.725 0.15 0  0.75 0.15 0  0.775 0.15 0  0.8 0.15 0  0.825 0.15 0  0.85 0.15 0  0.875 0.15 0  0.9 0.15 0  0.925 0.15 0  0.95 0.15 0  0.975 0.15 0  1 0.15 0  1.025 0.15 0  1.05 0.15 0  1.075 0.15 0  1.1 0.15 0  1.125 0.15 0  1.15 0.15 0  1.175 0.15 0  1.2 0.15 0  1.225 0.15 0  1.25 0.15 0  1.275 0.15 0  1.3 0.15 0  1.325 0.15 0  1.35 0.15 0  1.375 0.15 0  1.4 0.15 0  1.425 0.15 0  1.45 0.15 0  1.475 0.15 0  1.5 0.15 0  1.525 0.15 0  1.55 0.15 0  1.575 0.15 0  1.6 0.15 0  1.625 0.15 0  1.65 0.15 0  1.675 0.15 0  1.7 0.15 0  1.725 0.15 0  1.75 0.15 0  1.775 0.15 0  1.8 0.15 0  1.825 0.15 0  1.85 0.15 0  1.875 0.15 0  1.9 0.15 0  1.925 0.15 0  1.95 0.15 0  1.975 0.15 0  2 0.15 0  0 0.1625 0  0.025 0.1625 0  0.05 0.1625 0  0.075 0.1625 0  0.1 0.1625 0  0.125 0.1625 0  0.15 0.1625 0  0.175 0.1625 0  0.2 0.1625 0  0.225 0.1625 0  0.25 0.1625 0  0.275 0.1625 0  0.3 0.1625 0  0.325 0.1625 0  0.35 0.1625 0  0.375 0.1625 0  0.4 0.1625 0  0.425 0.1625 0  0.45 0.1625 0  0.475 0.1625 0  0.5 0.1625 0  0.525 0.1625 0  0.55 0.1625 0  0.575 0.1625 0  0.6 0.1625 0  0.625 0.1625 0  0.65 0.1625 0  0.675 0.1625 0  0.7 0.1625 0  0.725 0.1625 0  0.75 0.1625 0  0.775 0.1625 0  0.8 0.1625 0  0.825 0.1625 0  0.85 0.1625 0  0.875 0.1625 0  0.9 0.1625 0  0.925 0.1625 0  0.95 0.1625 0  0.975 0.1625 0  1 0.1625 0  1.025 0.1625 0  1.05 0.1625 0  1.075 0.1625 0  1.1 0.1625 0  1.125 0.1625 0  1.15 0.1625 0  1.175 0.1625 0  1.2 0.1625 0  1.225 0.1625 0  1.25 0.1625 0  1.275 0.1625 0  1.3 0.1625 0  1.325 0.1625 0  1.35 0.1625 0  1.375 0.1625 0  1.4 0.1625 0  1.425 0.1625 0  1.45 0.1625 0  1.475 0.1625 0  1.5 0.1625 0  1.525 0.1625 0  1.55 0.1625 0  1.575 0.1625 0  1.6 0.1625 0  1.625 0.1625 0  1.65 0.1625 0  1.675 0.1625 0  1.7 0.1625 0  1.725 0.1625 0  1.75 0.1625 0  1.775 0.1625 0  1.8 0.1625 0  1.825 0.1625 0  1.85 0.1625 0  1.875 0.1625 0  1.9 0.1625 0  1.925 0.1625 0  1.95 0.1625 0  1.975 0.1625 0  2 0.1625 0  0 0.175 0  0.025 0.175 0  0.05 0.175 0  0.075 0.175 0  0.1 0.175 0  0.125 0.175 0  0.15 0.175 0  0.175 0.175 0  0.2 0.175 0  0.225 0.175 0  0.25 0.175 0  0.275 0.175 0  0.3 0.175 0  0.325 0.175 0  0.35 0.175 0  0.375 0.175 0  0.4 0.175 0  0.425 0.175 0  0.45 0.175 0  0.475 0.175 0  0.5 0.175 0  0.525 0.175 0  0.55 0.175 0  0.575 0.175 0  0.6 0.175 0  0.625 0.175 0  0.65 0.175 0  0.675 0.175 0  0.7 0.175 0  0.725 0.175 0  0.75 0.175 0  0.775 0.175 0  0.8 0.175 0  0.825 0.175 0  0.85 0.175 0  0.875 0.175 0  0.9 0.175 0  0.925 0.175 0  0.95 0.175 0  0.975 0.175 0  1 0.175 0  1.025 0.175 0  1.05 0.175 0  1.075 0.175 0  1.1 0.175 0  1.125 0.175 0  1.15 0.175 0  1.175 0.175 0  1.2 0.175 0  1.225 0.175 0  1.25 0.175 0  1.275 0.175 0  1.3 0.175 0  1.325 0.175 0  1.35 0.175 0  1.375 0.175 0  1.4 0.175 0  1.425 0.175 0  1.45 0.175 0  1.475 0.175 0  1.5 0.175 0  1.525 0.175 0  1.55 0.175 0  1.575 0.175 0  1.6 0.175 0  1.625 0.175 0  1.65 0.175 0  1.675 0.175 0  1.7 0.175 0  1.725 0.175 0  1.75 0.175 0  1.775 0.175 0  1.8 0.175 0  1.825 0.175 0  1.85 0.175 0  1.875 0.175 0  1.9 0.175 0  1.925 0.175 0  1.95 0.175 0  1.975 0.175 0  2 0.175 0  0 0.1875 0  0.025 0.1875 0  0.05 0.1875 0  0.075 0.1875 0  0.1 0.1875 0  0.125 0.1875 0  0.15 0.1875 0  0.175 0.1875 0  0.2 0.1875 0  0.225 0.1875 0  0.25 0.1875 0  0.275 0.1875 0  0.3 0.1875 0  0.325 0.1875 0  0.35 0.1875 0  0.375 0.1875 0  0.4 0.1875 0  0.425 0.1875 0  0.45 0.1875 0  0.475 0.1875 0  0.5 0.1875 0  0.525 0.1875 0  0.55 0.1875 0  0.575 0.1875 0  0.6 0.1875 0  0.625 0.1875 0  0.65 0.1875 0  0.675 0.1875 0  0.7 0.1875 0  0.725 0.1875 0  0.75 0.1875 0  0.775 0.1875 0  0.8 0.1875 0  0.825 0.1875 0  0.85 0.1875 0  0.875 0.1875 0  0.9 0.1875 0  0.925 0.1875 0  0.95 0.1875 0  0.975 0.1875 0  1 0.1875 0  1.025 0.1875 0  1.05 0.1875 0  1.075 0.1875 0  1.1 0.1875 0  1.125 0.1875 0  1.15 0.1875 0  1.175 0.1875 0  1.2 0.1875 0  1.225 0.1875 0  1.25 0.1875 0  1.275 0.1875 0  1.3 0.1875 0  1.325 0.1875 0  1.35 0.1875 0  1.375 0.1875 0  1.4 0.1875 0  1.425 0.1875 0  1.45 0.1875 0  1.475 0.1875 0  1.5 0.1875 0  1.525 0.1875 0  1.55 0.1875 0  1.575 0.1875 0  1.6 0.1875 0  1.625 0.1875 0  1.65 0.1875 0  1.675 0.1875 0  1.7 0.1875 0  1.725 0.1875 0  1.75 0.1875 0  1.775 0.1875 0  1.8 0.1875 0  1.825 0.1875 0  1.85 0.1875 0  1.875 0.1875 0  1.9 0.1875 0  1.925 0.1875 0  1.95 0.1875 0  1.975 0.1875 0  2 0.1875 0  0 0.2 0  0.025 0.2 0  0.05 0.2 0  0.075 0.2 0  0.1 0.2 0  0.125 0.2 0  0.15 0.2 0  0.175 0.2 0  0.2 0.2 0  0.225 0.2 0  0.25 0.2 0  0.275 0.2 0  0.3 0.2 0  0.325 0.2 0  0.35 0.2 0  0.375 0.2 0  0.4 0.2 0  0.425 0.2 0  0.45 0.2 0  0.475 0.2 0  0.5 0.2 0  0.525 0.2 0  0.55 0.2 0  0.575 0.2 0  0.6 0.2 0  0.625 0.2 0  0.65 0.2 0  0.675 0.2 0  0.7 0.2 0  0.725 0.2 0  0.75 0.2 0  0.775 0.2 0  0.8 0.2 0  0.825 0.2 0  0.85 0.2 0  0.875 0.2 0  0.9 0.2 0  0.925 0.2 0  0.95 0.2 0  0.975 0.2 0  1 0.2 0  1.025 0.2 0  1.05 0.2 0  1.075 0.2 0  1.1 0.2 0  1.125 0.2 0  1.15 0.2 0  1.175 0.2 0  1.2 0.2 0  1.225 0.2 0  1.25 0.2 0  1.275 0.2 0  1.3 0.2 0  1.325 0.2 0  1.35 0.2 0  1.375 0.2 0  1.4 0.2 0  1.425 0.2 0  1.45 0.2 0  1.475 0.2 0  1.5 0.2 0  1.525 0.2 0  1.55 0.2 0  1.575 0.2 0  1.6 0.2 0  1.625 0.2 0  1.65 0.2 0  1.675 0.2 0  1.7 0.2 0  1.725 0.2 0  1.75 0.2 0  1.775 0.2 0  1.8 0.2 0  1.825 0.2 0  1.85 0.2 0  1.875 0.2 0  1.9 0.2 0  1.925 0.2 0  1.95 0.2 0  1.975 0.2 0  2 0.2 0  0 0.2125 0  0.025 0.2125 0  0.05 0.2125 0  0.075 0.2125 0  0.1 0.2125 0  0.125 0.2125 0  0.15 0.2125 0  0.175 0.2125 0  0.2 0.2125 0  0.225 0.2125 0  0.25 0.2125 0  0.275 0.2125 0  0.3 0.2125 0  0.325 0.2125 0  0.35 0.2125 0  0.375 0.2125 0  0.4 0.2125 0  0.425 0.2125 0  0.45 0.2125 0  0.475 0.2125 0  0.5 0.2125 0  0.525 0.2125 0  0.55 0.2125 0  0.575 0.2125 0  0.6 0.2125 0  0.625 0.2125 0  0.65 0.2125 0  0.675 0.2125 0  0.7 0.2125 0  0.725 0.2125 0  0.75 0.2125 0  0.775 0.2125 0  0.8 0.2125 0  0.825 0.2125 0  0.85 0.2125 0  0.875 0.2125 0  0.9 0.2125 0  0.925 0.2125 0  0.95 0.2125 0  0.975 0.2125 0  1 0.2125 0  1.025 0.2125 0  1.05 0.2125 0  1.075 0.2125 0  1.1 0.2125 0  1.125 0.2125 0  1.15 0.2125 0  1.175 0.2125 0  1.2 0.2125 0  1.225 0.2125 0  1.25 0.2125 0  1.275 0.2125 0  1.3 0.2125 0  1.325 0.2125 0  1.35 0.2125 0  1.375 0.2125 0  1.4 0.2125 0  1.425 0.2125 0  1.45 0.2125 0  1.475 0.2125 0  1.5 0.2125 0  1.525 0.2125 0  1.55 0.2125 0  1.575 0.2125 0  1.6 0.2125 0  1.625 0.2125 0  1.65 0.2125 0  1.675 0.2125 0  1.7 0.2125 0  1.725 0.2125 0  1.75 0.2125 0  1.775 0.2125 0  1.8 0.2125 0  1.825 0.2125 0  1.85 0.2125 0  1.875 0.2125 0  1.9 0.2125 0  1.925 0.2125 0  1.95 0.2125 0  1.975 0.2125 0  2 0.2125 0  0 0.225 0  0.025 0.225 0  0.05 0.225 0  0.075 0.225 0  0.1 0.225 0  0.125 0.225 0  0.15 0.225 0  0.175 0.225 0  0.2 0.225 0  0.225 0.225 0  0.25 0.225 0  0.275 0.225 0  0.3 0.225 0  0.325 0.225 0  0.35 0.225 0  0.375 0.225 0  0.4 0.225 0  0.425 0.225 0  0.45 0.225 0  0.475 0.225 0  0.5 0.225 0  0.525 0.225 0  0.55 0.225 0  0.575 0.225 0  0.6 0.225 0  0.625 0.225 0  0.65 0.225 0  0.675 0.225 0  0.7 0.225 0  0.725 0.225 0  0.75 0.225 0  0.775 0.225 0  0.8 0.225 0  0.825 0.225 0  0.85 0.225 0  0.875 0.225 0  0.9 0.225 0  0.925 0.225 0  0.95 0.225 0  0.975 0.225 0  1 0.225 0  1.025 0.225 0  1.05 0.225 0  1.075 0.225 0  1.1 0.225 0  1.125 0.225 0  1.15 0.225 0  1.175 0.225 0  1.2 0.225 0  1.225 0.225 0  1.25 0.225 0  1.275 0.225 0  1.3 0.225 0  1.325 0.225 0  1.35 0.225 0  1.375 0.225 0  1.4 0.225 0  1.425 0.225 0  1.45 0.225 0  1.475 0.225 0  1.5 0.225 0  1.525 0.225 0  1.55 0.225 0  1.575 0.225 0  1.6 0.225 0  1.625 0.225 0  1.65 0.225 0  1.675 0.225 0  1.7 0.225 0  1.725 0.225 0  1.75 0.225 0  1.775 0.225 0  1.8 0.225 0  1.825 0.225 0  1.85 0.225 0  1.875 0.225 0  1.9 0.225 0  1.925 0.225 0  1.95 0.225 0  1.975 0.225 0  2 0.225 0  0 0.2375 0  0.025 0.2375 0  0.05 0.2375 0  0.075 0.2375 0  0.1 0.2375 0  0.125 0.2375 0  0.15 0.2375 0  0.175 0.2375 0  0.2 0.2375 0  0.225 0.2375 0  0.25 0.2375 0  0.275 0.2375 0  0.3 0.2375 0  0.325 0.2375 0  0.35 0.2375 0  0.375 0.2375 0  0.4 0.2375 0  0.425 0.2375 0  0.45 0.2375 0  0.475 0.2375 0  0.5 0.2375 0  0.525 0.2375 0  0.55 0.2375 0  0.575 0.2375 0  0.6 0.2375 0  0.625 0.2375 0  0.65 0.2375 0  0.675 0.2375 0  0.7 0.2375 0  0.725 0.2375 0  0.75 0.2375 0  0.775 0.2375 0  0.8 0.2375 0  0.825 0.2375 0  0.85 0.2375 0  0.875 0.2375 0  0.9 0.2375 0  0.925 0.2375 0  0.95 0.2375 0  0.975 0.2375 0  1 0.2375 0  1.025 0.2375 0  1.05 0.2375 0  1.075 0.2375 0  1.1 0.2375 0  1.125 0.2375 0  1.15 0.2375 0  1.175 0.2375 0  1.2 0.2375 0  1.225 0.2375 0  1.25 0.2375 0  1.275 0.2375 0  1.3 0.2375 0  1.325 0.2375 0  1.35 0.2375 0  1.375 0.2375 0  1.4 0.2375 0  1.425 0.2375 0  1.45 0.2375 0  1.475 0.2375 0  1.5 0.2375 0  1.525 0.2375 0  1.55 0.2375 0  1.575 0.2375 0  1.6 0.2375 0  1.625 0.2375 0  1.65 0.2375 0  1.675 0.2375 0  1.7 0.2375 0  1.725 0.2375 0  1.75 0.2375 0  1.775 0.2375 0  1.8 0.2375 0  1.825 0.2375 0  1.85 0.2375 0  1.875 0.2375 0  1.9 0.2375 0  1.925 0.2375 0  1.95 0.2375 0  1.975 0.2375 0  2 0.2375 0  0 0.25 0  0.025 0.25 0  0.05 0.25 0  0.075 0.25 0  0.1 0.25 0  0.125 0.25 0  0.15 0.25 0  0.175 0.25 0  0.2 0.25 0  0.225 0.25 0  0.25 0.25 0  0.275 0.25 0  0.3 0.25 0  0.325 0.25 0  0.35 0.25 0  0.375 0.25 0  0.4 0.25 0  0.425 0.25 0  0.45 0.25 0  0.475 0.25 0  0.5 0.25 0  0.525 0.25 0  0.55 0.25 0  0.575 0.25 0  0.6 0.25 0  0.625 0.25 0  0.65 0.25 0  0.675 0.25 0  0.7 0.25 0  0.725 0.25 0  0.75 0.25 0  0.775 0.25 0  0.8 0.25 0  0.825 0.25 0  0.85 0.25 0  0.875 0.25 0  0.9 0.25 0  0.925 0.25 0  0.95 0.25 0  0.975 0.25 0  1 0.25 0  1.025 0.25 0  1.05 0.25 0  1.075 0.25 0  1.1 0.25 0  1.125 0.25 0  1.15 0.25 0  1.175 0.25 0  1.2 0.25 0  1.225 0.25 0  1.25 0.25 0  1.275 0.25 0  1.3 0.25 0  1.325 0.25 0  1.35 0.25 0  1.375 0.25 0  1.4 0.25 0  1.425 0.25 0  1.45 0.25 0  1.475 0.25 0  1.5 0.25 0  1.525 0.25 0  1.55 0.25 0  1.575 0.25 0  1.6 0.25 0  1.625 0.25 0  1.65 0.25 0  1.675 0.25 0  1.7 0.25 0  1.725 0.25 0  1.75 0.25 0  1.775 0.25 0  1.8 0.25 0  1.825 0.25 0  1.85 0.25 0  1.875 0.25 0  1.9 0.25 0  1.925 0.25 0  1.95 0.25 0  1.975 0.25 0  2 0.25 0  0 0.2625 0  0.025 0.2625 0  0.05 0.2625 0  0.075 0.2625 0  0.1 0.2625 0  0.125 0.2625 0  0.15 0.2625 0  0.175 0.2625 0  0.2 0.2625 0  0.225 0.2625 0  0.25 0.2625 0  0.275 0.2625 0  0.3 0.2625 0  0.325 0.2625 0  0.35 0.2625 0  0.375 0.2625 0  0.4 0.2625 0  0.425 0.2625 0  0.45 0.2625 0  0.475 0.2625 0  0.5 0.2625 0  0.525 0.2625 0  0.55 0.2625 0  0.575 0.2625 0  0.6 0.2625 0  0.625 0.2625 0  0.65 0.2625 0  0.675 0.2625 0  0.7 0.2625 0  0.725 0.2625 0  0.75 0.2625 0  0.775 0.2625 0  0.8 0.2625 0  0.825 0.2625 0  0.85 0.2625 0  0.875 0.2625 0  0.9 0.2625 0  0.925 0.2625 0  0.95 0.2625 0  0.975 0.2625 0  1 0.2625 0  1.025 0.2625 0  1.05 0.2625 0  1.075 0.2625 0  1.1 0.2625 0  1.125 0.2625 0  1.15 0.2625 0  1.175 0.2625 0  1.2 0.2625 0  1.225 0.2625 0  1.25 0.2625 0  1.275 0.2625 0  1.3 0.2625 0  1.325 0.2625 0  1.35 0.2625 0  1.375 0.2625 0  1.4 0.2625 0  1.425 0.2625 0  1.45 0.2625 0  1.475 0.2625 0  1.5 0.2625 0  1.525 0.2625 0  1.55 0.2625 0  1.575 0.2625 0  1.6 0.2625 0  1.625 0.2625 0  1.65 0.2625 0  1.675 0.2625 0  1.7 0.2625 0  1.725 0.2625 0  1.75 0.2625 0  1.775 0.2625 0  1.8 0.2625 0  1.825 0.2625 0  1.85 0.2625 0  1.875 0.2625 0  1.9 0.2625 0  1.925 0.2625 0  1.95 0.2625 0  1.975 0.2625 0  2 0.2625 0  0 0.275 0  0.025 0.275 0  0.05 0.275 0  0.075 0.275 0  0.1 0.275 0  0.125 0.275 0  0.15 0.275 0  0.175 0.275 0  0.2 0.275 0  0.225 0.275 0  0.25 0.275 0  0.275 0.275 0  0.3 0.275 0  0.325 0.275 0  0.35 0.275 0  0.375 0.275 0  0.4 0.275 0  0.425 0.275 0  0.45 0.275 0  0.475 0.275 0  0.5 0.275 0  0.525 0.275 0  0.55 0.275 0  0.575 0.275 0  0.6 0.275 0  0.625 0.275 0  0.65 0.275 0  0.675 0.275 0  0.7 0.275 0  0.725 0.275 0  0.75 0.275 0  0.775 0.275 0  0.8 0.275 0  0.825 0.275 0  0.85 0.275 0  0.875 0.275 0  0.9 0.275 0  0.925 0.275 0  0.95 0.275 0  0.975 0.275 0  1 0.275 0  1.025 0.275 0  1.05 0.275 0  1.075 0.275 0  1.1 0.275 0  1.125 0.275 0  1.15 0.275 0  1.175 0.275 0  1.2 0.275 0  1.225 0.275 0  1.25 0.275 0  1.275 0.275 0  1.3 0.275 0  1.325 0.275 0  1.35 0.275 0  1.375 0.275 0  1.4 0.275 0  1.425 0.275 0  1.45 0.275 0  1.475 0.275 0  1.5 0.275 0  1.525 0.275 0  1.55 0.275 0  1.575 0.275 0  1.6 0.275 0  1.625 0.275 0  1.65 0.275 0  1.675 0.275 0  1.7 0.275 0  1.725 0.275 0  1.75 0.275 0  1.775 0.275 0  1.8 0.275 0  1.825 0.275 0  1.85 0.275 0  1.875 0.275 0  1.9 0.275 0  1.925 0.275 0  1.95 0.275 0  1.975 0.275 0  2 0.275 0  0 0.2875 0  0.025 0.2875 0  0.05 0.2875 0  0.075 0.2875 0  0.1 0.2875 0  0.125 0.2875 0  0.15 0.2875 0  0.175 0.2875 0  0.2 0.2875 0  0.225 0.2875 0  0.25 0.2875 0  0.275 0.2875 0  0.3 0.2875 0  0.325 0.2875 0  0.35 0.2875 0  0.375 0.2875 0  0.4 0.2875 0  0.425 0.2875 0  0.45 0.2875 0  0.475 0.2875 0  0.5 0.2875 0  0.525 0.2875 0  0.55 0.2875 0  0.575 0.2875 0  0.6 0.2875 0  0.625 0.2875 0  0.65 0.2875 0  0.675 0.2875 0  0.7 0.2875 0  0.725 0.2875 0  0.75 0.2875 0  0.775 0.2875 0  0.8 0.2875 0  0.825 0.2875 0  0.85 0.2875 0  0.875 0.2875 0  0.9 0.2875 0  0.925 0.2875 0  0.95 0.2875 0  0.975 0.2875 0  1 0.2875 0  1.025 0.2875 0  1.05 0.2875 0  1.075 0.2875 0  1.1 0.2875 0  1.125 0.2875 0  1.15 0.2875 0  1.175 0.2875 0  1.2 0.2875 0  1.225 0.2875 0  1.25 0.2875 0  1.275 0.2875 0  1.3 0.2875 0  1.325 0.2875 0  1.35 0.2875 0  1.375 0.2875 0  1.4 0.2875 0  1.425 0.2875 0  1.45 0.2875 0  1.475 0.2875 0  1.5 0.2875 0  1.525 0.2875 0  1.55 0.2875 0  1.575 0.2875 0  1.6 0.2875 0  1.625 0.2875 0  1.65 0.2875 0  1.675 0.2875 0  1.7 0.2875 0  1.725 0.2875 0  1.75 0.2875 0  1.775 0.2875 0  1.8 0.2875 0  1.825 0.2875 0  1.85 0.2875 0  1.875 0.2875 0  1.9 0.2875 0  1.925 0.2875 0  1.95 0.2875 0  1.975 0.2875 0  2 0.2875 0  0 0.3 0  0.025 0.3 0  0.05 0.3 0  0.075 0.3 0  0.1 0.3 0  0.125 0.3 0  0.15 0.3 0  0.175 0.3 0  0.2 0.3 0  0.225 0.3 0  0.25 0.3 0  0.275 0.3 0  0.3 0.3 0  0.325 0.3 0  0.35 0.3 0  0.375 0.3 0  0.4 0.3 0  0.425 0.3 0  0.45 0.3 0  0.475 0.3 0  0.5 0.3 0  0.525 0.3 0  0.55 0.3 0  0.575 0.3 0  0.6 0.3 0  0.625 0.3 0  0.65 0.3 0  0.675 0.3 0  0.7 0.3 0  0.725 0.3 0  0.75 0.3 0  0.775 0.3 0  0.8 0.3 0  0.825 0.3 0  0.85 0.3 0  0.875 0.3 0  0.9 0.3 0  0.925 0.3 0  0.95 0.3 0  0.975 0.3 0  1 0.3 0  1.025 0.3 0  1.05 0.3 0  1.075 0.3 0  1.1 0.3 0  1.125 0.3 0  1.15 0.3 0  1.175 0.3 0  1.2 0.3 0  1.225 0.3 0  1.25 0.3 0  1.275 0.3 0  1.3 0.3 0  1.325 0.3 0  1.35 0.3 0  1.375 0.3 0  1.4 0.3 0  1.425 0.3 0  1.45 0.3 0  1.475 0.3 0  1.5 0.3 0  1.525 0.3 0  1.55 0.3 0  1.575 0.3 0  1.6 0.3 0  1.625 0.3 0  1.65 0.3 0  1.675 0.3 0  1.7 0.3 0  1.725 0.3 0  1.75 0.3 0  1.775 0.3 0  1.8 0.3 0  1.825 0.3 0  1.85 0.3 0  1.875 0.3 0  1.9 0.3 0  1.925 0.3 0  1.95 0.3 0  1.975 0.3 0  2 0.3 0  0 0.3125 0  0.025 0.3125 0  0.05 0.3125 0  0.075 0.3125 0  0.1 0.3125 0  0.125 0.3125 0  0.15 0.3125 0  0.175 0.3125 0  0.2 0.3125 0  0.225 0.3125 0  0.25 0.3125 0  0.275 0.3125 0  0.3 0.3125 0  0.325 0.3125 0  0.35 0.3125 0  0.375 0.3125 0  0.4 0.3125 0  0.425 0.3125 0  0.45 0.3125 0  0.475 0.3125 0  0.5 0.3125 0  0.525 0.3125 0  0.55 0.3125 0  0.575 0.3125 0  0.6 0.3125 0  0.625 0.3125 0  0.65 0.3125 0  0.675 0.3125 0  0.7 0.3125 0  0.725 0.3125 0  0.75 0.3125 0  0.775 0.3125 0  0.8 0.3125 0  0.825 0.3125 0  0.85 0.3125 0  0.875 0.3125 0  0.9 0.3125 0  0.925 0.3125 0  0.95 0.3125 0  0.975 0.3125 0  1 0.3125 0  1.025 0.3125 0  1.05 0.3125 0  1.075 0.3125 0  1.1 0.3125 0  1.125 0.3125 0  1.15 0.3125 0  1.175 0.3125 0  1.2 0.3125 0  1.225 0.3125 0  1.25 0.3125 0  1.275 0.3125 0  1.3 0.3125 0  1.325 0.3125 0  1.35 0.3125 0  1.375 0.3125 0  1.4 0.3125 0  1.425 0.3125 0  1.45 0.3125 0  1.475 0.3125 0  1.5 0.3125 0  1.525 0.3125 0  1.55 0.3125 0  1.575 0.3125 0  1.6 0.3125 0  1.625 0.3125 0  1.65 0.3125 0  1.675 0.3125 0  1.7 0.3125 0  1.725 0.3125 0  1.75 0.3125 0  1.775 0.3125 0  1.8 0.3125 0  1.825 0.3125 0  1.85 0.3125 0  1.875 0.3125 0  1.9 0.3125 0  1.925 0.3125 0  1.95 0.3125 0  1.975 0.3125 0  2 0.3125 0  0 0.325 0  0.025 0.325 0  0.05 0.325 0  0.075 0.325 0  0.1 0.325 0  0.125 0.325 0  0.15 0.325 0  0.175 0.325 0  0.2 0.325 0  0.225 0.325 0  0.25 0.325 0  0.275 0.325 0  0.3 0.325 0  0.325 0.325 0  0.35 0.325 0  0.375 0.325 0  0.4 0.325 0  0.425 0.325 0  0.45 0.325 0  0.475 0.325 0  0.5 0.325 0  0.525 0.325 0  0.55 0.325 0  0.575 0.325 0  0.6 0.325 0  0.625 0.325 0  0.65 0.325 0  0.675 0.325 0  0.7 0.325 0  0.725 0.325 0  0.75 0.325 0  0.775 0.325 0  0.8 0.325 0  0.825 0.325 0  0.85 0.325 0  0.875 0.325 0  0.9 0.325 0  0.925 0.325 0  0.95 0.325 0  0.975 0.325 0  1 0.325 0  1.025 0.325 0  1.05 0.325 0  1.075 0.325 0  1.1 0.325 0  1.125 0.325 0  1.15 0.325 0  1.175 0.325 0  1.2 0.325 0  1.225 0.325 0  1.25 0.325 0  1.275 0.325 0  1.3 0.325 0  1.325 0.325 0  1.35 0.325 0  1.375 0.325 0  1.4 0.325 0  1.425 0.325 0  1.45 0.325 0  1.475 0.325 0  1.5 0.325 0  1.525 0.325 0  1.55 0.325 0  1.575 0.325 0  1.6 0.325 0  1.625 0.325 0  1.65 0.325 0  1.675 0.325 0  1.7 0.325 0  1.725 0.325 0  1.75 0.325 0  1.775 0.325 0  1.8 0.325 0  1.825 0.325 0  1.85 0.325 0  1.875 0.325 0  1.9 0.325 0  1.925 0.325 0  1.95 0.325 0  1.975 0.325 0  2 0.325 0  0 0.3375 0  0.025 0.3375 0  0.05 0.3375 0  0.075 0.3375 0  0.1 0.3375 0  0.125 0.3375 0  0.15 0.3375 0  0.175 0.3375 0  0.2 0.3375 0  0.225 0.3375 0  0.25 0.3375 0  0.275 0.3375 0  0.3 0.3375 0  0.325 0.3375 0  0.35 0.3375 0  0.375 0.3375 0  0.4 0.3375 0  0.425 0.3375 0  0.45 0.3375 0  0.475 0.3375 0  0.5 0.3375 0  0.525 0.3375 0  0.55 0.3375 0  0.575 0.3375 0  0.6 0.3375 0  0.625 0.3375 0  0.65 0.3375 0  0.675 0.3375 0  0.7 0.3375 0  0.725 0.3375 0  0.75 0.3375 0  0.775 0.3375 0  0.8 0.3375 0  0.825 0.3375 0  0.85 0.3375 0  0.875 0.3375 0  0.9 0.3375 0  0.925 0.3375 0  0.95 0.3375 0  0.975 0.3375 0  1 0.3375 0  1.025 0.3375 0  1.05 0.3375 0  1.075 0.3375 0  1.1 0.3375 0  1.125 0.3375 0  1.15 0.3375 0  1.175 0.3375 0  1.2 0.3375 0  1.225 0.3375 0  1.25 0.3375 0  1.275 0.3375 0  1.3 0.3375 0  1.325 0.3375 0  1.35 0.3375 0  1.375 0.3375 0  1.4 0.3375 0  1.425 0.3375 0  1.45 0.3375 0  1.475 0.3375 0  1.5 0.3375 0  1.525 0.3375 0  1.55 0.3375 0  1.575 0.3375 0  1.6 0.3375 0  1.625 0.3375 0  1.65 0.3375 0  1.675 0.3375 0  1.7 0.3375 0  1.725 0.3375 0  1.75 0.3375 0  1.775 0.3375 0  1.8 0.3375 0  1.825 0.3375 0  1.85 0.3375 0  1.875 0.3375 0  1.9 0.3375 0  1.925 0.3375 0  1.95 0.3375 0  1.975 0.3375 0  2 0.3375 0  0 0.35 0  0.025 0.35 0  0.05 0.35 0  0.075 0.35 0  0.1 0.35 0  0.125 0.35 0  0.15 0.35 0  0.175 0.35 0  0.2 0.35 0  0.225 0.35 0  0.25 0.35 0  0.275 0.35 0  0.3 0.35 0  0.325 0.35 0  0.35 0.35 0  0.375 0.35 0  0.4 0.35 0  0.425 0.35 0  0.45 0.35 0  0.475 0.35 0  0.5 0.35 0  0.525 0.35 0  0.55 0.35 0  0.575 0.35 0  0.6 0.35 0  0.625 0.35 0  0.65 0.35 0  0.675 0.35 0  0.7 0.35 0  0.725 0.35 0  0.75 0.35 0  0.775 0.35 0  0.8 0.35 0  0.825 0.35 0  0.85 0.35 0  0.875 0.35 0  0.9 0.35 0  0.925 0.35 0  0.95 0.35 0  0.975 0.35 0  1 0.35 0  1.025 0.35 0  1.05 0.35 0  1.075 0.35 0  1.1 0.35 0  1.125 0.35 0  1.15 0.35 0  1.175 0.35 0  1.2 0.35 0  1.225 0.35 0  1.25 0.35 0  1.275 0.35 0  1.3 0.35 0  1.325 0.35 0  1.35 0.35 0  1.375 0.35 0  1.4 0.35 0  1.425 0.35 0  1.45 0.35 0  1.475 0.35 0  1.5 0.35 0  1.525 0.35 0  1.55 0.35 0  1.575 0.35 0  1.6 0.35 0  1.625 0.35 0  1.65 0.35 0  1.675 0.35 0  1.7 0.35 0  1.725 0.35 0  1.75 0.35 0  1.775 0.35 0  1.8 0.35 0  1.825 0.35 0  1.85 0.35 0  1.875 0.35 0  1.9 0.35 0  1.925 0.35 0  1.95 0.35 0  1.975 0.35 0  2 0.35 0  0 0.3625 0  0.025 0.3625 0  0.05 0.3625 0  0.075 0.3625 0  0.1 0.3625 0  0.125 0.3625 0  0.15 0.3625 0  0.175 0.3625 0  0.2 0.3625 0  0.225 0.3625 0  0.25 0.3625 0  0.275 0.3625 0  0.3 0.3625 0  0.325 0.3625 0  0.35 0.3625 0  0.375 0.3625 0  0.4 0.3625 0  0.425 0.3625 0  0.45 0.3625 0  0.475 0.3625 0  0.5 0.3625 0  0.525 0.3625 0  0.55 0.3625 0  0.575 0.3625 0  0.6 0.3625 0  0.625 0.3625 0  0.65 0.3625 0  0.675 0.3625 0  0.7 0.3625 0  0.725 0.3625 0  0.75 0.3625 0  0.775 0.3625 0  0.8 0.3625 0  0.825 0.3625 0  0.85 0.3625 0  0.875 0.3625 0  0.9 0.3625 0  0.925 0.3625 0  0.95 0.3625 0  0.975 0.3625 0  1 0.3625 0  1.025 0.3625 0  1.05 0.3625 0  1.075 0.3625 0  1.1 0.3625 0  1.125 0.3625 0  1.15 0.3625 0  1.175 0.3625 0  1.2 0.3625 0  1.225 0.3625 0  1.25 0.3625 0  1.275 0.3625 0  1.3 0.3625 0  1.325 0.3625 0  1.35 0.3625 0  1.375 0.3625 0  1.4 0.3625 0  1.425 0.3625 0  1.45 0.3625 0  1.475 0.3625 0  1.5 0.3625 0  1.525 0.3625 0  1.55 0.3625 0  1.575 0.3625 0  1.6 0.3625 0  1.625 0.3625 0  1.65 0.3625 0  1.675 0.3625 0  1.7 0.3625 0  1.725 0.3625 0  1.75 0.3625 0  1.775 0.3625 0  1.8 0.3625 0  1.825 0.3625 0  1.85 0.3625 0  1.875 0.3625 0  1.9 0.3625 0  1.925 0.3625 0  1.95 0.3625 0  1.975 0.3625 0  2 0.3625 0  0 0.375 0  0.025 0.375 0  0.05 0.375 0  0.075 0.375 0  0.1 0.375 0  0.125 0.375 0  0.15 0.375 0  0.175 0.375 0  0.2 0.375 0  0.225 0.375 0  0.25 0.375 0  0.275 0.375 0  0.3 0.375 0  0.325 0.375 0  0.35 0.375 0  0.375 0.375 0  0.4 0.375 0  0.425 0.375 0  0.45 0.375 0  0.475 0.375 0  0.5 0.375 0  0.525 0.375 0  0.55 0.375 0  0.575 0.375 0  0.6 0.375 0  0.625 0.375 0  0.65 0.375 0  0.675 0.375 0  0.7 0.375 0  0.725 0.375 0  0.75 0.375 0  0.775 0.375 0  0.8 0.375 0  0.825 0.375 0  0.85 0.375 0  0.875 0.375 0  0.9 0.375 0  0.925 0.375 0  0.95 0.375 0  0.975 0.375 0  1 0.375 0  1.025 0.375 0  1.05 0.375 0  1.075 0.375 0  1.1 0.375 0  1.125 0.375 0  1.15 0.375 0  1.175 0.375 0  1.2 0.375 0  1.225 0.375 0  1.25 0.375 0  1.275 0.375 0  1.3 0.375 0  1.325 0.375 0  1.35 0.375 0  1.375 0.375 0  1.4 0.375 0  1.425 0.375 0  1.45 0.375 0  1.475 0.375 0  1.5 0.375 0  1.525 0.375 0  1.55 0.375 0  1.575 0.375 0  1.6 0.375 0  1.625 0.375 0  1.65 0.375 0  1.675 0.375 0  1.7 0.375 0  1.725 0.375 0  1.75 0.375 0  1.775 0.375 0  1.8 0.375 0  1.825 0.375 0  1.85 0.375 0  1.875 0.375 0  1.9 0.375 0  1.925 0.375 0  1.95 0.375 0  1.975 0.375 0  2 0.375 0  0 0.3875 0  0.025 0.3875 0  0.05 0.3875 0  0.075 0.3875 0  0.1 0.3875 0  0.125 0.3875 0  0.15 0.3875 0  0.175 0.3875 0  0.2 0.3875 0  0.225 0.3875 0  0.25 0.3875 0  0.275 0.3875 0  0.3 0.3875 0  0.325 0.3875 0  0.35 0.3875 0  0.375 0.3875 0  0.4 0.3875 0  0.425 0.3875 0  0.45 0.3875 0  0.475 0.3875 0  0.5 0.3875 0  0.525 0.3875 0  0.55 0.3875 0  0.575 0.3875 0  0.6 0.3875 0  0.625 0.3875 0  0.65 0.3875 0  0.675 0.3875 0  0.7 0.3875 0  0.725 0.3875 0  0.75 0.3875 0  0.775 0.3875 0  0.8 0.3875 0  0.825 0.3875 0  0.85 0.3875 0  0.875 0.3875 0  0.9 0.3875 0  0.925 0.3875 0  0.95 0.3875 0  0.975 0.3875 0  1 0.3875 0  1.025 0.3875 0  1.05 0.3875 0  1.075 0.3875 0  1.1 0.3875 0  1.125 0.3875 0  1.15 0.3875 0  1.175 0.3875 0  1.2 0.3875 0  1.225 0.3875 0  1.25 0.3875 0  1.275 0.3875 0  1.3 0.3875 0  1.325 0.3875 0  1.35 0.3875 0  1.375 0.3875 0  1.4 0.3875 0  1.425 0.3875 0  1.45 0.3875 0  1.475 0.3875 0  1.5 0.3875 0  1.525 0.3875 0  1.55 0.3875 0  1.575 0.3875 0  1.6 0.3875 0  1.625 0.3875 0  1.65 0.3875 0  1.675 0.3875 0  1.7 0.3875 0  1.725 0.3875 0  1.75 0.3875 0  1.775 0.3875 0  1.8 0.3875 0  1.825 0.3875 0  1.85 0.3875 0  1.875 0.3875 0  1.9 0.3875 0  1.925 0.3875 0  1.95 0.3875 0  1.975 0.3875 0  2 0.3875 0  0 0.4 0  0.025 0.4 0  0.05 0.4 0  0.075 0.4 0  0.1 0.4 0  0.125 0.4 0  0.15 0.4 0  0.175 0.4 0  0.2 0.4 0  0.225 0.4 0  0.25 0.4 0  0.275 0.4 0  0.3 0.4 0  0.325 0.4 0  0.35 0.4 0  0.375 0.4 0  0.4 0.4 0  0.425 0.4 0  0.45 0.4 0  0.475 0.4 0  0.5 0.4 0  0.525 0.4 0  0.55 0.4 0  0.575 0.4 0  0.6 0.4 0  0.625 0.4 0  0.65 0.4 0  0.675 0.4 0  0.7 0.4 0  0.725 0.4 0  0.75 0.4 0  0.775 0.4 0  0.8 0.4 0  0.825 0.4 0  0.85 0.4 0  0.875 0.4 0  0.9 0.4 0  0.925 0.4 0  0.95 0.4 0  0.975 0.4 0  1 0.4 0  1.025 0.4 0  1.05 0.4 0  1.075 0.4 0  1.1 0.4 0  1.125 0.4 0  1.15 0.4 0  1.175 0.4 0  1.2 0.4 0  1.225 0.4 0  1.25 0.4 0  1.275 0.4 0  1.3 0.4 0  1.325 0.4 0  1.35 0.4 0  1.375 0.4 0  1.4 0.4 0  1.425 0.4 0  1.45 0.4 0  1.475 0.4 0  1.5 0.4 0  1.525 0.4 0  1.55 0.4 0  1.575 0.4 0  1.6 0.4 0  1.625 0.4 0  1.65 0.4 0  1.675 0.4 0  1.7 0.4 0  1.725 0.4 0  1.75 0.4 0  1.775 0.4 0  1.8 0.4 0  1.825 0.4 0  1.85 0.4 0  1.875 0.4 0  1.9 0.4 0  1.925 0.4 0  1.95 0.4 0  1.975 0.4 0  2 0.4 0  0 0.4125 0  0.025 0.4125 0  0.05 0.4125 0  0.075 0.4125 0  0.1 0.4125 0  0.125 0.4125 0  0.15 0.4125 0  0.175 0.4125 0  0.2 0.4125 0  0.225 0.4125 0  0.25 0.4125 0  0.275 0.4125 0  0.3 0.4125 0  0.325 0.4125 0  0.35 0.4125 0  0.375 0.4125 0  0.4 0.4125 0  0.425 0.4125 0  0.45 0.4125 0  0.475 0.4125 0  0.5 0.4125 0  0.525 0.4125 0  0.55 0.4125 0  0.575 0.4125 0  0.6 0.4125 0  0.625 0.4125 0  0.65 0.4125 0  0.675 0.4125 0  0.7 0.4125 0  0.725 0.4125 0  0.75 0.4125 0  0.775 0.4125 0  0.8 0.4125 0  0.825 0.4125 0  0.85 0.4125 0  0.875 0.4125 0  0.9 0.4125 0  0.925 0.4125 0  0.95 0.4125 0  0.975 0.4125 0  1 0.4125 0  1.025 0.4125 0  1.05 0.4125 0  1.075 0.4125 0  1.1 0.4125 0  1.125 0.4125 0  1.15 0.4125 0  1.175 0.4125 0  1.2 0.4125 0  1.225 0.4125 0  1.25 0.4125 0  1.275 0.4125 0  1.3 0.4125 0  1.325 0.4125 0  1.35 0.4125 0  1.375 0.4125 0  1.4 0.4125 0  1.425 0.4125 0  1.45 0.4125 0  1.475 0.4125 0  1.5 0.4125 0  1.525 0.4125 0  1.55 0.4125 0  1.575 0.4125 0  1.6 0.4125 0  1.625 0.4125 0  1.65 0.4125 0  1.675 0.4125 0  1.7 0.4125 0  1.725 0.4125 0  1.75 0.4125 0  1.775 0.4125 0  1.8 0.4125 0  1.825 0.4125 0  1.85 0.4125 0  1.875 0.4125 0  1.9 0.4125 0  1.925 0.4125 0  1.95 0.4125 0  1.975 0.4125 0  2 0.4125 0  0 0.425 0  0.025 0.425 0  0.05 0.425 0  0.075 0.425 0  0.1 0.425 0  0.125 0.425 0  0.15 0.425 0  0.175 0.425 0  0.2 0.425 0  0.225 0.425 0  0.25 0.425 0  0.275 0.425 0  0.3 0.425 0  0.325 0.425 0  0.35 0.425 0  0.375 0.425 0  0.4 0.425 0  0.425 0.425 0  0.45 0.425 0  0.475 0.425 0  0.5 0.425 0  0.525 0.425 0  0.55 0.425 0  0.575 0.425 0  0.6 0.425 0  0.625 0.425 0  0.65 0.425 0  0.675 0.425 0  0.7 0.425 0  0.725 0.425 0  0.75 0.425 0  0.775 0.425 0  0.8 0.425 0  0.825 0.425 0  0.85 0.425 0  0.875 0.425 0  0.9 0.425 0  0.925 0.425 0  0.95 0.425 0  0.975 0.425 0  1 0.425 0  1.025 0.425 0  1.05 0.425 0  1.075 0.425 0  1.1 0.425 0  1.125 0.425 0  1.15 0.425 0  1.175 0.425 0  1.2 0.425 0  1.225 0.425 0  1.25 0.425 0  1.275 0.425 0  1.3 0.425 0  1.325 0.425 0  1.35 0.425 0  1.375 0.425 0  1.4 0.425 0  1.425 0.425 0  1.45 0.425 0  1.475 0.425 0  1.5 0.425 0  1.525 0.425 0  1.55 0.425 0  1.575 0.425 0  1.6 0.425 0  1.625 0.425 0  1.65 0.425 0  1.675 0.425 0  1.7 0.425 0  1.725 0.425 0  1.75 0.425 0  1.775 0.425 0  1.8 0.425 0  1.825 0.425 0  1.85 0.425 0  1.875 0.425 0  1.9 0.425 0  1.925 0.425 0  1.95 0.425 0  1.975 0.425 0  2 0.425 0  0 0.4375 0  0.025 0.4375 0  0.05 0.4375 0  0.075 0.4375 0  0.1 0.4375 0  0.125 0.4375 0  0.15 0.4375 0  0.175 0.4375 0  0.2 0.4375 0  0.225 0.4375 0  0.25 0.4375 0  0.275 0.4375 0  0.3 0.4375 0  0.325 0.4375 0  0.35 0.4375 0  0.375 0.4375 0  0.4 0.4375 0  0.425 0.4375 0  0.45 0.4375 0  0.475 0.4375 0  0.5 0.4375 0  0.525 0.4375 0  0.55 0.4375 0  0.575 0.4375 0  0.6 0.4375 0  0.625 0.4375 0  0.65 0.4375 0  0.675 0.4375 0  0.7 0.4375 0  0.725 0.4375 0  0.75 0.4375 0  0.775 0.4375 0  0.8 0.4375 0  0.825 0.4375 0  0.85 0.4375 0  0.875 0.4375 0  0.9 0.4375 0  0.925 0.4375 0  0.95 0.4375 0  0.975 0.4375 0  1 0.4375 0  1.025 0.4375 0  1.05 0.4375 0  1.075 0.4375 0  1.1 0.4375 0  1.125 0.4375 0  1.15 0.4375 0  1.175 0.4375 0  1.2 0.4375 0  1.225 0.4375 0  1.25 0.4375 0  1.275 0.4375 0  1.3 0.4375 0  1.325 0.4375 0  1.35 0.4375 0  1.375 0.4375 0  1.4 0.4375 0  1.425 0.4375 0  1.45 0.4375 0  1.475 0.4375 0  1.5 0.4375 0  1.525 0.4375 0  1.55 0.4375 0  1.575 0.4375 0  1.6 0.4375 0  1.625 0.4375 0  1.65 0.4375 0  1.675 0.4375 0  1.7 0.4375 0  1.725 0.4375 0  1.75 0.4375 0  1.775 0.4375 0  1.8 0.4375 0  1.825 0.4375 0  1.85 0.4375 0  1.875 0.4375 0  1.9 0.4375 0  1.925 0.4375 0  1.95 0.4375 0  1.975 0.4375 0  2 0.4375 0  0 0.45 0  0.025 0.45 0  0.05 0.45 0  0.075 0.45 0  0.1 0.45 0  0.125 0.45 0  0.15 0.45 0  0.175 0.45 0  0.2 0.45 0  0.225 0.45 0  0.25 0.45 0  0.275 0.45 0  0.3 0.45 0  0.325 0.45 0  0.35 0.45 0  0.375 0.45 0  0.4 0.45 0  0.425 0.45 0  0.45 0.45 0  0.475 0.45 0  0.5 0.45 0  0.525 0.45 0  0.55 0.45 0  0.575 0.45 0  0.6 0.45 0  0.625 0.45 0  0.65 0.45 0  0.675 0.45 0  0.7 0.45 0  0.725 0.45 0  0.75 0.45 0  0.775 0.45 0  0.8 0.45 0  0.825 0.45 0  0.85 0.45 0  0.875 0.45 0  0.9 0.45 0  0.925 0.45 0  0.95 0.45 0  0.975 0.45 0  1 0.45 0  1.025 0.45 0  1.05 0.45 0  1.075 0.45 0  1.1 0.45 0  1.125 0.45 0  1.15 0.45 0  1.175 0.45 0  1.2 0.45 0  1.225 0.45 0  1.25 0.45 0  1.275 0.45 0  1.3 0.45 0  1.325 0.45 0  1.35 0.45 0  1.375 0.45 0  1.4 0.45 0  1.425 0.45 0  1.45 0.45 0  1.475 0.45 0  1.5 0.45 0  1.525 0.45 0  1.55 0.45 0  1.575 0.45 0  1.6 0.45 0  1.625 0.45 0  1.65 0.45 0  1.675 0.45 0  1.7 0.45 0  1.725 0.45 0  1.75 0.45 0  1.775 0.45 0  1.8 0.45 0  1.825 0.45 0  1.85 0.45 0  1.875 0.45 0  1.9 0.45 0  1.925 0.45 0  1.95 0.45 0  1.975 0.45 0  2 0.45 0  0 0.4625 0  0.025 0.4625 0  0.05 0.4625 0  0.075 0.4625 0  0.1 0.4625 0  0.125 0.4625 0  0.15 0.4625 0  0.175 0.4625 0  0.2 0.4625 0  0.225 0.4625 0  0.25 0.4625 0  0.275 0.4625 0  0.3 0.4625 0  0.325 0.4625 0  0.35 0.4625 0  0.375 0.4625 0  0.4 0.4625 0  0.425 0.4625 0  0.45 0.4625 0  0.475 0.4625 0  0.5 0.4625 0  0.525 0.4625 0  0.55 0.4625 0  0.575 0.4625 0  0.6 0.4625 0  0.625 0.4625 0  0.65 0.4625 0  0.675 0.4625 0  0.7 0.4625 0  0.725 0.4625 0  0.75 0.4625 0  0.775 0.4625 0  0.8 0.4625 0  0.825 0.4625 0  0.85 0.4625 0  0.875 0.4625 0  0.9 0.4625 0  0.925 0.4625 0  0.95 0.4625 0  0.975 0.4625 0  1 0.4625 0  1.025 0.4625 0  1.05 0.4625 0  1.075 0.4625 0  1.1 0.4625 0  1.125 0.4625 0  1.15 0.4625 0  1.175 0.4625 0  1.2 0.4625 0  1.225 0.4625 0  1.25 0.4625 0  1.275 0.4625 0  1.3 0.4625 0  1.325 0.4625 0  1.35 0.4625 0  1.375 0.4625 0  1.4 0.4625 0  1.425 0.4625 0  1.45 0.4625 0  1.475 0.4625 0  1.5 0.4625 0  1.525 0.4625 0  1.55 0.4625 0  1.575 0.4625 0  1.6 0.4625 0  1.625 0.4625 0  1.65 0.4625 0  1.675 0.4625 0  1.7 0.4625 0  1.725 0.4625 0  1.75 0.4625 0  1.775 0.4625 0  1.8 0.4625 0  1.825 0.4625 0  1.85 0.4625 0  1.875 0.4625 0  1.9 0.4625 0  1.925 0.4625 0  1.95 0.4625 0  1.975 0.4625 0  2 0.4625 0  0 0.475 0  0.025 0.475 0  0.05 0.475 0  0.075 0.475 0  0.1 0.475 0  0.125 0.475 0  0.15 0.475 0  0.175 0.475 0  0.2 0.475 0  0.225 0.475 0  0.25 0.475 0  0.275 0.475 0  0.3 0.475 0  0.325 0.475 0  0.35 0.475 0  0.375 0.475 0  0.4 0.475 0  0.425 0.475 0  0.45 0.475 0  0.475 0.475 0  0.5 0.475 0  0.525 0.475 0  0.55 0.475 0  0.575 0.475 0  0.6 0.475 0  0.625 0.475 0  0.65 0.475 0  0.675 0.475 0  0.7 0.475 0  0.725 0.475 0  0.75 0.475 0  0.775 0.475 0  0.8 0.475 0  0.825 0.475 0  0.85 0.475 0  0.875 0.475 0  0.9 0.475 0  0.925 0.475 0  0.95 0.475 0  0.975 0.475 0  1 0.475 0  1.025 0.475 0  1.05 0.475 0  1.075 0.475 0  1.1 0.475 0  1.125 0.475 0  1.15 0.475 0  1.175 0.475 0  1.2 0.475 0  1.225 0.475 0  1.25 0.475 0  1.275 0.475 0  1.3 0.475 0  1.325 0.475 0  1.35 0.475 0  1.375 0.475 0  1.4 0.475 0  1.425 0.475 0  1.45 0.475 0  1.475 0.475 0  1.5 0.475 0  1.525 0.475 0  1.55 0.475 0  1.575 0.475 0  1.6 0.475 0  1.625 0.475 0  1.65 0.475 0  1.675 0.475 0  1.7 0.475 0  1.725 0.475 0  1.75 0.475 0  1.775 0.475 0  1.8 0.475 0  1.825 0.475 0  1.85 0.475 0  1.875 0.475 0  1.9 0.475 0  1.925 0.475 0  1.95 0.475 0  1.975 0.475 0  2 0.475 0  0 0.4875 0  0.025 0.4875 0  0.05 0.4875 0  0.075 0.4875 0  0.1 0.4875 0  0.125 0.4875 0  0.15 0.4875 0  0.175 0.4875 0  0.2 0.4875 0  0.225 0.4875 0  0.25 0.4875 0  0.275 0.4875 0  0.3 0.4875 0  0.325 0.4875 0  0.35 0.4875 0  0.375 0.4875 0  0.4 0.4875 0  0.425 0.4875 0  0.45 0.4875 0  0.475 0.4875 0  0.5 0.4875 0  0.525 0.4875 0  0.55 0.4875 0  0.575 0.4875 0  0.6 0.4875 0  0.625 0.4875 0  0.65 0.4875 0  0.675 0.4875 0  0.7 0.4875 0  0.725 0.4875 0  0.75 0.4875 0  0.775 0.4875 0  0.8 0.4875 0  0.825 0.4875 0  0.85 0.4875 0  0.875 0.4875 0  0.9 0.4875 0  0.925 0.4875 0  0.95 0.4875 0  0.975 0.4875 0  1 0.4875 0  1.025 0.4875 0  1.05 0.4875 0  1.075 0.4875 0  1.1 0.4875 0  1.125 0.4875 0  1.15 0.4875 0  1.175 0.4875 0  1.2 0.4875 0  1.225 0.4875 0  1.25 0.4875 0  1.275 0.4875 0  1.3 0.4875 0  1.325 0.4875 0  1.35 0.4875 0  1.375 0.4875 0  1.4 0.4875 0  1.425 0.4875 0  1.45 0.4875 0  1.475 0.4875 0  1.5 0.4875 0  1.525 0.4875 0  1.55 0.4875 0  1.575 0.4875 0  1.6 0.4875 0  1.625 0.4875 0  1.65 0.4875 0  1.675 0.4875 0  1.7 0.4875 0  1.725 0.4875 0  1.75 0.4875 0  1.775 0.4875 0  1.8 0.4875 0  1.825 0.4875 0  1.85 0.4875 0  1.875 0.4875 0  1.9 0.4875 0  1.925 0.4875 0  1.95 0.4875 0  1.975 0.4875 0  2 0.4875 0  0 0.5 0  0.025 0.5 0  0.05 0.5 0  0.075 0.5 0  0.1 0.5 0  0.125 0.5 0  0.15 0.5 0  0.175 0.5 0  0.2 0.5 0  0.225 0.5 0  0.25 0.5 0  0.275 0.5 0  0.3 0.5 0  0.325 0.5 0  0.35 0.5 0  0.375 0.5 0  0.4 0.5 0  0.425 0.5 0  0.45 0.5 0  0.475 0.5 0  0.5 0.5 0  0.525 0.5 0  0.55 0.5 0  0.575 0.5 0  0.6 0.5 0  0.625 0.5 0  0.65 0.5 0  0.675 0.5 0  0.7 0.5 0  0.725 0.5 0  0.75 0.5 0  0.775 0.5 0  0.8 0.5 0  0.825 0.5 0  0.85 0.5 0  0.875 0.5 0  0.9 0.5 0  0.925 0.5 0  0.95 0.5 0  0.975 0.5 0  1 0.5 0  1.025 0.5 0  1.05 0.5 0  1.075 0.5 0  1.1 0.5 0  1.125 0.5 0  1.15 0.5 0  1.175 0.5 0  1.2 0.5 0  1.225 0.5 0  1.25 0.5 0  1.275 0.5 0  1.3 0.5 0  1.325 0.5 0  1.35 0.5 0  1.375 0.5 0  1.4 0.5 0  1.425 0.5 0  1.45 0.5 0  1.475 0.5 0  1.5 0.5 0  1.525 0.5 0  1.55 0.5 0  1.575 0.5 0  1.6 0.5 0  1.625 0.5 0  1.65 0.5 0  1.675 0.5 0  1.7 0.5 0  1.725 0.5 0  1.75 0.5 0  1.775 0.5 0  1.8 0.5 0  1.825 0.5 0  1.85 0.5 0  1.875 0.5 0  1.9 0.5 0  1.925 0.5 0  1.95 0.5 0  1.975 0.5 0  2 0.5 0  0 0.5125 0  0.025 0.5125 0  0.05 0.5125 0  0.075 0.5125 0  0.1 0.5125 0  0.125 0.5125 0  0.15 0.5125 0  0.175 0.5125 0  0.2 0.5125 0  0.225 0.5125 0  0.25 0.5125 0  0.275 0.5125 0  0.3 0.5125 0  0.325 0.5125 0  0.35 0.5125 0  0.375 0.5125 0  0.4 0.5125 0  0.425 0.5125 0  0.45 0.5125 0  0.475 0.5125 0  0.5 0.5125 0  0.525 0.5125 0  0.55 0.5125 0  0.575 0.5125 0  0.6 0.5125 0  0.625 0.5125 0  0.65 0.5125 0  0.675 0.5125 0  0.7 0.5125 0  0.725 0.5125 0  0.75 0.5125 0  0.775 0.5125 0  0.8 0.5125 0  0.825 0.5125 0  0.85 0.5125 0  0.875 0.5125 0  0.9 0.5125 0  0.925 0.5125 0  0.95 0.5125 0  0.975 0.5125 0  1 0.5125 0  1.025 0.5125 0  1.05 0.5125 0  1.075 0.5125 0  1.1 0.5125 0  1.125 0.5125 0  1.15 0.5125 0  1.175 0.5125 0  1.2 0.5125 0  1.225 0.5125 0  1.25 0.5125 0  1.275 0.5125 0  1.3 0.5125 0  1.325 0.5125 0  1.35 0.5125 0  1.375 0.5125 0  1.4 0.5125 0  1.425 0.5125 0  1.45 0.5125 0  1.475 0.5125 0  1.5 0.5125 0  1.525 0.5125 0  1.55 0.5125 0  1.575 0.5125 0  1.6 0.5125 0  1.625 0.5125 0  1.65 0.5125 0  1.675 0.5125 0  1.7 0.5125 0  1.725 0.5125 0  1.75 0.5125 0  1.775 0.5125 0  1.8 0.5125 0  1.825 0.5125 0  1.85 0.5125 0  1.875 0.5125 0  1.9 0.5125 0  1.925 0.5125 0  1.95 0.5125 0  1.975 0.5125 0  2 0.5125 0  0 0.525 0  0.025 0.525 0  0.05 0.525 0  0.075 0.525 0  0.1 0.525 0  0.125 0.525 0  0.15 0.525 0  0.175 0.525 0  0.2 0.525 0  0.225 0.525 0  0.25 0.525 0  0.275 0.525 0  0.3 0.525 0  0.325 0.525 0  0.35 0.525 0  0.375 0.525 0  0.4 0.525 0  0.425 0.525 0  0.45 0.525 0  0.475 0.525 0  0.5 0.525 0  0.525 0.525 0  0.55 0.525 0  0.575 0.525 0  0.6 0.525 0  0.625 0.525 0  0.65 0.525 0  0.675 0.525 0  0.7 0.525 0  0.725 0.525 0  0.75 0.525 0  0.775 0.525 0  0.8 0.525 0  0.825 0.525 0  0.85 0.525 0  0.875 0.525 0  0.9 0.525 0  0.925 0.525 0  0.95 0.525 0  0.975 0.525 0  1 0.525 0  1.025 0.525 0  1.05 0.525 0  1.075 0.525 0  1.1 0.525 0  1.125 0.525 0  1.15 0.525 0  1.175 0.525 0  1.2 0.525 0  1.225 0.525 0  1.25 0.525 0  1.275 0.525 0  1.3 0.525 0  1.325 0.525 0  1.35 0.525 0  1.375 0.525 0  1.4 0.525 0  1.425 0.525 0  1.45 0.525 0  1.475 0.525 0  1.5 0.525 0  1.525 0.525 0  1.55 0.525 0  1.575 0.525 0  1.6 0.525 0  1.625 0.525 0  1.65 0.525 0  1.675 0.525 0  1.7 0.525 0  1.725 0.525 0  1.75 0.525 0  1.775 0.525 0  1.8 0.525 0  1.825 0.525 0  1.85 0.525 0  1.875 0.525 0  1.9 0.525 0  1.925 0.525 0  1.95 0.525 0  1.975 0.525 0  2 0.525 0  0 0.5375 0  0.025 0.5375 0  0.05 0.5375 0  0.075 0.5375 0  0.1 0.5375 0  0.125 0.5375 0  0.15 0.5375 0  0.175 0.5375 0  0.2 0.5375 0  0.225 0.5375 0  0.25 0.5375 0  0.275 0.5375 0  0.3 0.5375 0  0.325 0.5375 0  0.35 0.5375 0  0.375 0.5375 0  0.4 0.5375 0  0.425 0.5375 0  0.45 0.5375 0  0.475 0.5375 0  0.5 0.5375 0  0.525 0.5375 0  0.55 0.5375 0  0.575 0.5375 0  0.6 0.5375 0  0.625 0.5375 0  0.65 0.5375 0  0.675 0.5375 0  0.7 0.5375 0  0.725 0.5375 0  0.75 0.5375 0  0.775 0.5375 0  0.8 0.5375 0  0.825 0.5375 0  0.85 0.5375 0  0.875 0.5375 0  0.9 0.5375 0  0.925 0.5375 0  0.95 0.5375 0  0.975 0.5375 0  1 0.5375 0  1.025 0.5375 0  1.05 0.5375 0  1.075 0.5375 0  1.1 0.5375 0  1.125 0.5375 0  1.15 0.5375 0  1.175 0.5375 0  1.2 0.5375 0  1.225 0.5375 0  1.25 0.5375 0  1.275 0.5375 0  1.3 0.5375 0  1.325 0.5375 0  1.35 0.5375 0  1.375 0.5375 0  1.4 0.5375 0  1.425 0.5375 0  1.45 0.5375 0  1.475 0.5375 0  1.5 0.5375 0  1.525 0.5375 0  1.55 0.5375 0  1.575 0.5375 0  1.6 0.5375 0  1.625 0.5375 0  1.65 0.5375 0  1.675 0.5375 0  1.7 0.5375 0  1.725 0.5375 0  1.75 0.5375 0  1.775 0.5375 0  1.8 0.5375 0  1.825 0.5375 0  1.85 0.5375 0  1.875 0.5375 0  1.9 0.5375 0  1.925 0.5375 0  1.95 0.5375 0  1.975 0.5375 0  2 0.5375 0  0 0.55 0  0.025 0.55 0  0.05 0.55 0  0.075 0.55 0  0.1 0.55 0  0.125 0.55 0  0.15 0.55 0  0.175 0.55 0  0.2 0.55 0  0.225 0.55 0  0.25 0.55 0  0.275 0.55 0  0.3 0.55 0  0.325 0.55 0  0.35 0.55 0  0.375 0.55 0  0.4 0.55 0  0.425 0.55 0  0.45 0.55 0  0.475 0.55 0  0.5 0.55 0  0.525 0.55 0  0.55 0.55 0  0.575 0.55 0  0.6 0.55 0  0.625 0.55 0  0.65 0.55 0  0.675 0.55 0  0.7 0.55 0  0.725 0.55 0  0.75 0.55 0  0.775 0.55 0  0.8 0.55 0  0.825 0.55 0  0.85 0.55 0  0.875 0.55 0  0.9 0.55 0  0.925 0.55 0  0.95 0.55 0  0.975 0.55 0  1 0.55 0  1.025 0.55 0  1.05 0.55 0  1.075 0.55 0  1.1 0.55 0  1.125 0.55 0  1.15 0.55 0  1.175 0.55 0  1.2 0.55 0  1.225 0.55 0  1.25 0.55 0  1.275 0.55 0  1.3 0.55 0  1.325 0.55 0  1.35 0.55 0  1.375 0.55 0  1.4 0.55 0  1.425 0.55 0  1.45 0.55 0  1.475 0.55 0  1.5 0.55 0  1.525 0.55 0  1.55 0.55 0  1.575 0.55 0  1.6 0.55 0  1.625 0.55 0  1.65 0.55 0  1.675 0.55 0  1.7 0.55 0  1.725 0.55 0  1.75 0.55 0  1.775 0.55 0  1.8 0.55 0  1.825 0.55 0  1.85 0.55 0  1.875 0.55 0  1.9 0.55 0  1.925 0.55 0  1.95 0.55 0  1.975 0.55 0  2 0.55 0  0 0.5625 0  0.025 0.5625 0  0.05 0.5625 0  0.075 0.5625 0  0.1 0.5625 0  0.125 0.5625 0  0.15 0.5625 0  0.175 0.5625 0  0.2 0.5625 0  0.225 0.5625 0  0.25 0.5625 0  0.275 0.5625 0  0.3 0.5625 0  0.325 0.5625 0  0.35 0.5625 0  0.375 0.5625 0  0.4 0.5625 0  0.425 0.5625 0  0.45 0.5625 0  0.475 0.5625 0  0.5 0.5625 0  0.525 0.5625 0  0.55 0.5625 0  0.575 0.5625 0  0.6 0.5625 0  0.625 0.5625 0  0.65 0.5625 0  0.675 0.5625 0  0.7 0.5625 0  0.725 0.5625 0  0.75 0.5625 0  0.775 0.5625 0  0.8 0.5625 0  0.825 0.5625 0  0.85 0.5625 0  0.875 0.5625 0  0.9 0.5625 0  0.925 0.5625 0  0.95 0.5625 0  0.975 0.5625 0  1 0.5625 0  1.025 0.5625 0  1.05 0.5625 0  1.075 0.5625 0  1.1 0.5625 0  1.125 0.5625 0  1.15 0.5625 0  1.175 0.5625 0  1.2 0.5625 0  1.225 0.5625 0  1.25 0.5625 0  1.275 0.5625 0  1.3 0.5625 0  1.325 0.5625 0  1.35 0.5625 0  1.375 0.5625 0  1.4 0.5625 0  1.425 0.5625 0  1.45 0.5625 0  1.475 0.5625 0  1.5 0.5625 0  1.525 0.5625 0  1.55 0.5625 0  1.575 0.5625 0  1.6 0.5625 0  1.625 0.5625 0  1.65 0.5625 0  1.675 0.5625 0  1.7 0.5625 0  1.725 0.5625 0  1.75 0.5625 0  1.775 0.5625 0  1.8 0.5625 0  1.825 0.5625 0  1.85 0.5625 0  1.875 0.5625 0  1.9 0.5625 0  1.925 0.5625 0  1.95 0.5625 0  1.975 0.5625 0  2 0.5625 0  0 0.575 0  0.025 0.575 0  0.05 0.575 0  0.075 0.575 0  0.1 0.575 0  0.125 0.575 0  0.15 0.575 0  0.175 0.575 0  0.2 0.575 0  0.225 0.575 0  0.25 0.575 0  0.275 0.575 0  0.3 0.575 0  0.325 0.575 0  0.35 0.575 0  0.375 0.575 0  0.4 0.575 0  0.425 0.575 0  0.45 0.575 0  0.475 0.575 0  0.5 0.575 0  0.525 0.575 0  0.55 0.575 0  0.575 0.575 0  0.6 0.575 0  0.625 0.575 0  0.65 0.575 0  0.675 0.575 0  0.7 0.575 0  0.725 0.575 0  0.75 0.575 0  0.775 0.575 0  0.8 0.575 0  0.825 0.575 0  0.85 0.575 0  0.875 0.575 0  0.9 0.575 0  0.925 0.575 0  0.95 0.575 0  0.975 0.575 0  1 0.575 0  1.025 0.575 0  1.05 0.575 0  1.075 0.575 0  1.1 0.575 0  1.125 0.575 0  1.15 0.575 0  1.175 0.575 0  1.2 0.575 0  1.225 0.575 0  1.25 0.575 0  1.275 0.575 0  1.3 0.575 0  1.325 0.575 0  1.35 0.575 0  1.375 0.575 0  1.4 0.575 0  1.425 0.575 0  1.45 0.575 0  1.475 0.575 0  1.5 0.575 0  1.525 0.575 0  1.55 0.575 0  1.575 0.575 0  1.6 0.575 0  1.625 0.575 0  1.65 0.575 0  1.675 0.575 0  1.7 0.575 0  1.725 0.575 0  1.75 0.575 0  1.775 0.575 0  1.8 0.575 0  1.825 0.575 0  1.85 0.575 0  1.875 0.575 0  1.9 0.575 0  1.925 0.575 0  1.95 0.575 0  1.975 0.575 0  2 0.575 0  0 0.5875 0  0.025 0.5875 0  0.05 0.5875 0  0.075 0.5875 0  0.1 0.5875 0  0.125 0.5875 0  0.15 0.5875 0  0.175 0.5875 0  0.2 0.5875 0  0.225 0.5875 0  0.25 0.5875 0  0.275 0.5875 0  0.3 0.5875 0  0.325 0.5875 0  0.35 0.5875 0  0.375 0.5875 0  0.4 0.5875 0  0.425 0.5875 0  0.45 0.5875 0  0.475 0.5875 0  0.5 0.5875 0  0.525 0.5875 0  0.55 0.5875 0  0.575 0.5875 0  0.6 0.5875 0  0.625 0.5875 0  0.65 0.5875 0  0.675 0.5875 0  0.7 0.5875 0  0.725 0.5875 0  0.75 0.5875 0  0.775 0.5875 0  0.8 0.5875 0  0.825 0.5875 0  0.85 0.5875 0  0.875 0.5875 0  0.9 0.5875 0  0.925 0.5875 0  0.95 0.5875 0  0.975 0.5875 0  1 0.5875 0  1.025 0.5875 0  1.05 0.5875 0  1.075 0.5875 0  1.1 0.5875 0  1.125 0.5875 0  1.15 0.5875 0  1.175 0.5875 0  1.2 0.5875 0  1.225 0.5875 0  1.25 0.5875 0  1.275 0.5875 0  1.3 0.5875 0  1.325 0.5875 0  1.35 0.5875 0  1.375 0.5875 0  1.4 0.5875 0  1.425 0.5875 0  1.45 0.5875 0  1.475 0.5875 0  1.5 0.5875 0  1.525 0.5875 0  1.55 0.5875 0  1.575 0.5875 0  1.6 0.5875 0  1.625 0.5875 0  1.65 0.5875 0  1.675 0.5875 0  1.7 0.5875 0  1.725 0.5875 0  1.75 0.5875 0  1.775 0.5875 0  1.8 0.5875 0  1.825 0.5875 0  1.85 0.5875 0  1.875 0.5875 0  1.9 0.5875 0  1.925 0.5875 0  1.95 0.5875 0  1.975 0.5875 0  2 0.5875 0  0 0.6 0  0.025 0.6 0  0.05 0.6 0  0.075 0.6 0  0.1 0.6 0  0.125 0.6 0  0.15 0.6 0  0.175 0.6 0  0.2 0.6 0  0.225 0.6 0  0.25 0.6 0  0.275 0.6 0  0.3 0.6 0  0.325 0.6 0  0.35 0.6 0  0.375 0.6 0  0.4 0.6 0  0.425 0.6 0  0.45 0.6 0  0.475 0.6 0  0.5 0.6 0  0.525 0.6 0  0.55 0.6 0  0.575 0.6 0  0.6 0.6 0  0.625 0.6 0  0.65 0.6 0  0.675 0.6 0  0.7 0.6 0  0.725 0.6 0  0.75 0.6 0  0.775 0.6 0  0.8 0.6 0  0.825 0.6 0  0.85 0.6 0  0.875 0.6 0  0.9 0.6 0  0.925 0.6 0  0.95 0.6 0  0.975 0.6 0  1 0.6 0  1.025 0.6 0  1.05 0.6 0  1.075 0.6 0  1.1 0.6 0  1.125 0.6 0  1.15 0.6 0  1.175 0.6 0  1.2 0.6 0  1.225 0.6 0  1.25 0.6 0  1.275 0.6 0  1.3 0.6 0  1.325 0.6 0  1.35 0.6 0  1.375 0.6 0  1.4 0.6 0  1.425 0.6 0  1.45 0.6 0  1.475 0.6 0  1.5 0.6 0  1.525 0.6 0  1.55 0.6 0  1.575 0.6 0  1.6 0.6 0  1.625 0.6 0  1.65 0.6 0  1.675 0.6 0  1.7 0.6 0  1.725 0.6 0  1.75 0.6 0  1.775 0.6 0  1.8 0.6 0  1.825 0.6 0  1.85 0.6 0  1.875 0.6 0  1.9 0.6 0  1.925 0.6 0  1.95 0.6 0  1.975 0.6 0  2 0.6 0  0 0.6125 0  0.025 0.6125 0  0.05 0.6125 0  0.075 0.6125 0  0.1 0.6125 0  0.125 0.6125 0  0.15 0.6125 0  0.175 0.6125 0  0.2 0.6125 0  0.225 0.6125 0  0.25 0.6125 0  0.275 0.6125 0  0.3 0.6125 0  0.325 0.6125 0  0.35 0.6125 0  0.375 0.6125 0  0.4 0.6125 0  0.425 0.6125 0  0.45 0.6125 0  0.475 0.6125 0  0.5 0.6125 0  0.525 0.6125 0  0.55 0.6125 0  0.575 0.6125 0  0.6 0.6125 0  0.625 0.6125 0  0.65 0.6125 0  0.675 0.6125 0  0.7 0.6125 0  0.725 0.6125 0  0.75 0.6125 0  0.775 0.6125 0  0.8 0.6125 0  0.825 0.6125 0  0.85 0.6125 0  0.875 0.6125 0  0.9 0.6125 0  0.925 0.6125 0  0.95 0.6125 0  0.975 0.6125 0  1 0.6125 0  1.025 0.6125 0  1.05 0.6125 0  1.075 0.6125 0  1.1 0.6125 0  1.125 0.6125 0  1.15 0.6125 0  1.175 0.6125 0  1.2 0.6125 0  1.225 0.6125 0  1.25 0.6125 0  1.275 0.6125 0  1.3 0.6125 0  1.325 0.6125 0  1.35 0.6125 0  1.375 0.6125 0  1.4 0.6125 0  1.425 0.6125 0  1.45 0.6125 0  1.475 0.6125 0  1.5 0.6125 0  1.525 0.6125 0  1.55 0.6125 0  1.575 0.6125 0  1.6 0.6125 0  1.625 0.6125 0  1.65 0.6125 0  1.675 0.6125 0  1.7 0.6125 0  1.725 0.6125 0  1.75 0.6125 0  1.775 0.6125 0  1.8 0.6125 0  1.825 0.6125 0  1.85 0.6125 0  1.875 0.6125 0  1.9 0.6125 0  1.925 0.6125 0  1.95 0.6125 0  1.975 0.6125 0  2 0.6125 0  0 0.625 0  0.025 0.625 0  0.05 0.625 0  0.075 0.625 0  0.1 0.625 0  0.125 0.625 0  0.15 0.625 0  0.175 0.625 0  0.2 0.625 0  0.225 0.625 0  0.25 0.625 0  0.275 0.625 0  0.3 0.625 0  0.325 0.625 0  0.35 0.625 0  0.375 0.625 0  0.4 0.625 0  0.425 0.625 0  0.45 0.625 0  0.475 0.625 0  0.5 0.625 0  0.525 0.625 0  0.55 0.625 0  0.575 0.625 0  0.6 0.625 0  0.625 0.625 0  0.65 0.625 0  0.675 0.625 0  0.7 0.625 0  0.725 0.625 0  0.75 0.625 0  0.775 0.625 0  0.8 0.625 0  0.825 0.625 0  0.85 0.625 0  0.875 0.625 0  0.9 0.625 0  0.925 0.625 0  0.95 0.625 0  0.975 0.625 0  1 0.625 0  1.025 0.625 0  1.05 0.625 0  1.075 0.625 0  1.1 0.625 0  1.125 0.625 0  1.15 0.625 0  1.175 0.625 0  1.2 0.625 0  1.225 0.625 0  1.25 0.625 0  1.275 0.625 0  1.3 0.625 0  1.325 0.625 0  1.35 0.625 0  1.375 0.625 0  1.4 0.625 0  1.425 0.625 0  1.45 0.625 0  1.475 0.625 0  1.5 0.625 0  1.525 0.625 0  1.55 0.625 0  1.575 0.625 0  1.6 0.625 0  1.625 0.625 0  1.65 0.625 0  1.675 0.625 0  1.7 0.625 0  1.725 0.625 0  1.75 0.625 0  1.775 0.625 0  1.8 0.625 0  1.825 0.625 0  1.85 0.625 0  1.875 0.625 0  1.9 0.625 0  1.925 0.625 0  1.95 0.625 0  1.975 0.625 0  2 0.625 0  0 0.6375 0  0.025 0.6375 0  0.05 0.6375 0  0.075 0.6375 0  0.1 0.6375 0  0.125 0.6375 0  0.15 0.6375 0  0.175 0.6375 0  0.2 0.6375 0  0.225 0.6375 0  0.25 0.6375 0  0.275 0.6375 0  0.3 0.6375 0  0.325 0.6375 0  0.35 0.6375 0  0.375 0.6375 0  0.4 0.6375 0  0.425 0.6375 0  0.45 0.6375 0  0.475 0.6375 0  0.5 0.6375 0  0.525 0.6375 0  0.55 0.6375 0  0.575 0.6375 0  0.6 0.6375 0  0.625 0.6375 0  0.65 0.6375 0  0.675 0.6375 0  0.7 0.6375 0  0.725 0.6375 0  0.75 0.6375 0  0.775 0.6375 0  0.8 0.6375 0  0.825 0.6375 0  0.85 0.6375 0  0.875 0.6375 0  0.9 0.6375 0  0.925 0.6375 0  0.95 0.6375 0  0.975 0.6375 0  1 0.6375 0  1.025 0.6375 0  1.05 0.6375 0  1.075 0.6375 0  1.1 0.6375 0  1.125 0.6375 0  1.15 0.6375 0  1.175 0.6375 0  1.2 0.6375 0  1.225 0.6375 0  1.25 0.6375 0  1.275 0.6375 0  1.3 0.6375 0  1.325 0.6375 0  1.35 0.6375 0  1.375 0.6375 0  1.4 0.6375 0  1.425 0.6375 0  1.45 0.6375 0  1.475 0.6375 0  1.5 0.6375 0  1.525 0.6375 0  1.55 0.6375 0  1.575 0.6375 0  1.6 0.6375 0  1.625 0.6375 0  1.65 0.6375 0  1.675 0.6375 0  1.7 0.6375 0  1.725 0.6375 0  1.75 0.6375 0  1.775 0.6375 0  1.8 0.6375 0  1.825 0.6375 0  1.85 0.6375 0  1.875 0.6375 0  1.9 0.6375 0  1.925 0.6375 0  1.95 0.6375 0  1.975 0.6375 0  2 0.6375 0  0 0.65 0  0.025 0.65 0  0.05 0.65 0  0.075 0.65 0  0.1 0.65 0  0.125 0.65 0  0.15 0.65 0  0.175 0.65 0  0.2 0.65 0  0.225 0.65 0  0.25 0.65 0  0.275 0.65 0  0.3 0.65 0  0.325 0.65 0  0.35 0.65 0  0.375 0.65 0  0.4 0.65 0  0.425 0.65 0  0.45 0.65 0  0.475 0.65 0  0.5 0.65 0  0.525 0.65 0  0.55 0.65 0  0.575 0.65 0  0.6 0.65 0  0.625 0.65 0  0.65 0.65 0  0.675 0.65 0  0.7 0.65 0  0.725 0.65 0  0.75 0.65 0  0.775 0.65 0  0.8 0.65 0  0.825 0.65 0  0.85 0.65 0  0.875 0.65 0  0.9 0.65 0  0.925 0.65 0  0.95 0.65 0  0.975 0.65 0  1 0.65 0  1.025 0.65 0  1.05 0.65 0  1.075 0.65 0  1.1 0.65 0  1.125 0.65 0  1.15 0.65 0  1.175 0.65 0  1.2 0.65 0  1.225 0.65 0  1.25 0.65 0  1.275 0.65 0  1.3 0.65 0  1.325 0.65 0  1.35 0.65 0  1.375 0.65 0  1.4 0.65 0  1.425 0.65 0  1.45 0.65 0  1.475 0.65 0  1.5 0.65 0  1.525 0.65 0  1.55 0.65 0  1.575 0.65 0  1.6 0.65 0  1.625 0.65 0  1.65 0.65 0  1.675 0.65 0  1.7 0.65 0  1.725 0.65 0  1.75 0.65 0  1.775 0.65 0  1.8 0.65 0  1.825 0.65 0  1.85 0.65 0  1.875 0.65 0  1.9 0.65 0  1.925 0.65 0  1.95 0.65 0  1.975 0.65 0  2 0.65 0  0 0.6625 0  0.025 0.6625 0  0.05 0.6625 0  0.075 0.6625 0  0.1 0.6625 0  0.125 0.6625 0  0.15 0.6625 0  0.175 0.6625 0  0.2 0.6625 0  0.225 0.6625 0  0.25 0.6625 0  0.275 0.6625 0  0.3 0.6625 0  0.325 0.6625 0  0.35 0.6625 0  0.375 0.6625 0  0.4 0.6625 0  0.425 0.6625 0  0.45 0.6625 0  0.475 0.6625 0  0.5 0.6625 0  0.525 0.6625 0  0.55 0.6625 0  0.575 0.6625 0  0.6 0.6625 0  0.625 0.6625 0  0.65 0.6625 0  0.675 0.6625 0  0.7 0.6625 0  0.725 0.6625 0  0.75 0.6625 0  0.775 0.6625 0  0.8 0.6625 0  0.825 0.6625 0  0.85 0.6625 0  0.875 0.6625 0  0.9 0.6625 0  0.925 0.6625 0  0.95 0.6625 0  0.975 0.6625 0  1 0.6625 0  1.025 0.6625 0  1.05 0.6625 0  1.075 0.6625 0  1.1 0.6625 0  1.125 0.6625 0  1.15 0.6625 0  1.175 0.6625 0  1.2 0.6625 0  1.225 0.6625 0  1.25 0.6625 0  1.275 0.6625 0  1.3 0.6625 0  1.325 0.6625 0  1.35 0.6625 0  1.375 0.6625 0  1.4 0.6625 0  1.425 0.6625 0  1.45 0.6625 0  1.475 0.6625 0  1.5 0.6625 0  1.525 0.6625 0  1.55 0.6625 0  1.575 0.6625 0  1.6 0.6625 0  1.625 0.6625 0  1.65 0.6625 0  1.675 0.6625 0  1.7 0.6625 0  1.725 0.6625 0  1.75 0.6625 0  1.775 0.6625 0  1.8 0.6625 0  1.825 0.6625 0  1.85 0.6625 0  1.875 0.6625 0  1.9 0.6625 0  1.925 0.6625 0  1.95 0.6625 0  1.975 0.6625 0  2 0.6625 0  0 0.675 0  0.025 0.675 0  0.05 0.675 0  0.075 0.675 0  0.1 0.675 0  0.125 0.675 0  0.15 0.675 0  0.175 0.675 0  0.2 0.675 0  0.225 0.675 0  0.25 0.675 0  0.275 0.675 0  0.3 0.675 0  0.325 0.675 0  0.35 0.675 0  0.375 0.675 0  0.4 0.675 0  0.425 0.675 0  0.45 0.675 0  0.475 0.675 0  0.5 0.675 0  0.525 0.675 0  0.55 0.675 0  0.575 0.675 0  0.6 0.675 0  0.625 0.675 0  0.65 0.675 0  0.675 0.675 0  0.7 0.675 0  0.725 0.675 0  0.75 0.675 0  0.775 0.675 0  0.8 0.675 0  0.825 0.675 0  0.85 0.675 0  0.875 0.675 0  0.9 0.675 0  0.925 0.675 0  0.95 0.675 0  0.975 0.675 0  1 0.675 0  1.025 0.675 0  1.05 0.675 0  1.075 0.675 0  1.1 0.675 0  1.125 0.675 0  1.15 0.675 0  1.175 0.675 0  1.2 0.675 0  1.225 0.675 0  1.25 0.675 0  1.275 0.675 0  1.3 0.675 0  1.325 0.675 0  1.35 0.675 0  1.375 0.675 0  1.4 0.675 0  1.425 0.675 0  1.45 0.675 0  1.475 0.675 0  1.5 0.675 0  1.525 0.675 0  1.55 0.675 0  1.575 0.675 0  1.6 0.675 0  1.625 0.675 0  1.65 0.675 0  1.675 0.675 0  1.7 0.675 0  1.725 0.675 0  1.75 0.675 0  1.775 0.675 0  1.8 0.675 0  1.825 0.675 0  1.85 0.675 0  1.875 0.675 0  1.9 0.675 0  1.925 0.675 0  1.95 0.675 0  1.975 0.675 0  2 0.675 0  0 0.6875 0  0.025 0.6875 0  0.05 0.6875 0  0.075 0.6875 0  0.1 0.6875 0  0.125 0.6875 0  0.15 0.6875 0  0.175 0.6875 0  0.2 0.6875 0  0.225 0.6875 0  0.25 0.6875 0  0.275 0.6875 0  0.3 0.6875 0  0.325 0.6875 0  0.35 0.6875 0  0.375 0.6875 0  0.4 0.6875 0  0.425 0.6875 0  0.45 0.6875 0  0.475 0.6875 0  0.5 0.6875 0  0.525 0.6875 0  0.55 0.6875 0  0.575 0.6875 0  0.6 0.6875 0  0.625 0.6875 0  0.65 0.6875 0  0.675 0.6875 0  0.7 0.6875 0  0.725 0.6875 0  0.75 0.6875 0  0.775 0.6875 0  0.8 0.6875 0  0.825 0.6875 0  0.85 0.6875 0  0.875 0.6875 0  0.9 0.6875 0  0.925 0.6875 0  0.95 0.6875 0  0.975 0.6875 0  1 0.6875 0  1.025 0.6875 0  1.05 0.6875 0  1.075 0.6875 0  1.1 0.6875 0  1.125 0.6875 0  1.15 0.6875 0  1.175 0.6875 0  1.2 0.6875 0  1.225 0.6875 0  1.25 0.6875 0  1.275 0.6875 0  1.3 0.6875 0  1.325 0.6875 0  1.35 0.6875 0  1.375 0.6875 0  1.4 0.6875 0  1.425 0.6875 0  1.45 0.6875 0  1.475 0.6875 0  1.5 0.6875 0  1.525 0.6875 0  1.55 0.6875 0  1.575 0.6875 0  1.6 0.6875 0  1.625 0.6875 0  1.65 0.6875 0  1.675 0.6875 0  1.7 0.6875 0  1.725 0.6875 0  1.75 0.6875 0  1.775 0.6875 0  1.8 0.6875 0  1.825 0.6875 0  1.85 0.6875 0  1.875 0.6875 0  1.9 0.6875 0  1.925 0.6875 0  1.95 0.6875 0  1.975 0.6875 0  2 0.6875 0  0 0.7 0  0.025 0.7 0  0.05 0.7 0  0.075 0.7 0  0.1 0.7 0  0.125 0.7 0  0.15 0.7 0  0.175 0.7 0  0.2 0.7 0  0.225 0.7 0  0.25 0.7 0  0.275 0.7 0  0.3 0.7 0  0.325 0.7 0  0.35 0.7 0  0.375 0.7 0  0.4 0.7 0  0.425 0.7 0  0.45 0.7 0  0.475 0.7 0  0.5 0.7 0  0.525 0.7 0  0.55 0.7 0  0.575 0.7 0  0.6 0.7 0  0.625 0.7 0  0.65 0.7 0  0.675 0.7 0  0.7 0.7 0  0.725 0.7 0  0.75 0.7 0  0.775 0.7 0  0.8 0.7 0  0.825 0.7 0  0.85 0.7 0  0.875 0.7 0  0.9 0.7 0  0.925 0.7 0  0.95 0.7 0  0.975 0.7 0  1 0.7 0  1.025 0.7 0  1.05 0.7 0  1.075 0.7 0  1.1 0.7 0  1.125 0.7 0  1.15 0.7 0  1.175 0.7 0  1.2 0.7 0  1.225 0.7 0  1.25 0.7 0  1.275 0.7 0  1.3 0.7 0  1.325 0.7 0  1.35 0.7 0  1.375 0.7 0  1.4 0.7 0  1.425 0.7 0  1.45 0.7 0  1.475 0.7 0  1.5 0.7 0  1.525 0.7 0  1.55 0.7 0  1.575 0.7 0  1.6 0.7 0  1.625 0.7 0  1.65 0.7 0  1.675 0.7 0  1.7 0.7 0  1.725 0.7 0  1.75 0.7 0  1.775 0.7 0  1.8 0.7 0  1.825 0.7 0  1.85 0.7 0  1.875 0.7 0  1.9 0.7 0  1.925 0.7 0  1.95 0.7 0  1.975 0.7 0  2 0.7 0  0 0.7125 0  0.025 0.7125 0  0.05 0.7125 0  0.075 0.7125 0  0.1 0.7125 0  0.125 0.7125 0  0.15 0.7125 0  0.175 0.7125 0  0.2 0.7125 0  0.225 0.7125 0  0.25 0.7125 0  0.275 0.7125 0  0.3 0.7125 0  0.325 0.7125 0  0.35 0.7125 0  0.375 0.7125 0  0.4 0.7125 0  0.425 0.7125 0  0.45 0.7125 0  0.475 0.7125 0  0.5 0.7125 0  0.525 0.7125 0  0.55 0.7125 0  0.575 0.7125 0  0.6 0.7125 0  0.625 0.7125 0  0.65 0.7125 0  0.675 0.7125 0  0.7 0.7125 0  0.725 0.7125 0  0.75 0.7125 0  0.775 0.7125 0  0.8 0.7125 0  0.825 0.7125 0  0.85 0.7125 0  0.875 0.7125 0  0.9 0.7125 0  0.925 0.7125 0  0.95 0.7125 0  0.975 0.7125 0  1 0.7125 0  1.025 0.7125 0  1.05 0.7125 0  1.075 0.7125 0  1.1 0.7125 0  1.125 0.7125 0  1.15 0.7125 0  1.175 0.7125 0  1.2 0.7125 0  1.225 0.7125 0  1.25 0.7125 0  1.275 0.7125 0  1.3 0.7125 0  1.325 0.7125 0  1.35 0.7125 0  1.375 0.7125 0  1.4 0.7125 0  1.425 0.7125 0  1.45 0.7125 0  1.475 0.7125 0  1.5 0.7125 0  1.525 0.7125 0  1.55 0.7125 0  1.575 0.7125 0  1.6 0.7125 0  1.625 0.7125 0  1.65 0.7125 0  1.675 0.7125 0  1.7 0.7125 0  1.725 0.7125 0  1.75 0.7125 0  1.775 0.7125 0  1.8 0.7125 0  1.825 0.7125 0  1.85 0.7125 0  1.875 0.7125 0  1.9 0.7125 0  1.925 0.7125 0  1.95 0.7125 0  1.975 0.7125 0  2 0.7125 0  0 0.725 0  0.025 0.725 0  0.05 0.725 0  0.075 0.725 0  0.1 0.725 0  0.125 0.725 0  0.15 0.725 0  0.175 0.725 0  0.2 0.725 0  0.225 0.725 0  0.25 0.725 0  0.275 0.725 0  0.3 0.725 0  0.325 0.725 0  0.35 0.725 0  0.375 0.725 0  0.4 0.725 0  0.425 0.725 0  0.45 0.725 0  0.475 0.725 0  0.5 0.725 0  0.525 0.725 0  0.55 0.725 0  0.575 0.725 0  0.6 0.725 0  0.625 0.725 0  0.65 0.725 0  0.675 0.725 0  0.7 0.725 0  0.725 0.725 0  0.75 0.725 0  0.775 0.725 0  0.8 0.725 0  0.825 0.725 0  0.85 0.725 0  0.875 0.725 0  0.9 0.725 0  0.925 0.725 0  0.95 0.725 0  0.975 0.725 0  1 0.725 0  1.025 0.725 0  1.05 0.725 0  1.075 0.725 0  1.1 0.725 0  1.125 0.725 0  1.15 0.725 0  1.175 0.725 0  1.2 0.725 0  1.225 0.725 0  1.25 0.725 0  1.275 0.725 0  1.3 0.725 0  1.325 0.725 0  1.35 0.725 0  1.375 0.725 0  1.4 0.725 0  1.425 0.725 0  1.45 0.725 0  1.475 0.725 0  1.5 0.725 0  1.525 0.725 0  1.55 0.725 0  1.575 0.725 0  1.6 0.725 0  1.625 0.725 0  1.65 0.725 0  1.675 0.725 0  1.7 0.725 0  1.725 0.725 0  1.75 0.725 0  1.775 0.725 0  1.8 0.725 0  1.825 0.725 0  1.85 0.725 0  1.875 0.725 0  1.9 0.725 0  1.925 0.725 0  1.95 0.725 0  1.975 0.725 0  2 0.725 0  0 0.7375 0  0.025 0.7375 0  0.05 0.7375 0  0.075 0.7375 0  0.1 0.7375 0  0.125 0.7375 0  0.15 0.7375 0  0.175 0.7375 0  0.2 0.7375 0  0.225 0.7375 0  0.25 0.7375 0  0.275 0.7375 0  0.3 0.7375 0  0.325 0.7375 0  0.35 0.7375 0  0.375 0.7375 0  0.4 0.7375 0  0.425 0.7375 0  0.45 0.7375 0  0.475 0.7375 0  0.5 0.7375 0  0.525 0.7375 0  0.55 0.7375 0  0.575 0.7375 0  0.6 0.7375 0  0.625 0.7375 0  0.65 0.7375 0  0.675 0.7375 0  0.7 0.7375 0  0.725 0.7375 0  0.75 0.7375 0  0.775 0.7375 0  0.8 0.7375 0  0.825 0.7375 0  0.85 0.7375 0  0.875 0.7375 0  0.9 0.7375 0  0.925 0.7375 0  0.95 0.7375 0  0.975 0.7375 0  1 0.7375 0  1.025 0.7375 0  1.05 0.7375 0  1.075 0.7375 0  1.1 0.7375 0  1.125 0.7375 0  1.15 0.7375 0  1.175 0.7375 0  1.2 0.7375 0  1.225 0.7375 0  1.25 0.7375 0  1.275 0.7375 0  1.3 0.7375 0  1.325 0.7375 0  1.35 0.7375 0  1.375 0.7375 0  1.4 0.7375 0  1.425 0.7375 0  1.45 0.7375 0  1.475 0.7375 0  1.5 0.7375 0  1.525 0.7375 0  1.55 0.7375 0  1.575 0.7375 0  1.6 0.7375 0  1.625 0.7375 0  1.65 0.7375 0  1.675 0.7375 0  1.7 0.7375 0  1.725 0.7375 0  1.75 0.7375 0  1.775 0.7375 0  1.8 0.7375 0  1.825 0.7375 0  1.85 0.7375 0  1.875 0.7375 0  1.9 0.7375 0  1.925 0.7375 0  1.95 0.7375 0  1.975 0.7375 0  2 0.7375 0  0 0.75 0  0.025 0.75 0  0.05 0.75 0  0.075 0.75 0  0.1 0.75 0  0.125 0.75 0  0.15 0.75 0  0.175 0.75 0  0.2 0.75 0  0.225 0.75 0  0.25 0.75 0  0.275 0.75 0  0.3 0.75 0  0.325 0.75 0  0.35 0.75 0  0.375 0.75 0  0.4 0.75 0  0.425 0.75 0  0.45 0.75 0  0.475 0.75 0  0.5 0.75 0  0.525 0.75 0  0.55 0.75 0  0.575 0.75 0  0.6 0.75 0  0.625 0.75 0  0.65 0.75 0  0.675 0.75 0  0.7 0.75 0  0.725 0.75 0  0.75 0.75 0  0.775 0.75 0  0.8 0.75 0  0.825 0.75 0  0.85 0.75 0  0.875 0.75 0  0.9 0.75 0  0.925 0.75 0  0.95 0.75 0  0.975 0.75 0  1 0.75 0  1.025 0.75 0  1.05 0.75 0  1.075 0.75 0  1.1 0.75 0  1.125 0.75 0  1.15 0.75 0  1.175 0.75 0  1.2 0.75 0  1.225 0.75 0  1.25 0.75 0  1.275 0.75 0  1.3 0.75 0  1.325 0.75 0  1.35 0.75 0  1.375 0.75 0  1.4 0.75 0  1.425 0.75 0  1.45 0.75 0  1.475 0.75 0  1.5 0.75 0  1.525 0.75 0  1.55 0.75 0  1.575 0.75 0  1.6 0.75 0  1.625 0.75 0  1.65 0.75 0  1.675 0.75 0  1.7 0.75 0  1.725 0.75 0  1.75 0.75 0  1.775 0.75 0  1.8 0.75 0  1.825 0.75 0  1.85 0.75 0  1.875 0.75 0  1.9 0.75 0  1.925 0.75 0  1.95 0.75 0  1.975 0.75 0  2 0.75 0  0 0.7625 0  0.025 0.7625 0  0.05 0.7625 0  0.075 0.7625 0  0.1 0.7625 0  0.125 0.7625 0  0.15 0.7625 0  0.175 0.7625 0  0.2 0.7625 0  0.225 0.7625 0  0.25 0.7625 0  0.275 0.7625 0  0.3 0.7625 0  0.325 0.7625 0  0.35 0.7625 0  0.375 0.7625 0  0.4 0.7625 0  0.425 0.7625 0  0.45 0.7625 0  0.475 0.7625 0  0.5 0.7625 0  0.525 0.7625 0  0.55 0.7625 0  0.575 0.7625 0  0.6 0.7625 0  0.625 0.7625 0  0.65 0.7625 0  0.675 0.7625 0  0.7 0.7625 0  0.725 0.7625 0  0.75 0.7625 0  0.775 0.7625 0  0.8 0.7625 0  0.825 0.7625 0  0.85 0.7625 0  0.875 0.7625 0  0.9 0.7625 0  0.925 0.7625 0  0.95 0.7625 0  0.975 0.7625 0  1 0.7625 0  1.025 0.7625 0  1.05 0.7625 0  1.075 0.7625 0  1.1 0.7625 0  1.125 0.7625 0  1.15 0.7625 0  1.175 0.7625 0  1.2 0.7625 0  1.225 0.7625 0  1.25 0.7625 0  1.275 0.7625 0  1.3 0.7625 0  1.325 0.7625 0  1.35 0.7625 0  1.375 0.7625 0  1.4 0.7625 0  1.425 0.7625 0  1.45 0.7625 0  1.475 0.7625 0  1.5 0.7625 0  1.525 0.7625 0  1.55 0.7625 0  1.575 0.7625 0  1.6 0.7625 0  1.625 0.7625 0  1.65 0.7625 0  1.675 0.7625 0  1.7 0.7625 0  1.725 0.7625 0  1.75 0.7625 0  1.775 0.7625 0  1.8 0.7625 0  1.825 0.7625 0  1.85 0.7625 0  1.875 0.7625 0  1.9 0.7625 0  1.925 0.7625 0  1.95 0.7625 0  1.975 0.7625 0  2 0.7625 0  0 0.775 0  0.025 0.775 0  0.05 0.775 0  0.075 0.775 0  0.1 0.775 0  0.125 0.775 0  0.15 0.775 0  0.175 0.775 0  0.2 0.775 0  0.225 0.775 0  0.25 0.775 0  0.275 0.775 0  0.3 0.775 0  0.325 0.775 0  0.35 0.775 0  0.375 0.775 0  0.4 0.775 0  0.425 0.775 0  0.45 0.775 0  0.475 0.775 0  0.5 0.775 0  0.525 0.775 0  0.55 0.775 0  0.575 0.775 0  0.6 0.775 0  0.625 0.775 0  0.65 0.775 0  0.675 0.775 0  0.7 0.775 0  0.725 0.775 0  0.75 0.775 0  0.775 0.775 0  0.8 0.775 0  0.825 0.775 0  0.85 0.775 0  0.875 0.775 0  0.9 0.775 0  0.925 0.775 0  0.95 0.775 0  0.975 0.775 0  1 0.775 0  1.025 0.775 0  1.05 0.775 0  1.075 0.775 0  1.1 0.775 0  1.125 0.775 0  1.15 0.775 0  1.175 0.775 0  1.2 0.775 0  1.225 0.775 0  1.25 0.775 0  1.275 0.775 0  1.3 0.775 0  1.325 0.775 0  1.35 0.775 0  1.375 0.775 0  1.4 0.775 0  1.425 0.775 0  1.45 0.775 0  1.475 0.775 0  1.5 0.775 0  1.525 0.775 0  1.55 0.775 0  1.575 0.775 0  1.6 0.775 0  1.625 0.775 0  1.65 0.775 0  1.675 0.775 0  1.7 0.775 0  1.725 0.775 0  1.75 0.775 0  1.775 0.775 0  1.8 0.775 0  1.825 0.775 0  1.85 0.775 0  1.875 0.775 0  1.9 0.775 0  1.925 0.775 0  1.95 0.775 0  1.975 0.775 0  2 0.775 0  0 0.7875 0  0.025 0.7875 0  0.05 0.7875 0  0.075 0.7875 0  0.1 0.7875 0  0.125 0.7875 0  0.15 0.7875 0  0.175 0.7875 0  0.2 0.7875 0  0.225 0.7875 0  0.25 0.7875 0  0.275 0.7875 0  0.3 0.7875 0  0.325 0.7875 0  0.35 0.7875 0  0.375 0.7875 0  0.4 0.7875 0  0.425 0.7875 0  0.45 0.7875 0  0.475 0.7875 0  0.5 0.7875 0  0.525 0.7875 0  0.55 0.7875 0  0.575 0.7875 0  0.6 0.7875 0  0.625 0.7875 0  0.65 0.7875 0  0.675 0.7875 0  0.7 0.7875 0  0.725 0.7875 0  0.75 0.7875 0  0.775 0.7875 0  0.8 0.7875 0  0.825 0.7875 0  0.85 0.7875 0  0.875 0.7875 0  0.9 0.7875 0  0.925 0.7875 0  0.95 0.7875 0  0.975 0.7875 0  1 0.7875 0  1.025 0.7875 0  1.05 0.7875 0  1.075 0.7875 0  1.1 0.7875 0  1.125 0.7875 0  1.15 0.7875 0  1.175 0.7875 0  1.2 0.7875 0  1.225 0.7875 0  1.25 0.7875 0  1.275 0.7875 0  1.3 0.7875 0  1.325 0.7875 0  1.35 0.7875 0  1.375 0.7875 0  1.4 0.7875 0  1.425 0.7875 0  1.45 0.7875 0  1.475 0.7875 0  1.5 0.7875 0  1.525 0.7875 0  1.55 0.7875 0  1.575 0.7875 0  1.6 0.7875 0  1.625 0.7875 0  1.65 0.7875 0  1.675 0.7875 0  1.7 0.7875 0  1.725 0.7875 0  1.75 0.7875 0  1.775 0.7875 0  1.8 0.7875 0  1.825 0.7875 0  1.85 0.7875 0  1.875 0.7875 0  1.9 0.7875 0  1.925 0.7875 0  1.95 0.7875 0  1.975 0.7875 0  2 0.7875 0  0 0.8 0  0.025 0.8 0  0.05 0.8 0  0.075 0.8 0  0.1 0.8 0  0.125 0.8 0  0.15 0.8 0  0.175 0.8 0  0.2 0.8 0  0.225 0.8 0  0.25 0.8 0  0.275 0.8 0  0.3 0.8 0  0.325 0.8 0  0.35 0.8 0  0.375 0.8 0  0.4 0.8 0  0.425 0.8 0  0.45 0.8 0  0.475 0.8 0  0.5 0.8 0  0.525 0.8 0  0.55 0.8 0  0.575 0.8 0  0.6 0.8 0  0.625 0.8 0  0.65 0.8 0  0.675 0.8 0  0.7 0.8 0  0.725 0.8 0  0.75 0.8 0  0.775 0.8 0  0.8 0.8 0  0.825 0.8 0  0.85 0.8 0  0.875 0.8 0  0.9 0.8 0  0.925 0.8 0  0.95 0.8 0  0.975 0.8 0  1 0.8 0  1.025 0.8 0  1.05 0.8 0  1.075 0.8 0  1.1 0.8 0  1.125 0.8 0  1.15 0.8 0  1.175 0.8 0  1.2 0.8 0  1.225 0.8 0  1.25 0.8 0  1.275 0.8 0  1.3 0.8 0  1.325 0.8 0  1.35 0.8 0  1.375 0.8 0  1.4 0.8 0  1.425 0.8 0  1.45 0.8 0  1.475 0.8 0  1.5 0.8 0  1.525 0.8 0  1.55 0.8 0  1.575 0.8 0  1.6 0.8 0  1.625 0.8 0  1.65 0.8 0  1.675 0.8 0  1.7 0.8 0  1.725 0.8 0  1.75 0.8 0  1.775 0.8 0  1.8 0.8 0  1.825 0.8 0  1.85 0.8 0  1.875 0.8 0  1.9 0.8 0  1.925 0.8 0  1.95 0.8 0  1.975 0.8 0  2 0.8 0  0 0.8125 0  0.025 0.8125 0  0.05 0.8125 0  0.075 0.8125 0  0.1 0.8125 0  0.125 0.8125 0  0.15 0.8125 0  0.175 0.8125 0  0.2 0.8125 0  0.225 0.8125 0  0.25 0.8125 0  0.275 0.8125 0  0.3 0.8125 0  0.325 0.8125 0  0.35 0.8125 0  0.375 0.8125 0  0.4 0.8125 0  0.425 0.8125 0  0.45 0.8125 0  0.475 0.8125 0  0.5 0.8125 0  0.525 0.8125 0  0.55 0.8125 0  0.575 0.8125 0  0.6 0.8125 0  0.625 0.8125 0  0.65 0.8125 0  0.675 0.8125 0  0.7 0.8125 0  0.725 0.8125 0  0.75 0.8125 0  0.775 0.8125 0  0.8 0.8125 0  0.825 0.8125 0  0.85 0.8125 0  0.875 0.8125 0  0.9 0.8125 0  0.925 0.8125 0  0.95 0.8125 0  0.975 0.8125 0  1 0.8125 0  1.025 0.8125 0  1.05 0.8125 0  1.075 0.8125 0  1.1 0.8125 0  1.125 0.8125 0  1.15 0.8125 0  1.175 0.8125 0  1.2 0.8125 0  1.225 0.8125 0  1.25 0.8125 0  1.275 0.8125 0  1.3 0.8125 0  1.325 0.8125 0  1.35 0.8125 0  1.375 0.8125 0  1.4 0.8125 0  1.425 0.8125 0  1.45 0.8125 0  1.475 0.8125 0  1.5 0.8125 0  1.525 0.8125 0  1.55 0.8125 0  1.575 0.8125 0  1.6 0.8125 0  1.625 0.8125 0  1.65 0.8125 0  1.675 0.8125 0  1.7 0.8125 0  1.725 0.8125 0  1.75 0.8125 0  1.775 0.8125 0  1.8 0.8125 0  1.825 0.8125 0  1.85 0.8125 0  1.875 0.8125 0  1.9 0.8125 0  1.925 0.8125 0  1.95 0.8125 0  1.975 0.8125 0  2 0.8125 0  0 0.825 0  0.025 0.825 0  0.05 0.825 0  0.075 0.825 0  0.1 0.825 0  0.125 0.825 0  0.15 0.825 0  0.175 0.825 0  0.2 0.825 0  0.225 0.825 0  0.25 0.825 0  0.275 0.825 0  0.3 0.825 0  0.325 0.825 0  0.35 0.825 0  0.375 0.825 0  0.4 0.825 0  0.425 0.825 0  0.45 0.825 0  0.475 0.825 0  0.5 0.825 0  0.525 0.825 0  0.55 0.825 0  0.575 0.825 0  0.6 0.825 0  0.625 0.825 0  0.65 0.825 0  0.675 0.825 0  0.7 0.825 0  0.725 0.825 0  0.75 0.825 0  0.775 0.825 0  0.8 0.825 0  0.825 0.825 0  0.85 0.825 0  0.875 0.825 0  0.9 0.825 0  0.925 0.825 0  0.95 0.825 0  0.975 0.825 0  1 0.825 0  1.025 0.825 0  1.05 0.825 0  1.075 0.825 0  1.1 0.825 0  1.125 0.825 0  1.15 0.825 0  1.175 0.825 0  1.2 0.825 0  1.225 0.825 0  1.25 0.825 0  1.275 0.825 0  1.3 0.825 0  1.325 0.825 0  1.35 0.825 0  1.375 0.825 0  1.4 0.825 0  1.425 0.825 0  1.45 0.825 0  1.475 0.825 0  1.5 0.825 0  1.525 0.825 0  1.55 0.825 0  1.575 0.825 0  1.6 0.825 0  1.625 0.825 0  1.65 0.825 0  1.675 0.825 0  1.7 0.825 0  1.725 0.825 0  1.75 0.825 0  1.775 0.825 0  1.8 0.825 0  1.825 0.825 0  1.85 0.825 0  1.875 0.825 0  1.9 0.825 0  1.925 0.825 0  1.95 0.825 0  1.975 0.825 0  2 0.825 0  0 0.8375 0  0.025 0.8375 0  0.05 0.8375 0  0.075 0.8375 0  0.1 0.8375 0  0.125 0.8375 0  0.15 0.8375 0  0.175 0.8375 0  0.2 0.8375 0  0.225 0.8375 0  0.25 0.8375 0  0.275 0.8375 0  0.3 0.8375 0  0.325 0.8375 0  0.35 0.8375 0  0.375 0.8375 0  0.4 0.8375 0  0.425 0.8375 0  0.45 0.8375 0  0.475 0.8375 0  0.5 0.8375 0  0.525 0.8375 0  0.55 0.8375 0  0.575 0.8375 0  0.6 0.8375 0  0.625 0.8375 0  0.65 0.8375 0  0.675 0.8375 0  0.7 0.8375 0  0.725 0.8375 0  0.75 0.8375 0  0.775 0.8375 0  0.8 0.8375 0  0.825 0.8375 0  0.85 0.8375 0  0.875 0.8375 0  0.9 0.8375 0  0.925 0.8375 0  0.95 0.8375 0  0.975 0.8375 0  1 0.8375 0  1.025 0.8375 0  1.05 0.8375 0  1.075 0.8375 0  1.1 0.8375 0  1.125 0.8375 0  1.15 0.8375 0  1.175 0.8375 0  1.2 0.8375 0  1.225 0.8375 0  1.25 0.8375 0  1.275 0.8375 0  1.3 0.8375 0  1.325 0.8375 0  1.35 0.8375 0  1.375 0.8375 0  1.4 0.8375 0  1.425 0.8375 0  1.45 0.8375 0  1.475 0.8375 0  1.5 0.8375 0  1.525 0.8375 0  1.55 0.8375 0  1.575 0.8375 0  1.6 0.8375 0  1.625 0.8375 0  1.65 0.8375 0  1.675 0.8375 0  1.7 0.8375 0  1.725 0.8375 0  1.75 0.8375 0  1.775 0.8375 0  1.8 0.8375 0  1.825 0.8375 0  1.85 0.8375 0  1.875 0.8375 0  1.9 0.8375 0  1.925 0.8375 0  1.95 0.8375 0  1.975 0.8375 0  2 0.8375 0  0 0.85 0  0.025 0.85 0  0.05 0.85 0  0.075 0.85 0  0.1 0.85 0  0.125 0.85 0  0.15 0.85 0  0.175 0.85 0  0.2 0.85 0  0.225 0.85 0  0.25 0.85 0  0.275 0.85 0  0.3 0.85 0  0.325 0.85 0  0.35 0.85 0  0.375 0.85 0  0.4 0.85 0  0.425 0.85 0  0.45 0.85 0  0.475 0.85 0  0.5 0.85 0  0.525 0.85 0  0.55 0.85 0  0.575 0.85 0  0.6 0.85 0  0.625 0.85 0  0.65 0.85 0  0.675 0.85 0  0.7 0.85 0  0.725 0.85 0  0.75 0.85 0  0.775 0.85 0  0.8 0.85 0  0.825 0.85 0  0.85 0.85 0  0.875 0.85 0  0.9 0.85 0  0.925 0.85 0  0.95 0.85 0  0.975 0.85 0  1 0.85 0  1.025 0.85 0  1.05 0.85 0  1.075 0.85 0  1.1 0.85 0  1.125 0.85 0  1.15 0.85 0  1.175 0.85 0  1.2 0.85 0  1.225 0.85 0  1.25 0.85 0  1.275 0.85 0  1.3 0.85 0  1.325 0.85 0  1.35 0.85 0  1.375 0.85 0  1.4 0.85 0  1.425 0.85 0  1.45 0.85 0  1.475 0.85 0  1.5 0.85 0  1.525 0.85 0  1.55 0.85 0  1.575 0.85 0  1.6 0.85 0  1.625 0.85 0  1.65 0.85 0  1.675 0.85 0  1.7 0.85 0  1.725 0.85 0  1.75 0.85 0  1.775 0.85 0  1.8 0.85 0  1.825 0.85 0  1.85 0.85 0  1.875 0.85 0  1.9 0.85 0  1.925 0.85 0  1.95 0.85 0  1.975 0.85 0  2 0.85 0  0 0.8625 0  0.025 0.8625 0  0.05 0.8625 0  0.075 0.8625 0  0.1 0.8625 0  0.125 0.8625 0  0.15 0.8625 0  0.175 0.8625 0  0.2 0.8625 0  0.225 0.8625 0  0.25 0.8625 0  0.275 0.8625 0  0.3 0.8625 0  0.325 0.8625 0  0.35 0.8625 0  0.375 0.8625 0  0.4 0.8625 0  0.425 0.8625 0  0.45 0.8625 0  0.475 0.8625 0  0.5 0.8625 0  0.525 0.8625 0  0.55 0.8625 0  0.575 0.8625 0  0.6 0.8625 0  0.625 0.8625 0  0.65 0.8625 0  0.675 0.8625 0  0.7 0.8625 0  0.725 0.8625 0  0.75 0.8625 0  0.775 0.8625 0  0.8 0.8625 0  0.825 0.8625 0  0.85 0.8625 0  0.875 0.8625 0  0.9 0.8625 0  0.925 0.8625 0  0.95 0.8625 0  0.975 0.8625 0  1 0.8625 0  1.025 0.8625 0  1.05 0.8625 0  1.075 0.8625 0  1.1 0.8625 0  1.125 0.8625 0  1.15 0.8625 0  1.175 0.8625 0  1.2 0.8625 0  1.225 0.8625 0  1.25 0.8625 0  1.275 0.8625 0  1.3 0.8625 0  1.325 0.8625 0  1.35 0.8625 0  1.375 0.8625 0  1.4 0.8625 0  1.425 0.8625 0  1.45 0.8625 0  1.475 0.8625 0  1.5 0.8625 0  1.525 0.8625 0  1.55 0.8625 0  1.575 0.8625 0  1.6 0.8625 0  1.625 0.8625 0  1.65 0.8625 0  1.675 0.8625 0  1.7 0.8625 0  1.725 0.8625 0  1.75 0.8625 0  1.775 0.8625 0  1.8 0.8625 0  1.825 0.8625 0  1.85 0.8625 0  1.875 0.8625 0  1.9 0.8625 0  1.925 0.8625 0  1.95 0.8625 0  1.975 0.8625 0  2 0.8625 0  0 0.875 0  0.025 0.875 0  0.05 0.875 0  0.075 0.875 0  0.1 0.875 0  0.125 0.875 0  0.15 0.875 0  0.175 0.875 0  0.2 0.875 0  0.225 0.875 0  0.25 0.875 0  0.275 0.875 0  0.3 0.875 0  0.325 0.875 0  0.35 0.875 0  0.375 0.875 0  0.4 0.875 0  0.425 0.875 0  0.45 0.875 0  0.475 0.875 0  0.5 0.875 0  0.525 0.875 0  0.55 0.875 0  0.575 0.875 0  0.6 0.875 0  0.625 0.875 0  0.65 0.875 0  0.675 0.875 0  0.7 0.875 0  0.725 0.875 0  0.75 0.875 0  0.775 0.875 0  0.8 0.875 0  0.825 0.875 0  0.85 0.875 0  0.875 0.875 0  0.9 0.875 0  0.925 0.875 0  0.95 0.875 0  0.975 0.875 0  1 0.875 0  1.025 0.875 0  1.05 0.875 0  1.075 0.875 0  1.1 0.875 0  1.125 0.875 0  1.15 0.875 0  1.175 0.875 0  1.2 0.875 0  1.225 0.875 0  1.25 0.875 0  1.275 0.875 0  1.3 0.875 0  1.325 0.875 0  1.35 0.875 0  1.375 0.875 0  1.4 0.875 0  1.425 0.875 0  1.45 0.875 0  1.475 0.875 0  1.5 0.875 0  1.525 0.875 0  1.55 0.875 0  1.575 0.875 0  1.6 0.875 0  1.625 0.875 0  1.65 0.875 0  1.675 0.875 0  1.7 0.875 0  1.725 0.875 0  1.75 0.875 0  1.775 0.875 0  1.8 0.875 0  1.825 0.875 0  1.85 0.875 0  1.875 0.875 0  1.9 0.875 0  1.925 0.875 0  1.95 0.875 0  1.975 0.875 0  2 0.875 0  0 0.8875 0  0.025 0.8875 0  0.05 0.8875 0  0.075 0.8875 0  0.1 0.8875 0  0.125 0.8875 0  0.15 0.8875 0  0.175 0.8875 0  0.2 0.8875 0  0.225 0.8875 0  0.25 0.8875 0  0.275 0.8875 0  0.3 0.8875 0  0.325 0.8875 0  0.35 0.8875 0  0.375 0.8875 0  0.4 0.8875 0  0.425 0.8875 0  0.45 0.8875 0  0.475 0.8875 0  0.5 0.8875 0  0.525 0.8875 0  0.55 0.8875 0  0.575 0.8875 0  0.6 0.8875 0  0.625 0.8875 0  0.65 0.8875 0  0.675 0.8875 0  0.7 0.8875 0  0.725 0.8875 0  0.75 0.8875 0  0.775 0.8875 0  0.8 0.8875 0  0.825 0.8875 0  0.85 0.8875 0  0.875 0.8875 0  0.9 0.8875 0  0.925 0.8875 0  0.95 0.8875 0  0.975 0.8875 0  1 0.8875 0  1.025 0.8875 0  1.05 0.8875 0  1.075 0.8875 0  1.1 0.8875 0  1.125 0.8875 0  1.15 0.8875 0  1.175 0.8875 0  1.2 0.8875 0  1.225 0.8875 0  1.25 0.8875 0  1.275 0.8875 0  1.3 0.8875 0  1.325 0.8875 0  1.35 0.8875 0  1.375 0.8875 0  1.4 0.8875 0  1.425 0.8875 0  1.45 0.8875 0  1.475 0.8875 0  1.5 0.8875 0  1.525 0.8875 0  1.55 0.8875 0  1.575 0.8875 0  1.6 0.8875 0  1.625 0.8875 0  1.65 0.8875 0  1.675 0.8875 0  1.7 0.8875 0  1.725 0.8875 0  1.75 0.8875 0  1.775 0.8875 0  1.8 0.8875 0  1.825 0.8875 0  1.85 0.8875 0  1.875 0.8875 0  1.9 0.8875 0  1.925 0.8875 0  1.95 0.8875 0  1.975 0.8875 0  2 0.8875 0  0 0.9 0  0.025 0.9 0  0.05 0.9 0  0.075 0.9 0  0.1 0.9 0  0.125 0.9 0  0.15 0.9 0  0.175 0.9 0  0.2 0.9 0  0.225 0.9 0  0.25 0.9 0  0.275 0.9 0  0.3 0.9 0  0.325 0.9 0  0.35 0.9 0  0.375 0.9 0  0.4 0.9 0  0.425 0.9 0  0.45 0.9 0  0.475 0.9 0  0.5 0.9 0  0.525 0.9 0  0.55 0.9 0  0.575 0.9 0  0.6 0.9 0  0.625 0.9 0  0.65 0.9 0  0.675 0.9 0  0.7 0.9 0  0.725 0.9 0  0.75 0.9 0  0.775 0.9 0  0.8 0.9 0  0.825 0.9 0  0.85 0.9 0  0.875 0.9 0  0.9 0.9 0  0.925 0.9 0  0.95 0.9 0  0.975 0.9 0  1 0.9 0  1.025 0.9 0  1.05 0.9 0  1.075 0.9 0  1.1 0.9 0  1.125 0.9 0  1.15 0.9 0  1.175 0.9 0  1.2 0.9 0  1.225 0.9 0  1.25 0.9 0  1.275 0.9 0  1.3 0.9 0  1.325 0.9 0  1.35 0.9 0  1.375 0.9 0  1.4 0.9 0  1.425 0.9 0  1.45 0.9 0  1.475 0.9 0  1.5 0.9 0  1.525 0.9 0  1.55 0.9 0  1.575 0.9 0  1.6 0.9 0  1.625 0.9 0  1.65 0.9 0  1.675 0.9 0  1.7 0.9 0  1.725 0.9 0  1.75 0.9 0  1.775 0.9 0  1.8 0.9 0  1.825 0.9 0  1.85 0.9 0  1.875 0.9 0  1.9 0.9 0  1.925 0.9 0  1.95 0.9 0  1.975 0.9 0  2 0.9 0  0 0.9125 0  0.025 0.9125 0  0.05 0.9125 0  0.075 0.9125 0  0.1 0.9125 0  0.125 0.9125 0  0.15 0.9125 0  0.175 0.9125 0  0.2 0.9125 0  0.225 0.9125 0  0.25 0.9125 0  0.275 0.9125 0  0.3 0.9125 0  0.325 0.9125 0  0.35 0.9125 0  0.375 0.9125 0  0.4 0.9125 0  0.425 0.9125 0  0.45 0.9125 0  0.475 0.9125 0  0.5 0.9125 0  0.525 0.9125 0  0.55 0.9125 0  0.575 0.9125 0  0.6 0.9125 0  0.625 0.9125 0  0.65 0.9125 0  0.675 0.9125 0  0.7 0.9125 0  0.725 0.9125 0  0.75 0.9125 0  0.775 0.9125 0  0.8 0.9125 0  0.825 0.9125 0  0.85 0.9125 0  0.875 0.9125 0  0.9 0.9125 0  0.925 0.9125 0  0.95 0.9125 0  0.975 0.9125 0  1 0.9125 0  1.025 0.9125 0  1.05 0.9125 0  1.075 0.9125 0  1.1 0.9125 0  1.125 0.9125 0  1.15 0.9125 0  1.175 0.9125 0  1.2 0.9125 0  1.225 0.9125 0  1.25 0.9125 0  1.275 0.9125 0  1.3 0.9125 0  1.325 0.9125 0  1.35 0.9125 0  1.375 0.9125 0  1.4 0.9125 0  1.425 0.9125 0  1.45 0.9125 0  1.475 0.9125 0  1.5 0.9125 0  1.525 0.9125 0  1.55 0.9125 0  1.575 0.9125 0  1.6 0.9125 0  1.625 0.9125 0  1.65 0.9125 0  1.675 0.9125 0  1.7 0.9125 0  1.725 0.9125 0  1.75 0.9125 0  1.775 0.9125 0  1.8 0.9125 0  1.825 0.9125 0  1.85 0.9125 0  1.875 0.9125 0  1.9 0.9125 0  1.925 0.9125 0  1.95 0.9125 0  1.975 0.9125 0  2 0.9125 0  0 0.925 0  0.025 0.925 0  0.05 0.925 0  0.075 0.925 0  0.1 0.925 0  0.125 0.925 0  0.15 0.925 0  0.175 0.925 0  0.2 0.925 0  0.225 0.925 0  0.25 0.925 0  0.275 0.925 0  0.3 0.925 0  0.325 0.925 0  0.35 0.925 0  0.375 0.925 0  0.4 0.925 0  0.425 0.925 0  0.45 0.925 0  0.475 0.925 0  0.5 0.925 0  0.525 0.925 0  0.55 0.925 0  0.575 0.925 0  0.6 0.925 0  0.625 0.925 0  0.65 0.925 0  0.675 0.925 0  0.7 0.925 0  0.725 0.925 0  0.75 0.925 0  0.775 0.925 0  0.8 0.925 0  0.825 0.925 0  0.85 0.925 0  0.875 0.925 0  0.9 0.925 0  0.925 0.925 0  0.95 0.925 0  0.975 0.925 0  1 0.925 0  1.025 0.925 0  1.05 0.925 0  1.075 0.925 0  1.1 0.925 0  1.125 0.925 0  1.15 0.925 0  1.175 0.925 0  1.2 0.925 0  1.225 0.925 0  1.25 0.925 0  1.275 0.925 0  1.3 0.925 0  1.325 0.925 0  1.35 0.925 0  1.375 0.925 0  1.4 0.925 0  1.425 0.925 0  1.45 0.925 0  1.475 0.925 0  1.5 0.925 0  1.525 0.925 0  1.55 0.925 0  1.575 0.925 0  1.6 0.925 0  1.625 0.925 0  1.65 0.925 0  1.675 0.925 0  1.7 0.925 0  1.725 0.925 0  1.75 0.925 0  1.775 0.925 0  1.8 0.925 0  1.825 0.925 0  1.85 0.925 0  1.875 0.925 0  1.9 0.925 0  1.925 0.925 0  1.95 0.925 0  1.975 0.925 0  2 0.925 0  0 0.9375 0  0.025 0.9375 0  0.05 0.9375 0  0.075 0.9375 0  0.1 0.9375 0  0.125 0.9375 0  0.15 0.9375 0  0.175 0.9375 0  0.2 0.9375 0  0.225 0.9375 0  0.25 0.9375 0  0.275 0.9375 0  0.3 0.9375 0  0.325 0.9375 0  0.35 0.9375 0  0.375 0.9375 0  0.4 0.9375 0  0.425 0.9375 0  0.45 0.9375 0  0.475 0.9375 0  0.5 0.9375 0  0.525 0.9375 0  0.55 0.9375 0  0.575 0.9375 0  0.6 0.9375 0  0.625 0.9375 0  0.65 0.9375 0  0.675 0.9375 0  0.7 0.9375 0  0.725 0.9375 0  0.75 0.9375 0  0.775 0.9375 0  0.8 0.9375 0  0.825 0.9375 0  0.85 0.9375 0  0.875 0.9375 0  0.9 0.9375 0  0.925 0.9375 0  0.95 0.9375 0  0.975 0.9375 0  1 0.9375 0  1.025 0.9375 0  1.05 0.9375 0  1.075 0.9375 0  1.1 0.9375 0  1.125 0.9375 0  1.15 0.9375 0  1.175 0.9375 0  1.2 0.9375 0  1.225 0.9375 0  1.25 0.9375 0  1.275 0.9375 0  1.3 0.9375 0  1.325 0.9375 0  1.35 0.9375 0  1.375 0.9375 0  1.4 0.9375 0  1.425 0.9375 0  1.45 0.9375 0  1.475 0.9375 0  1.5 0.9375 0  1.525 0.9375 0  1.55 0.9375 0  1.575 0.9375 0  1.6 0.9375 0  1.625 0.9375 0  1.65 0.9375 0  1.675 0.9375 0  1.7 0.9375 0  1.725 0.9375 0  1.75 0.9375 0  1.775 0.9375 0  1.8 0.9375 0  1.825 0.9375 0  1.85 0.9375 0  1.875 0.9375 0  1.9 0.9375 0  1.925 0.9375 0  1.95 0.9375 0  1.975 0.9375 0  2 0.9375 0  0 0.95 0  0.025 0.95 0  0.05 0.95 0  0.075 0.95 0  0.1 0.95 0  0.125 0.95 0  0.15 0.95 0  0.175 0.95 0  0.2 0.95 0  0.225 0.95 0  0.25 0.95 0  0.275 0.95 0  0.3 0.95 0  0.325 0.95 0  0.35 0.95 0  0.375 0.95 0  0.4 0.95 0  0.425 0.95 0  0.45 0.95 0  0.475 0.95 0  0.5 0.95 0  0.525 0.95 0  0.55 0.95 0  0.575 0.95 0  0.6 0.95 0  0.625 0.95 0  0.65 0.95 0  0.675 0.95 0  0.7 0.95 0  0.725 0.95 0  0.75 0.95 0  0.775 0.95 0  0.8 0.95 0  0.825 0.95 0  0.85 0.95 0  0.875 0.95 0  0.9 0.95 0  0.925 0.95 0  0.95 0.95 0  0.975 0.95 0  1 0.95 0  1.025 0.95 0  1.05 0.95 0  1.075 0.95 0  1.1 0.95 0  1.125 0.95 0  1.15 0.95 0  1.175 0.95 0  1.2 0.95 0  1.225 0.95 0  1.25 0.95 0  1.275 0.95 0  1.3 0.95 0  1.325 0.95 0  1.35 0.95 0  1.375 0.95 0  1.4 0.95 0  1.425 0.95 0  1.45 0.95 0  1.475 0.95 0  1.5 0.95 0  1.525 0.95 0  1.55 0.95 0  1.575 0.95 0  1.6 0.95 0  1.625 0.95 0  1.65 0.95 0  1.675 0.95 0  1.7 0.95 0  1.725 0.95 0  1.75 0.95 0  1.775 0.95 0  1.8 0.95 0  1.825 0.95 0  1.85 0.95 0  1.875 0.95 0  1.9 0.95 0  1.925 0.95 0  1.95 0.95 0  1.975 0.95 0  2 0.95 0  0 0.9625 0  0.025 0.9625 0  0.05 0.9625 0  0.075 0.9625 0  0.1 0.9625 0  0.125 0.9625 0  0.15 0.9625 0  0.175 0.9625 0  0.2 0.9625 0  0.225 0.9625 0  0.25 0.9625 0  0.275 0.9625 0  0.3 0.9625 0  0.325 0.9625 0  0.35 0.9625 0  0.375 0.9625 0  0.4 0.9625 0  0.425 0.9625 0  0.45 0.9625 0  0.475 0.9625 0  0.5 0.9625 0  0.525 0.9625 0  0.55 0.9625 0  0.575 0.9625 0  0.6 0.9625 0  0.625 0.9625 0  0.65 0.9625 0  0.675 0.9625 0  0.7 0.9625 0  0.725 0.9625 0  0.75 0.9625 0  0.775 0.9625 0  0.8 0.9625 0  0.825 0.9625 0  0.85 0.9625 0  0.875 0.9625 0  0.9 0.9625 0  0.925 0.9625 0  0.95 0.9625 0  0.975 0.9625 0  1 0.9625 0  1.025 0.9625 0  1.05 0.9625 0  1.075 0.9625 0  1.1 0.9625 0  1.125 0.9625 0  1.15 0.9625 0  1.175 0.9625 0  1.2 0.9625 0  1.225 0.9625 0  1.25 0.9625 0  1.275 0.9625 0  1.3 0.9625 0  1.325 0.9625 0  1.35 0.9625 0  1.375 0.9625 0  1.4 0.9625 0  1.425 0.9625 0  1.45 0.9625 0  1.475 0.9625 0  1.5 0.9625 0  1.525 0.9625 0  1.55 0.9625 0  1.575 0.9625 0  1.6 0.9625 0  1.625 0.9625 0  1.65 0.9625 0  1.675 0.9625 0  1.7 0.9625 0  1.725 0.9625 0  1.75 0.9625 0  1.775 0.9625 0  1.8 0.9625 0  1.825 0.9625 0  1.85 0.9625 0  1.875 0.9625 0  1.9 0.9625 0  1.925 0.9625 0  1.95 0.9625 0  1.975 0.9625 0  2 0.9625 0  0 0.975 0  0.025 0.975 0  0.05 0.975 0  0.075 0.975 0  0.1 0.975 0  0.125 0.975 0  0.15 0.975 0  0.175 0.975 0  0.2 0.975 0  0.225 0.975 0  0.25 0.975 0  0.275 0.975 0  0.3 0.975 0  0.325 0.975 0  0.35 0.975 0  0.375 0.975 0  0.4 0.975 0  0.425 0.975 0  0.45 0.975 0  0.475 0.975 0  0.5 0.975 0  0.525 0.975 0  0.55 0.975 0  0.575 0.975 0  0.6 0.975 0  0.625 0.975 0  0.65 0.975 0  0.675 0.975 0  0.7 0.975 0  0.725 0.975 0  0.75 0.975 0  0.775 0.975 0  0.8 0.975 0  0.825 0.975 0  0.85 0.975 0  0.875 0.975 0  0.9 0.975 0  0.925 0.975 0  0.95 0.975 0  0.975 0.975 0  1 0.975 0  1.025 0.975 0  1.05 0.975 0  1.075 0.975 0  1.1 0.975 0  1.125 0.975 0  1.15 0.975 0  1.175 0.975 0  1.2 0.975 0  1.225 0.975 0  1.25 0.975 0  1.275 0.975 0  1.3 0.975 0  1.325 0.975 0  1.35 0.975 0  1.375 0.975 0  1.4 0.975 0  1.425 0.975 0  1.45 0.975 0  1.475 0.975 0  1.5 0.975 0  1.525 0.975 0  1.55 0.975 0  1.575 0.975 0  1.6 0.975 0  1.625 0.975 0  1.65 0.975 0  1.675 0.975 0  1.7 0.975 0  1.725 0.975 0  1.75 0.975 0  1.775 0.975 0  1.8 0.975 0  1.825 0.975 0  1.85 0.975 0  1.875 0.975 0  1.9 0.975 0  1.925 0.975 0  1.95 0.975 0  1.975 0.975 0  2 0.975 0  0 0.9875 0  0.025 0.9875 0  0.05 0.9875 0  0.075 0.9875 0  0.1 0.9875 0  0.125 0.9875 0  0.15 0.9875 0  0.175 0.9875 0  0.2 0.9875 0  0.225 0.9875 0  0.25 0.9875 0  0.275 0.9875 0  0.3 0.9875 0  0.325 0.9875 0  0.35 0.9875 0  0.375 0.9875 0  0.4 0.9875 0  0.425 0.9875 0  0.45 0.9875 0  0.475 0.9875 0  0.5 0.9875 0  0.525 0.9875 0  0.55 0.9875 0  0.575 0.9875 0  0.6 0.9875 0  0.625 0.9875 0  0.65 0.9875 0  0.675 0.9875 0  0.7 0.9875 0  0.725 0.9875 0  0.75 0.9875 0  0.775 0.9875 0  0.8 0.9875 0  0.825 0.9875 0  0.85 0.9875 0  0.875 0.9875 0  0.9 0.9875 0  0.925 0.9875 0  0.95 0.9875 0  0.975 0.9875 0  1 0.9875 0  1.025 0.9875 0  1.05 0.9875 0  1.075 0.9875 0  1.1 0.9875 0  1.125 0.9875 0  1.15 0.9875 0  1.175 0.9875 0  1.2 0.9875 0  1.225 0.9875 0  1.25 0.9875 0  1.275 0.9875 0  1.3 0.9875 0  1.325 0.9875 0  1.35 0.9875 0  1.375 0.9875 0  1.4 0.9875 0  1.425 0.9875 0  1.45 0.9875 0  1.475 0.9875 0  1.5 0.9875 0  1.525 0.9875 0  1.55 0.9875 0  1.575 0.9875 0  1.6 0.9875 0  1.625 0.9875 0  1.65 0.9875 0  1.675 0.9875 0  1.7 0.9875 0  1.725 0.9875 0  1.75 0.9875 0  1.775 0.9875 0  1.8 0.9875 0  1.825 0.9875 0  1.85 0.9875 0  1.875 0.9875 0  1.9 0.9875 0  1.925 0.9875 0  1.95 0.9875 0  1.975 0.9875 0  2 0.9875 0  0 1 0  0.025 1 0  0.05 1 0  0.075 1 0  0.1 1 0  0.125 1 0  0.15 1 0  0.175 1 0  0.2 1 0  0.225 1 0  0.25 1 0  0.275 1 0  0.3 1 0  0.325 1 0  0.35 1 0  0.375 1 0  0.4 1 0  0.425 1 0  0.45 1 0  0.475 1 0  0.5 1 0  0.525 1 0  0.55 1 0  0.575 1 0  0.6 1 0  0.625 1 0  0.65 1 0  0.675 1 0  0.7 1 0  0.725 1 0  0.75 1 0  0.775 1 0  0.8 1 0  0.825 1 0  0.85 1 0  0.875 1 0  0.9 1 0  0.925 1 0  0.95 1 0  0.975 1 0  1 1 0  1.025 1 0  1.05 1 0  1.075 1 0  1.1 1 0  1.125 1 0  1.15 1 0  1.175 1 0  1.2 1 0  1.225 1 0  1.25 1 0  1.275 1 0  1.3 1 0  1.325 1 0  1.35 1 0  1.375 1 0  1.4 1 0  1.425 1 0  1.45 1 0  1.475 1 0  1.5 1 0  1.525 1 0  1.55 1 0  1.575 1 0  1.6 1 0  1.625 1 0  1.65 1 0  1.675 1 0  1.7 1 0  1.725 1 0  1.75 1 0  1.775 1 0  1.8 1 0  1.825 1 0  1.85 1 0  1.875 1 0  1.9 1 0  1.925 1 0  1.95 1 0  1.975 1 0  2 1 0  </DataArray>
</Points>
<Cells>
<DataArray  type="UInt32"  Name="connectivity"  format="ascii">0 1 82  0 81 82  1 2 83  1 82 83  2 3 84  2 83 84  3 4 85  3 84 85  4 5 86  4 85 86  5 6 87  5 86 87  6 7 88  6 87 88  7 8 89  7 88 89  8 9 90  8 89 90  9 10 91  9 90 91  10 11 92  10 91 92  11 12 93  11 92 93  12 13 94  12 93 94  13 14 95  13 94 95  14 15 96  14 95 96  15 16 97  15 96 97  16 17 98  16 97 98  17 18 99  17 98 99  18 19 100  18 99 100  19 20 101  19 100 101  20 21 102  20 101 102  21 22 103  21 102 103  22 23 104  22 103 104  23 24 105  23 104 105  24 25 106  24 105 106  25 26 107  25 106 107  26 27 108  26 107 108  27 28 109  27 108 109  28 29 110  28 109 110  29 30 111  29 110 111  30 31 112  30 111 112  31 32 113  31 112 113  32 33 114  32 113 114  33 34 115  33 114 115  34 35 116  34 115 116  35 36 117  35 116 117  36 37 118  36 117 118  37 38 119  37 118 119  38 39 120  38 119 120  39 40 121  39 120 121  40 41 122  40 121 122  41 42 123  41 122 123  42 43 124  42 123 124  43 44 125  43 124 125  44 45 126  44 125 126  45 46 127  45 126 127  46 47 128  46 127 128  47 48 129  47 128 129  48 49 130  48 129 130  49 50 131  49 130 131  50 51 132  50 131 132  51 52 133  51 132 133  52 53 134  52 133 134  53 54 135  53 134 135  54 55 136  54 135 136  55 56 137  55 136 137  56 57 138  56 137 138  57 58 139  57 138 139  58 59 140  58 139 140  59 60 141  59 140 141  60 61 142  60 141 142  61 62 143  61 142 143  62 63 144  62 143 144  63 64 145  63 144 145  64 65 146  64 145 146  65 66 147  65 146 147  66 67 148  66 147 148  67 68 149  67 148 149  68 69 150  68 149 150  69 70 151  69 150 151  70 71 152  70 151 152  71 72 153  71 152 153  72 73 154  72 153 154  73 74 155  73 154 155  74 75 156  74 155 156  75 76 157  75 156 157  76 77 158  76 157 158  77 78 159  77 158 159  78 79 160  78 159 160  79 80 161  79 160 161  81 82 163  81 162 163  82 83 164  82 163 164  83 84 165  83 164 165  84 85 166  84 165 166  85 86 167  85 166 167  86 87 168  86 167 168  87 88 169  87 168 169  88 89 170  88 169 170  89 90 171  89 170 171  90 91 172  90 171 172  91 92 173  91 172 173  92 93 174  92 173 174  93 94 175  93 174 175  94 95 176  94 175 176  95 96 177  95 176 177  96 97 178  96 177 178  97 98 179  97 178 179  98 99 180  98 179 180  99 100 181  99 180 181  100 101 182  100 181 182  101 102 183  101 182 183  102 103 184  102 183 184  103 104 185  103 184 185  104 105 186  104 185 186  105 106 187  105 186 187  106 107 188  106 187 188  107 108 189  107 188 189  108 109 190  108 189 190  109 110 191  109 190 191  110 111 192  110 191 192  111 112 193  111 192 193  112 113 194  112 193 194  113 114 195  113 194 195  114 115 196  114 195 196  115 116 197  115 196 197  116 117 198  116 197 198  117 118 199  117 198 199  118 119 200  118 199 200  119 120 201  119 200 201  120 121 202  120 201 202  121 122 203  121 202 203  122 123 204  122 203 204  123 124 205  123 204 205  124 125 206  124 205 206  125 126 207  125 206 207  126 127 208  126 207 208  127 128 209  127 208 209  128 129 210  128 209 210  129 130 211  129 210 211  130 131 212  130 211 212  131 132 213  131 212 213  132 133 214  132 213 214  133 134 215  133 214 215  134 135 216  134 215 216  135 136 217  135 216 217  136 137 218  136 217 218  137 138 219  137 218 219  138 139 220  138 219 220  139 140 221  139 220 221  140 141 222  140 221 222  141 142 223  141 222 223  142 143 224  142 223 224  143 144 225  143 224 225  144 145 226  144 225 226  145 146 227  145 226 227  146 147 228  146 227 228  147 148 229  147 228 229  148 149 230  148 229 230  149 150 231  149 230 231  150 151 232  150 231 232  151 152 233  151 232 233  152 153 234  152 233 234  153 154 235  153 234 235  154 155 236  154 235 236  155 156 237  155 236 237  156 157 238  156 237 238  157 158 239  157 238 239  158 159 240  158 239 240  159 160 241  159 240 241  160 161 242  160 241 242  162 163 244  162 243 244  163 164 245  163 244 245  164 165 246  164 245 246  165 166 247  165 246 247  166 167 248  166 247 248  167 168 249  167 248 249  168 169 250  168 249 250  169 170 251  169 250 251  170 171 252  170 251 252  171 172 253  171 252 253  172 173 254  172 253 254  173 174 255  173 254 255  174 175 256  174 255 256  175 176 257  175 256 257  176 177 258  176 257 258  177 178 259  177 258 259  178 179 260  178 259 260  179 180 261  179 260 261  180 181 262  180 261 262  181 182 263  181 262 263  182 183 264  182 263 264  183 184 265  183 264 265  184 185 266  184 265 266  185 186 267  185 266 267  186 187 268  186 267 268  187 188 269  187 268 269  188 189 270  188 269 270  189 190 271  189 270 271  190 191 272  190 271 272  191 192 273  191 272 273  192 193 274  192 273 274  193 194 275  193 274 275  194 195 276  194 275 276  195 196 277  195 276 277  196 197 278  196 277 278  197 198 279  197 278 279  198 199 280  198 279 280  199 200 281  199 280 281  200 201 282  200 281 282  201 202 283  201 282 283  202 203 284  202 283 284  203 204 285  203 284 285  204 205 286  204 285 286  205 206 287  205 286 287  206 207 288  206 287 288  207 208 289  207 288 289  208 209 290  208 289 290  209 210 291  209 290 291  210 211 292  210 291 292  211 212 293  211 292 293  212 213 294  212 293 294  213 214 295  213 294 295  214 215 296  214 295 296  215 216 297  215 296 297  216 217 298  216 297 298  217 218 299  217 298 299  218 219 300  218 299 300  219 220 301  219 300 301  220 221 302  220 301 302  221 222 303  221 302 303  222 223 304  222 303 304  223 224 305  223 304 305  224 225 306  224 305 306  225 226 307  225 306 307  226 227 308  226 307 308  227 228 309  227 308 309  228 229 310  228 309 310  229 230 311  229 310 311  230 231 312  230 311 312  231 232 313  231 312 313  232 233 314  232 313 314  233 234 315  233 314 315  234 235 316  234 315 316  235 236 317  235 316 317  236 237 318  236 317 318  237 238 319  237 318 319  238 239 320  238 319 320  239 240 321  239 320 321  240 241 322  240 321 322  241 242 323  241 322 323  243 244 325  243 324 325  244 245 326  244 325 326  245 246 327  245 326 327  246 247 328  246 327 328  247 248 329  247 328 329  248 249 330  248 329 330  249 250 331  249 330 331  250 251 332  250 331 332  251 252 333  251 332 333  252 253 334  252 333 334  253 254 335  253 334 335  254 255 336  254 335 336  255 256 337  255 336 337  256 257 338  256 337 338  257 258 339  257 338 339  258 259 340  258 339 340  259 260 341  259 340 341  260 261 342  260 341 342  261 262 343  261 342 343  262 263 344  262 343 344  263 264 345  263 344 345  264 265 346  264 345 346  265 266 347  265 346 347  266 267 348  266 347 348  267 268 349  267 348 349  268 269 350  268 349 350  269 270 351  269 350 351  270 271 352  270 351 352  271 272 353  271 352 353  272 273 354  272 353 354  273 274 355  273 354 355  274 275 356  274 355 356  275 276 357  275 356 357  276 277 358  276 357 358  277 278 359  277 358 359  278 279 360  278 359 360  279 280 361  279 360 361  280 281 362  280 361 362  281 282 363  281 362 363  282 283 364  282 363 364  283 284 365  283 364 365  284 285 366  284 365 366  285 286 367  285 366 367  286 287 368  286 367 368  287 288 369  287 368 369  288 289 370  288 369 370  289 290 371  289 370 371  290 291 372  290 371 372  291 292 373  291 372 373  292 293 374  292 373 374  293 294 375  293 374 375  294 295 376  294 375 376  295 296 377  295 376 377  296 297 378  296 377 378  297 298 379  297 378 379  298 299 380  298 379 380  299 300 381  299 380 381  300 301 382  300 381 382  301 302 383  301 382 383  302 303 384  302 383 384  303 304 385  303 384 385  304 305 386  304 385 386  305 306 387  305 386 387  306 307 388  306 387 388  307 308 389  307 388 389  308 309 390  308 389 390  309 310 391  309 390 391  310 311 392  310 391 392  311 312 393  311 392 393  312 313 394  312 393 394  313 314 395  313 394 395  314 315 396  314 395 396  315 316 397  315 396 397  316 317 398  316 397 398  317 318 399  317 398 399  318 319 400  318 399 400  319 320 401  319 400 401  320 321 402  320 401 402  321 322 403  321 402 403  322 323 404  322 403 404  324 325 406  324 405 406  325 326 407  325 406 407  326 327 408  326 407 408  327 328 409  327 408 409  328 329 410  328 409 410  329 330 411  329 410 411  330 331 412  330 411 412  331 332 413  331 412 413  332 333 414  332 413 414  333 334 415  333 414 415  334 335 416  334 415 416  335 336 417  335 416 417  336 337 418  336 417 418  337 338 419  337 418 419  338 339 420  338 419 420  339 340 421  339 420 421  340 341 422  340 421 422  341 342 423  341 422 423  342 343 424  342 423 424  343 344 425  343 424 425  344 345 426  344 425 426  345 346 427  345 426 427  346 347 428  346 427 428  347 348 429  347 428 429  348 349 430  348 429 430  349 350 431  349 430 431  350 351 432  350 431 432  351 352 433  351 432 433  352 353 434  352 433 434  353 354 435  353 434 435  354 355 436  354 435 436  355 356 437  355 436 437  356 357 438  356 437 438  357 358 439  357 438 439  358 359 440  358 439 440  359 360 441  359 440 441  360 361 442  360 441 442  361 362 443  361 442 443  362 363 444  362 443 444  363 364 445  363 444 445  364 365 446  364 445 446  365 366 447  365 446 447  366 367 448  366 447 448  367 368 449  367 448 449  368 369 450  368 449 450  369 370 451  369 450 451  370 371 452  370 451 452  371 372 453  371 452 453  372 373 454  372 453 454  373 374 455  373 454 455  374 375 456  374 455 456  375 376 457  375 456 457  376 377 458  376 457 458  377 378 459  377 458 459  378 379 460  378 459 460  379 380 461  379 460 461  380 381 462  380 461 462  381 382 463  381 462 463  382 383 464  382 463 464  383 384 465  383 464 465  384 385 466  384 465 466  385 386 467  385 466 467  386 387 468  386 467 468  387 388 469  387 468 469  388 389 470  388 469 470  389 390 471  389 470 471  390 391 472  390 471 472  391 392 473  391 472 473  392 393 474  392 473 474  393 394 475  393 474 475  394 395 476  394 475 476  395 396 477  395 476 477  396 397 478  396 477 478  397 398 479  397 478 479  398 399 480  398 479 480  399 400 481  399 480 481  400 401 482  400 481 482  401 402 483  401 482 483  402 403 484  402 483 484  403 404 485  403 484 485  405 406 487  405 486 487  406 407 488  406 487 488  407 408 489  407 488 489  408 409 490  408 489 490  409 410 491  409 490 491  410 411 492  410 491 492  411 412 493  411 492 493  412 413 494  412 493 494  413 414 495  413 494 495  414 415 496  414 495 496  415 416 497  415 496 497  416 417 498  416 497 498  417 418 499  417 498 499  418 419 500  418 499 500  419 420 501  419 500 501  420 421 502  420 501 502  421 422 503  421 502 503  422 423 504  422 503 504  423 424 505  423 504 505  424 425 506  424 505 506  425 426 507  425 506 507  426 427 508  426 507 508  427 428 509  427 508 509  428 429 510  428 509 510  429 430 511  429 510 511  430 431 512  430 511 512  431 432 513  431 512 513  432 433 514  432 513 514  433 434 515  433 514 515  434 435 516  434 515 516  435 436 517  435 516 517  436 437 518  436 517 518  437 438 519  437 518 519  438 439 520  438 519 520  439 440 521  439 520 521  440 441 522  440 521 522  441 442 523  441 522 523  442 443 524  442 523 524  443 444 525  443 524 525  444 445 526  444 525 526  445 446 527  445 526 527  446 447 528  446 527 528  447 448 529  447 528 529  448 449 530  448 529 530  449 450 531  449 530 531  450 451 532  450 531 532  451 452 533  451 532 533  452 453 534  452 533 534  453 454 535  453 534 535  454 455 536  454 535 536  455 456 537  455 536 537  456 457 538  456 537 538  457 458 539  457 538 539  458 459 540  458 539 540  459 460 541  459 540 541  460 461 542  460 541 542  461 462 543  461 542 543  462 463 544  462 543 544  463 464 545  463 544 545  464 465 546  464 545 546  465 466 547  465 546 547  466 467 548  466 547 548  467 468 549  467 548 549  468 469 550  468 549 550  469 470 551  469 550 551  470 471 552  470 551 552  471 472 553  471 552 553  472 473 554  472 553 554  473 474 555  473 554 555  474 475 556  474 555 556  475 476 557  475 556 557  476 477 558  476 557 558  477 478 559  477 558 559  478 479 560  478 559 560  479 480 561  479 560 561  480 481 562  480 561 562  481 482 563  481 562 563  482 483 564  482 563 564  483 484 565  483 564 565  484 485 566  484 565 566  486 487 568  486 567 568  487 488 569  487 568 569  488 489 570  488 569 570  489 490 571  489 570 571  490 491 572  490 571 572  491 492 573  491 572 573  492 493 574  492 573 574  493 494 575  493 574 575  494 495 576  494 575 576  495 496 577  495 576 577  496 497 578  496 577 578  497 498 579  497 578 579  498 499 580  498 579 580  499 500 581  499 580 581  500 501 582  500 581 582  501 502 583  501 582 583  502 503 584  502 583 584  503 504 585  503 584 585  504 505 586  504 585 586  505 506 587  505 586 587  506 507 588  506 587 588  507 508 589  507 588 589  508 509 590  508 589 590  509 510 591  509 590 591  510 511 592  510 591 592  511 512 593  511 592 593  512 513 594  512 593 594  513 514 595  513 594 595  514 515 596  514 595 596  515 516 597  515 596 597  516 517 598  516 597 598  517 518 599  517 598 599  518 519 600  518 599 600  519 520 601  519 600 601  520 521 602  520 601 602  521 522 603  521 602 603  522 523 604  522 603 604  523 524 605  523 604 605  524 525 606  524 605 606  525 526 607  525 606 607  526 527 608  526 607 608  527 528 609  527 608 609  528 529 610  528 609 610  529 530 611  529 610 611  530 531 612  530 611 612  531 532 613  531 612 613  532 533 614  532 613 614  533 534 615  533 614 615  534 535 616  534 615 616  535 536 617  535 616 617  536 537 618  536 617 618  537 538 619  537 618 619  538 539 620  538 619 620  539 540 621  539 620 621  540 541 622  540 621 622  541 542 623  541 622 623  542 543 624  542 623 624  543 544 625  543 624 625  544 545 626  544 625 626  545 546 627  545 626 627  546 547 628  546 627 628  547 548 629  547 628 629  548 549 630  548 629 630  549 550 631  549 630 631  550 551 632  550 631 632  551 552 633  551 632 633  552 553 634  552 633 634  553 554 635  553 634 635  554 555 636  554 635 636  555 556 637  555 636 637  556 557 638  556 637 638  557 558 639  557 638 639  558 559 640  558 639 640  559 560 641  559 640 641  560 561 642  560 641 642  561 562 643  561 642 643  562 563 644  562 643 644  563 564 645  563 644 645  564 565 646  564 645 646  565 566 647  565 646 647  567 568 649  567 648 649  568 569 650  568 649 650  569 570 651  569 650 651  570 571 652  570 651 652  571 572 653  571 652 653  572 573 654  572 653 654  573 574 655  573 654 655  574 575 656  574 655 656  575 576 657  575 656 657  576 577 658  576 657 658  577 578 659  577 658 659  578 579 660  578 659 660  579 580 661  579 660 661  580 581 662  580 661 662  581 582 663  581 662 663  582 583 664  582 663 664  583 584 665  583 664 665  584 585 666  584 665 666  585 586 667  585 666 667  586 587 668  586 667 668  587 588 669  587 668 669  588 589 670  588 669 670  589 590 671  589 670 671  590 591 672  590 671 672  591 592 673  591 672 673  592 593 674  592 673 674  593 594 675  593 674 675  594 595 676  594 675 676  595 596 677  595 676 677  596 597 678  596 677 678  597 598 679  597 678 679  598 599 680  598 679 680  599 600 681  599 680 681  600 601 682  600 681 682  601 602 683  601 682 683  602 603 684  602 683 684  603 604 685  603 684 685  604 605 686  604 685 686  605 606 687  605 686 687  606 607 688  606 687 688  607 608 689  607 688 689  608 609 690  608 689 690  609 610 691  609 690 691  610 611 692  610 691 692  611 612 693  611 692 693  612 613 694  612 693 694  613 614 695  613 694 695  614 615 696  614 695 696  615 616 697  615 696 697  616 617 698  616 697 698  617 618 699  617 698 699  618 619 700  618 699 700  619 620 701  619 700 701  620 621 702  620 701 702  621 622 703  621 702 703  622 623 704  622 703 704  623 624 705  623 704 705  624 625 706  624 705 706  625 626 707  625 706 707  626 627 708  626 707 708  627 628 709  627 708 709  628 629 710  628 709 710  629 630 711  629 710 711  630 631 712  630 711 712  631 632 713  631 712 713  632 633 714  632 713 714  633 634 715  633 714 715  634 635 716  634 715 716  635 636 717  635 716 717  636 637 718  636 717 718  637 638 719  637 718 719  638 639 720  638 719 720  639 640 721  639 720 721  640 641 722  640 721 722  641 642 723  641 722 723  642 643 724  642 723 724  643 644 725  643 724 725  644 645 726  644 725 726  645 646 727  645 726 727  646 647 728  646 727 728  648 649 730  648 729 730  649 650 731  649 730 731  650 651 732  650 731 732  651 652 733  651 732 733  652 653 734  652 733 734  653 654 735  653 734 735  654 655 736  654 735 736  655 656 737  655 736 737  656 657 738  656 737 738  657 658 739  657 738 739  658 659 740  658 739 740  659 660 741  659 740 741  660 661 742  660 741 742  661 662 743  661 742 743  662 663 744  662 743 744  663 664 745  663 744 745  664 665 746  664 745 746  665 666 747  665 746 747  666 667 748  666 747 748  667 668 749  667 748 749  668 669 750  668 749 750  669 670 751  669 750 751  670 671 752  670 751 752  671 672 753  671 752 753  672 673 754  672 753 754  673 674 755  673 754 755  674 675 756  674 755 756  675 676 757  675 756 757  676 677 758  676 757 758  677 678 759  677 758 759  678 679 760  678 759 760  679 680 761  679 760 761  680 681 762  680 761 762  681 682 763  681 762 763  682 683 764  682 763 764  683 684 765  683 764 765  684 685 766  684 765 766  685 686 767  685 766 767  686 687 768  686 767 768  687 688 769  687 768 769  688 689 770  688 769 770  689 690 771  689 770 771  690 691 772  690 771 772  691 692 773  691 772 773  692 693 774  692 773 774  693 694 775  693 774 775  694 695 776  694 775 776  695 696 777  695 776 777  696 697 778  696 777 778  697 698 779  697 778 779  698 699 780  698 779 780  699 700 781  699 780 781  700 701 782  700 781 782  701 702 783  701 782 783  702 703 784  702 783 784  703 704 785  703 784 785  704 705 786  704 785 786  705 706 787  705 786 787  706 707 788  706 787 788  707 708 789  707 788 789  708 709 790  708 789 790  709 710 791  709 790 791  710 711 792  710 791 792  711 712 793  711 792 793  712 713 794  712 793 794  713 714 795  713 794 795  714 715 796  714 795 796  715 716 797  715 796 797  716 717 798  716 797 798  717 718 799  717 798 799  718 719 800  718 799 800  719 720 801  719 800 801  720 721 802  720 801 802  721 722 803  721 802 803  722 723 804  722 803 804  723 724 805  723 804 805  724 725 806  724 805 806  725 726 807  725 806 807  726 727 808  726 807 808  727 728 809  727 808 809  729 730 811  729 810 811  730 731 812  730 811 812  731 732 813  731 812 813  732 733 814  732 813 814  733 734 815  733 814 815  734 735 816  734 815 816  735 736 817  735 816 817  736 737 818  736 817 818  737 738 819  737 818 819  738 739 820  738 819 820  739 740 821  739 820 821  740 741 822  740 821 822  741 742 823  741 822 823  742 743 824  742 823 824  743 744 825  743 824 825  744 745 826  744 825 826  745 746 827  745 826 827  746 747 828  746 827 828  747 748 829  747 828 829  748 749 830  748 829 830  749 750 831  749 830 831  750 751 832  750 831 832  751 752 833  751 832 833  752 753 834  752 833 834  753 754 835  753 834 835  754 755 836  754 835 836  755 756 837  755 836 837  756 757 838  756 837 838  757 758 839  757 838 839  758 759 840  758 839 840  759 760 841  759 840 841  760 761 842  760 841 842  761 762 843  761 842 843  762 763 844  762 843 844  763 764 845  763 844 845  764 765 846  764 845 846  765 766 847  765 846 847  766 767 848  766 847 848  767 768 849  767 848 849  768 769 850  768 849 850  769 770 851  769 850 851  770 771 852  770 851 852  771 772 853  771 852 853  772 773 854  772 853 854  773 774 855  773 854 855  774 775 856  774 855 856  775 776 857  775 856 857  776 777 858  776 857 858  777 778 859  777 858 859  778 779 860  778 859 860  779 780 861  779 860 861  780 781 862  780 861 862  781 782 863  781 862 863  782 783 864  782 863 864  783 784 865  783 864 865  784 785 866  784 865 866  785 786 867  785 866 867  786 787 868  786 867 868  787 788 869  787 868 869  788 789 870  788 869 870  789 790 871  789 870 871  790 791 872  790 871 872  791 792 873  791 872 873  792 793 874  792 873 874  793 794 875  793 874 875  794 795 876  794 875 876  795 796 877  795 876 877  796 797 878  796 877 878  797 798 879  797 878 879  798 799 880  798 879 880  799 800 881  799 880 881  800 801 882  800 881 882  801 802 883  801 882 883  802 803 884  802 883 884  803 804 885  803 884 885  804 805 886  804 885 886  805 806 887  805 886 887  806 807 888  806 887 888  807 808 889  807 888 889  808 809 890  808 889 890  810 811 892  810 891 892  811 812 893  811 892 893  812 813 894  812 893 894  813 814 895  813 894 895  814 815 896  814 895 896  815 816 897  815 896 897  816 817 898  816 897 898  817 818 899  817 898 899  818 819 900  818 899 900  819 820 901  819 900 901  820 821 902  820 901 902  821 822 903  821 902 903  822 823 904  822 903 904  823 824 905  823 904 905  824 825 906  824 905 906  825 826 907  825 906 907  826 827 908  826 907 908  827 828 909  827 908 909  828 829 910  828 909 910  829 830 911  829 910 911  830 831 912  830 911 912  831 832 913  831 912 913  832 833 914  832 913 914  833 834 915  833 914 915  834 835 916  834 915 916  835 836 917  835 916 917  836 837 918  836 917 918  837 838 919  837 918 919  838 839 920  838 919 920  839 840 921  839 920 921  840 841 922  840 921 922  841 842 923  841 922 923  842 843 924  842 923 924  843 844 925  843 924 925  844 845 926  844 925 926  845 846 927  845 926 927  846 847 928  846 927 928  847 848 929  847 928 929  848 849 930  848 929 930  849 850 931  849 930 931  850 851 932  850 931 932  851 852 933  851 932 933  852 853 934  852 933 934  853 854 935  853 934 935  854 855 936  854 935 936  855 856 937  855 936 937  856 857 938  856 937 938  857 858 939  857 938 939  858 859 940  858 939 940  859 860 941  859 940 941  860 861 942  860 941 942  861 862 943  861 942 943  862 863 944  862 943 944  863 864 945  863 944 945  864 865 946  864 945 946  865 866 947  865 946 947  866 867 948  866 947 948  867 868 949  867 948 949  868 869 950  868 949 950  869 870 951  869 950 951  870 871 952  870 951 952  871 872 953  871 952 953  872 873 954  872 953 954  873 874 955  873 954 955  874 875 956  874 955 956  875 876 957  875 956 957  876 877 958  876 957 958  877 878 959  877 958 959  878 879 960  878 959 960  879 880 961  879 960 961  880 881 962  880 961 962  881 882 963  881 962 963  882 883 964  882 963 964  883 884 965  883 964 965  884 885 966  884 965 966  885 886 967  885 966 967  886 887 968  886 967 968  887 888 969  887 968 969  888 889 970  888 969 970  889 890 971  889 970 971  891 892 973  891 972 973  892 893 974  892 973 974  893 894 975  893 974 975  894 895 976  894 975 976  895 896 977  895 976 977  896 897 978  896 977 978  897 898 979  897 978 979  898 899 980  898 979 980  899 900 981  899 980 981  900 901 982  900 981 982  901 902 983  901 982 983  902 903 984  902 983 984  903 904 985  903 984 985  904 905 986  904 985 986  905 906 987  905 986 987  906 907 988  906 987 988  907 908 989  907 988 989  908 909 990  908 989 990  909 910 991  909 990 991  910 911 992  910 991 992  911 912 993  911 992 993  912 913 994  912 993 994  913 914 995  913 994 995  914 915 996  914 995 996  915 916 997  915 996 997  916 917 998  916 997 998  917 918 999  917 998 999  918 919 1000  918 999 1000  919 920 1001  919 1000 1001  920 921 1002  920 1001 1002  921 922 1003  921 1002 1003  922 923 1004  922 1003 1004  923 924 1005  923 1004 1005  924 925 1006  924 1005 1006  925 926 1007  925 1006 1007  926 927 1008  926 1007 1008  927 928 1009  927 1008 1009  928 929 1010  928 1009 1010  929 930 1011  929 1010 1011  930 931 1012  930 1011 1012  931 932 1013  931 1012 1013  932 933 1014  932 1013 1014  933 934 1015  933 1014 1015  934 935 1016  934 1015 1016  935 936 1017  935 1016 1017  936 937 1018  936 1017 1018  937 938 1019  937 1018 1019  938 939 1020  938 1019 1020  939 940 1021  939 1020 1021  940 941 1022  940 1021 1022  941 942 1023  941 1022 1023  942 943 1024  942 1023 1024  943 944 1025  943 1024 1025  944 945 1026  944 1025 1026  945 946 1027  945 1026 1027  946 947 1028  946 1027 1028  947 948 1029  947 1028 1029  948 949 1030  948 1029 1030  949 950 1031  949 1030 1031  950 951 1032  950 1031 1032  951 952 1033  951 1032 1033  952 953 1034  952 1033 1034  953 954 1035  953 1034 1035  954 955 1036  954 1035 1036  955 956 1037  955 1036 1037  956 957 1038  956 1037 1038  957 958 1039  957 1038 1039  958 959 1040  958 1039 1040  959 960 1041  959 1040 1041  960 961 1042  960 1041 1042  961 962 1043  961 1042 1043  962 963 1044  962 1043 1044  963 964 1045  963 1044 1045  964 965 1046  964 1045 1046  965 966 1047  965 1046 1047  966 967 1048  966 1047 1048  967 968 1049  967 1048 1049  968 969 1050  968 1049 1050  969 970 1051  969 1050 1051  970 971 1052  970 1051 1052  972 973 1054  972 1053 1054  973 974 1055  973 1054 1055  974 975 1056  974 1055 1056  975 976 1057  975 1056 1057  976 977 1058  976 1057 1058  977 978 1059  977 1058 1059  978 979 1060  978 1059 1060  979 980 1061  979 1060 1061  980 981 1062  980 1061 1062  981 982 1063  981 1062 1063  982 983 1064  982 1063 1064  983 984 1065  983 1064 1065  984 985 1066  984 1065 1066  985 986 1067  985 1066 1067  986 987 1068  986 1067 1068  987 988 1069  987 1068 1069  988 989 1070  988 1069 1070  989 990 1071  989 1070 1071  990 991 1072  990 1071 1072  991 992 1073  991 1072 1073  992 993 1074  992 1073 1074  993 994 1075  993 1074 1075  994 995 1076  994 1075 1076  995 996 1077  995 1076 1077  996 997 1078  996 1077 1078  997 998 1079  997 1078 1079  998 999 1080  998 1079 1080  999 1000 1081  999 1080 1081  1000 1001 1082  1000 1081 1082  1001 1002 1083  1001 1082 1083  1002 1003 1084  1002 1083 1084  1003 1004 1085  1003 1084 1085  1004 1005 1086  1004 1085 1086  1005 1006 1087  1005 1086 1087  1006 1007 1088  1006 1087 1088  1007 1008 1089  1007 1088 1089  1008 1009 1090  1008 1089 1090  1009 1010 1091  1009 1090 1091  1010 1011 1092  1010 1091 1092  1011 1012 1093  1011 1092 1093  1012 1013 1094  1012 1093 1094  1013 1014 1095  1013 1094 1095  1014 1015 1096  1014 1095 1096  1015 1016 1097  1015 1096 1097  1016 1017 1098  1016 1097 1098  1017 1018 1099  1017 1098 1099  1018 1019 1100  1018 1099 1100  1019 1020 1101  1019 1100 1101  1020 1021 1102  1020 1101 1102  1021 1022 1103  1021 1102 1103  1022 1023 1104  1022 1103 1104  1023 1024 1105  1023 1104 1105  1024 1025 1106  1024 1105 1106  1025 1026 1107  1025 1106 1107  1026 1027 1108  1026 1107 1108  1027 1028 1109  1027 1108 1109  1028 1029 1110  1028 1109 1110  1029 1030 1111  1029 1110 1111  1030 1031 1112  1030 1111 1112  1031 1032 1113  1031 1112 1113  1032 1033 1114  1032 1113 1114  1033 1034 1115  1033 1114 1115  1034 1035 1116  1034 1115 1116  1035 1036 1117  1035 1116 1117  1036 1037 1118  1036 1117 1118  1037 1038 1119  1037 1118 1119  1038 1039 1120  1038 1119 1120  1039 1040 1121  1039 1120 1121  1040 1041 1122  1040 1121 1122  1041 1042 1123  1041 1122 1123  1042 1043 1124  1042 1123 1124  1043 1044 1125  1043 1124 1125  1044 1045 1126  1044 1125 1126  1045 1046 1127  1045 1126 1127  1046 1047 1128  1046 1127 1128  1047 1048 1129  1047 1128 1129  1048 1049 1130  1048 1129 1130  1049 1050 1131  1049 1130 1131  1050 1051 1132  1050 1131 1132  1051 1052 1133  1051 1132 1133  1053 1054 1135  1053 1134 1135  1054 1055 1136  1054 1135 1136  1055 1056 1137  1055 1136 1137  1056 1057 1138  1056 1137 1138  1057 1058 1139  1057 1138 1139  1058 1059 1140  1058 1139 1140  1059 1060 1141  1059 1140 1141  1060 1061 1142  1060 1141 1142  1061 1062 1143  1061 1142 1143  1062 1063 1144  1062 1143 1144  1063 1064 1145  1063 1144 1145  1064 1065 1146  1064 1145 1146  1065 1066 1147  1065 1146 1147  1066 1067 1148  1066 1147 1148  1067 1068 1149  1067 1148 1149  1068 1069 1150  1068 1149 1150  1069 1070 1151  1069 1150 1151  1070 1071 1152  1070 1151 1152  1071 1072 1153  1071 1152 1153  1072 1073 1154  1072 1153 1154  1073 1074 1155  1073 1154 1155  1074 1075 1156  1074 1155 1156  1075 1076 1157  1075 1156 1157  1076 1077 1158  1076 1157 1158  1077 1078 1159  1077 1158 1159  1078 1079 1160  1078 1159 1160  1079 1080 1161  1079 1160 1161  1080 1081 1162  1080 1161 1162  1081 1082 1163  1081 1162 1163  1082 1083 1164  1082 1163 1164  1083 1084 1165  1083 1164 1165  1084 1085 1166  1084 1165 1166  1085 1086 1167  1085 1166 1167  1086 1087 1168  1086 1167 1168  1087 1088 1169  1087 1168 1169  1088 1089 1170  1088 1169 1170  1089 1090 1171  1089 1170 1171  1090 1091 1172  1090 1171 1172  1091 1092 1173  1091 1172 1173  1092 1093 1174  1092 1173 1174  1093 1094 1175  1093 1174 1175  1094 1095 1176  1094 1175 1176  1095 1096 1177  1095 1176 1177  1096 1097 1178  1096 1177 1178  1097 1098 1179  1097 1178 1179  1098 1099 1180  1098 1179 1180  1099 1100 1181  1099 1180 1181  1100 1101 1182  1100 1181 1182  1101 1102 1183  1101 1182 1183  1102 1103 1184  1102 1183 1184  1103 1104 1185  1103 1184 1185  1104 1105 1186  1104 1185 1186  1105 1106 1187  1105 1186 1187  1106 1107 1188  1106 1187 1188  1107 1108 1189  1107 1188 1189  1108 1109 1190  1108 1189 1190  1109 1110 1191  1109 1190 1191  1110 1111 1192  1110 1191 1192  1111 1112 1193  1111 1192 1193  1112 1113 1194  1112 1193 1194  1113 1114 1195  1113 1194 1195  1114 1115 1196  1114 1195 1196  1115 1116 1197  1115 1196 1197  1116 1117 1198  1116 1197 1198  1117 1118 1199  1117 1198 1199  1118 1119 1200  1118 1199 1200  1119 1120 1201  1119 1200 1201  1120 1121 1202  1120 1201 1202  1121 1122 1203  1121 1202 1203  1122 1123 1204  1122 1203 1204  1123 1124 1205  1123 1204 1205  1124 1125 1206  1124 1205 1206  1125 1126 1207  1125 1206 1207  1126 1127 1208  1126 1207 1208  1127 1128 1209  1127 1208 1209  1128 1129 1210  1128 1209 1210  1129 1130 1211  1129 1210 1211  1130 1131 1212  1130 1211 1212  1131 1132 1213  1131 1212 1213  1132 1133 1214  1132 1213 1214  1134 1135 1216  1134 1215 1216  1135 1136 1217  1135 1216 1217  1136 1137 1218  1136 1217 1218  1137 1138 1219  1137 1218 1219  1138 1139 1220  1138 1219 1220  1139 1140 1221  1139 1220 1221  1140 1141 1222  1140 1221 1222  1141 1142 1223  1141 1222 1223  1142 1143 1224  1142 1223 1224  1143 1144 1225  1143 1224 1225  1144 1145 1226  1144 1225 1226  1145 1146 1227  1145 1226 1227  1146 1147 1228  1146 1227 1228  1147 1148 1229  1147 1228 1229  1148 1149 1230  1148 1229 1230  1149 1150 1231  1149 1230 1231  1150 1151 1232  1150 1231 1232  1151 1152 1233  1151 1232 1233  1152 1153 1234  1152 1233 1234  1153 1154 1235  1153 1234 1235  1154 1155 1236  1154 1235 1236  1155 1156 1237  1155 1236 1237  1156 1157 1238  1156 1237 1238  1157 1158 1239  1157 1238 1239  1158 1159 1240  1158 1239 1240  1159 1160 1241  1159 1240 1241  1160 1161 1242  1160 1241 1242  1161 1162 1243  1161 1242 1243  1162 1163 1244  1162 1243 1244  1163 1164 1245  1163 1244 1245  1164 1165 1246  1164 1245 1246  1165 1166 1247  1165 1246 1247  1166 1167 1248  1166 1247 1248  1167 1168 1249  1167 1248 1249  1168 1169 1250  1168 1249 1250  1169 1170 1251  1169 1250 1251  1170 1171 1252  1170 1251 1252  1171 1172 1253  1171 1252 1253  1172 1173 1254  1172 1253 1254  1173 1174 1255  1173 1254 1255  1174 1175 1256  1174 1255 1256  1175 1176 1257  1175 1256 1257  1176 1177 1258  1176 1257 1258  1177 1178 1259  1177 1258 1259  1178 1179 1260  1178 1259 1260  1179 1180 1261  1179 1260 1261  1180 1181 1262  1180 1261 1262  1181 1182 1263  1181 1262 1263  1182 1183 1264  1182 1263 1264  1183 1184 1265  1183 1264 1265  1184 1185 1266  1184 1265 1266  1185 1186 1267  1185 1266 1267  1186 1187 1268  1186 1267 1268  1187 1188 1269  1187 1268 1269  1188 1189 1270  1188 1269 1270  1189 1190 1271  1189 1270 1271  1190 1191 1272  1190 1271 1272  1191 1192 1273  1191 1272 1273  1192 1193 1274  1192 1273 1274  1193 1194 1275  1193 1274 1275  1194 1195 1276  1194 1275 1276  1195 1196 1277  1195 1276 1277  1196 1197 1278  1196 1277 1278  1197 1198 1279  1197 1278 1279  1198 1199 1280  1198 1279 1280  1199 1200 1281  1199 1280 1281  1200 1201 1282  1200 1281 1282  1201 1202 1283  1201 1282 1283  1202 1203 1284  1202 1283 1284  1203 1204 1285  1203 1284 1285  1204 1205 1286  1204 1285 1286  1205 1206 1287  1205 1286 1287  1206 1207 1288  1206 1287 1288  1207 1208 1289  1207 1288 1289  1208 1209 1290  1208 1289 1290  1209 1210 1291  1209 1290 1291  1210 1211 1292  1210 1291 1292  1211 1212 1293  1211 1292 1293  1212 1213 1294  1212 1293 1294  1213 1214 1295  1213 1294 1295  1215 1216 1297  1215 1296 1297  1216 1217 1298  1216 1297 1298  1217 1218 1299  1217 1298 1299  1218 1219 1300  1218 1299 1300  1219 1220 1301  1219 1300 1301  1220 1221 1302  1220 1301 1302  1221 1222 1303  1221 1302 1303  1222 1223 1304  1222 1303 1304  1223 1224 1305  1223 1304 1305  1224 1225 1306  1224 1305 1306  1225 1226 1307  1225 1306 1307  1226 1227 1308  1226 1307 1308  1227 1228 1309  1227 1308 1309  1228 1229 1310  1228 1309 1310  1229 1230 1311  1229 1310 1311  1230 1231 1312  1230 1311 1312  1231 1232 1313  1231 1312 1313  1232 1233 1314  1232 1313 1314  1233 1234 1315  1233 1314 1315  1234 1235 1316  1234 1315 1316  1235 1236 1317  1235 1316 1317  1236 1237 1318  1236 1317 1318  1237 1238 1319  1237 1318 1319  1238 1239 1320  1238 1319 1320  1239 1240 1321  1239 1320 1321  1240 1241 1322  1240 1321 1322  1241 1242 1323  1241 1322 1323  1242 1243 1324  1242 1323 1324  1243 1244 1325  1243 1324 1325  1244 1245 1326  1244 1325 1326  1245 1246 1327  1245 1326 1327  1246 1247 1328  1246 1327 1328  1247 1248 1329  1247 1328 1329  1248 1249 1330  1248 1329 1330  1249 1250 1331  1249 1330 1331  1250 1251 1332  1250 1331 1332  1251 1252 1333  1251 1332 1333  1252 1253 1334  1252 1333 1334  1253 1254 1335  1253 1334 1335  1254 1255 1336  1254 1335 1336  1255 1256 1337  1255 1336 1337  1256 1257 1338  1256 1337 1338  1257 1258 1339  1257 1338 1339  1258 1259 1340  1258 1339 1340  1259 1260 1341  1259 1340 1341  1260 1261 1342  1260 1341 1342  1261 1262 1343  1261 1342 1343  1262 1263 1344  1262 1343 1344  1263 1264 1345  1263 1344 1345  1264 1265 1346  1264 1345 1346  1265 1266 1347  1265 1346 1347  1266 1267 1348  1266 1347 1348  1267 1268 1349  1267 1348 1349  1268 1269 1350  1268 1349 1350  1269 1270 1351  1269 1350 1351  1270 1271 1352  1270 1351 1352  1271 1272 1353  1271 1352 1353  1272 1273 1354  1272 1353 1354  1273 1274 1355  1273 1354 1355  1274 1275 1356  1274 1355 1356  1275 1276 1357  1275 1356 1357  1276 1277 1358  1276 1357 1358  1277 1278 1359  1277 1358 1359  1278 1279 1360  1278 1359 1360  1279 1280 1361  1279 1360 1361  1280 1281 1362  1280 1361 1362  1281 1282 1363  1281 1362 1363  1282 1283 1364  1282 1363 1364  1283 1284 1365  1283 1364 1365  1284 1285 1366  1284 1365 1366  1285 1286 1367  1285 1366 1367  1286 1287 1368  1286 1367 1368  1287 1288 1369  1287 1368 1369  1288 1289 1370  1288 1369 1370  1289 1290 1371  1289 1370 1371  1290 1291 1372  1290 1371 1372  1291 1292 1373  1291 1372 1373  1292 1293 1374  1292 1373 1374  1293 1294 1375  1293 1374 1375  1294 1295 1376  1294 1375 1376  1296 1297 1378  1296 1377 1378  1297 1298 1379  1297 1378 1379  1298 1299 1380  1298 1379 1380  1299 1300 1381  1299 1380 1381  1300 1301 1382  1300 1381 1382  1301 1302 1383  1301 1382 1383  1302 1303 1384  1302 1383 1384  1303 1304 1385  1303 1384 1385  1304 1305 1386  1304 1385 1386  1305 1306 1387  1305 1386 1387  1306 1307 1388  1306 1387 1388  1307 1308 1389  1307 1388 1389  1308 1309 1390  1308 1389 1390  1309 1310 1391  1309 1390 1391  1310 1311 1392  1310 1391 1392  1311 1312 1393  1311 1392 1393  1312 1313 1394  1312 1393 1394  1313 1314 1395  1313 1394 1395  1314 1315 1396  1314 1395 1396  1315 1316 1397  1315 1396 1397  1316 1317 1398  1316 1397 1398  1317 1318 1399  1317 1398 1399  1318 1319 1400  1318 1399 1400  1319 1320 1401  1319 1400 1401  1320 1321 1402  1320 1401 1402  1321 1322 1403  1321 1402 1403  1322 1323 1404  1322 1403 1404  1323 1324 1405  1323 1404 1405  1324 1325 1406  1324 1405 1406  1325 1326 1407  1325 1406 1407  1326 1327 1408  1326 1407 1408  1327 1328 1409  1327 1408 1409  1328 1329 1410  1328 1409 1410  1329 1330 1411  1329 1410 1411  1330 1331 1412  1330 1411 1412  1331 1332 1413  1331 1412 1413  1332 1333 1414  1332 1413 1414  1333 1334 1415  1333 1414 1415  1334 1335 1416  1334 1415 1416  1335 1336 1417  1335 1416 1417  1336 1337 1418  1336 1417 1418  1337 1338 1419  1337 1418 1419  1338 1339 1420  1338 1419 1420  1339 1340 1421  1339 1420 1421  1340 1341 1422  1340 1421 1422  1341 1342 1423  1341 1422 1423  1342 1343 1424  1342 1423 1424  1343 1344 1425  1343 1424 1425  1344 1345 1426  1344 1425 1426  1345 1346 1427  1345 1426 1427  1346 1347 1428  1346 1427 1428  1347 1348 1429  1347 1428 1429  1348 1349 1430  1348 1429 1430  1349 1350 1431  1349 1430 1431  1350 1351 1432  1350 1431 1432  1351 1352 1433  1351 1432 1433  1352 1353 1434  1352 1433 1434  1353 1354 1435  1353 1434 1435  1354 1355 1436  1354 1435 1436  1355 1356 1437  1355 1436 1437  1356 1357 1438  1356 1437 1438  1357 1358 1439  1357 1438 1439  1358 1359 1440  1358 1439 1440  1359 1360 1441  1359 1440 1441  1360 1361 1442  1360 1441 1442  1361 1362 1443  1361 1442 1443  1362 1363 1444  1362 1443 1444  1363 1364 1445  1363 1444 1445  1364 1365 1446  1364 1445 1446  1365 1366 1447  1365 1446 1447  1366 1367 1448  1366 1447 1448  1367 1368 1449  1367 1448 1449  1368 1369 1450  1368 1449 1450  1369 1370 1451  1369 1450 1451  1370 1371 1452  1370 1451 1452  1371 1372 1453  1371 1452 1453  1372 1373 1454  1372 1453 1454  1373 1374 1455  1373 1454 1455  1374 1375 1456  1374 1455 1456  1375 1376 1457  1375 1456 1457  1377 1378 1459  1377 1458 1459  1378 1379 1460  1378 1459 1460  1379 1380 1461  1379 1460 1461  1380 1381 1462  1380 1461 1462  1381 1382 1463  1381 1462 1463  1382 1383 1464  1382 1463 1464  1383 1384 1465  1383 1464 1465  1384 1385 1466  1384 1465 1466  1385 1386 1467  1385 1466 1467  1386 1387 1468  1386 1467 1468  1387 1388 1469  1387 1468 1469  1388 1389 1470  1388 1469 1470  1389 1390 1471  1389 1470 1471  1390 1391 1472  1390 1471 1472  1391 1392 1473  1391 1472 1473  1392 1393 1474  1392 1473 1474  1393 1394 1475  1393 1474 1475  1394 1395 1476  1394 1475 1476  1395 1396 1477  1395 1476 1477  1396 1397 1478  1396 1477 1478  1397 1398 1479  1397 1478 1479  1398 1399 1480  1398 1479 1480  1399 1400 1481  1399 1480 1481  1400 1401 1482  1400 1481 1482  1401 1402 1483  1401 1482 1483  1402 1403 1484  1402 1483 1484  1403 1404 1485  1403 1484 1485  1404 1405 1486  1404 1485 1486  1405 1406 1487  1405 1486 1487  1406 1407 1488  1406 1487 1488  1407 1408 1489  1407 1488 1489  1408 1409 1490  1408 1489 1490  1409 1410 1491  1409 1490 1491  1410 1411 1492  1410 1491 1492  1411 1412 1493  1411 1492 1493  1412 1413 1494  1412 1493 1494  1413 1414 1495  1413 1494 1495  1414 1415 1496  1414 1495 1496  1415 1416 1497  1415 1496 1497  1416 1417 1498  1416 1497 1498  1417 1418 1499  1417 1498 1499  1418 1419 1500  1418 1499 1500  1419 1420 1501  1419 1500 1501  1420 1421 1502  1420 1501 1502  1421 1422 1503  1421 1502 1503  1422 1423 1504  1422 1503 1504  1423 1424 1505  1423 1504 1505  1424 1425 1506  1424 1505 1506  1425 1426 1507  1425 1506 1507  1426 1427 1508  1426 1507 1508  1427 1428 1509  1427 1508 1509  1428 1429 1510  1428 1509 1510  1429 1430 1511  1429 1510 1511  1430 1431 1512  1430 1511 1512  1431 1432 1513  1431 1512 1513  1432 1433 1514  1432 1513 1514  1433 1434 1515  1433 1514 1515  1434 1435 1516  1434 1515 1516  1435 1436 1517  1435 1516 1517  1436 1437 1518  1436 1517 1518  1437 1438 1519  1437 1518 1519  1438 1439 1520  1438 1519 1520  1439 1440 1521  1439 1520 1521  1440 1441 1522  1440 1521 1522  1441 1442 1523  1441 1522 1523  1442 1443 1524  1442 1523 1524  1443 1444 1525  1443 1524 1525  1444 1445 1526  1444 1525 1526  1445 1446 1527  1445 1526 1527  1446 1447 1528  1446 1527 1528  1447 1448 1529  1447 1528 1529  1448 1449 1530  1448 1529 1530  1449 1450 1531  1449 1530 1531  1450 1451 1532  1450 1531 1532  1451 1452 1533  1451 1532 1533  1452 1453 1534  1452 1533 1534  1453 1454 1535  1453 1534 1535  1454 1455 1536  1454 1535 1536  1455 1456 1537  1455 1536 1537  1456 1457 1538  1456 1537 1538  1458 1459 1540  1458 1539 1540  1459 1460 1541  1459 1540 1541  1460 1461 1542  1460 1541 1542  1461 1462 1543  1461 1542 1543  1462 1463 1544  1462 1543 1544  1463 1464 1545  1463 1544 1545  1464 1465 1546  1464 1545 1546  1465 1466 1547  1465 1546 1547  1466 1467 1548  1466 1547 1548  1467 1468 1549  1467 1548 1549  1468 1469 1550  1468 1549 1550  1469 1470 1551  1469 1550 1551  1470 1471 1552  1470 1551 1552  1471 1472 1553  1471 1552 1553  1472 1473 1554  1472 1553 1554  1473 1474 1555  1473 1554 1555  1474 1475 1556  1474 1555 1556  1475 1476 1557  1475 1556 1557  1476 1477 1558  1476 1557 1558  1477 1478 1559  1477 1558 1559  1478 1479 1560  1478 1559 1560  1479 1480 1561  1479 1560 1561  1480 1481 1562  1480 1561 1562  1481 1482 1563  1481 1562 1563  1482 1483 1564  1482 1563 1564  1483 1484 1565  1483 1564 1565  1484 1485 1566  1484 1565 1566  1485 1486 1567  1485 1566 1567  1486 1487 1568  1486 1567 1568  1487 1488 1569  1487 1568 1569  1488 1489 1570  1488 1569 1570  1489 1490 1571  1489 1570 1571  1490 1491 1572  1490 1571 1572  1491 1492 1573  1491 1572 1573  1492 1493 1574  1492 1573 1574  1493 1494 1575  1493 1574 1575  1494 1495 1576  1494 1575 1576  1495 1496 1577  1495 1576 1577  1496 1497 1578  1496 1577 1578  1497 1498 1579  1497 1578 1579  1498 1499 1580  1498 1579 1580  1499 1500 1581  1499 1580 1581  1500 1501 1582  1500 1581 1582  1501 1502 1583  1501 1582 1583  1502 1503 1584  1502 1583 1584  1503 1504 1585  1503 1584 1585  1504 1505 1586  1504 1585 1586  1505 1506 1587  1505 1586 1587  1506 1507 1588  1506 1587 1588  1507 1508 1589  1507 1588 1589  1508 1509 1590  1508 1589 1590  1509 1510 1591  1509 1590 1591  1510 1511 1592  1510 1591 1592  1511 1512 1593  1511 1592 1593  1512 1513 1594  1512 1593 1594  1513 1514 1595  1513 1594 1595  1514 1515 1596  1514 1595 1596  1515 1516 1597  1515 1596 1597  1516 1517 1598  1516 1597 1598  1517 1518 1599  1517 1598 1599  1518 1519 1600  1518 1599 1600  1519 1520 1601  1519 1600 1601  1520 1521 1602  1520 1601 1602  1521 1522 1603  1521 1602 1603  1522 1523 1604  1522 1603 1604  1523 1524 1605  1523 1604 1605  1524 1525 1606  1524 1605 1606  1525 1526 1607  1525 1606 1607  1526 1527 1608  1526 1607 1608  1527 1528 1609  1527 1608 1609  1528 1529 1610  1528 1609 1610  1529 1530 1611  1529 1610 1611  1530 1531 1612  1530 1611 1612  1531 1532 1613  1531 1612 1613  1532 1533 1614  1532 1613 1614  1533 1534 1615  1533 1614 1615  1534 1535 1616  1534 1615 1616  1535 1536 1617  1535 1616 1617  1536 1537 1618  1536 1617 1618  1537 1538 1619  1537 1618 1619  1539 1540 1621  1539 1620 1621  1540 1541 1622  1540 1621 1622  1541 1542 1623  1541 1622 1623  1542 1543 1624  1542 1623 1624  1543 1544 1625  1543 1624 1625  1544 1545 1626  1544 1625 1626  1545 1546 1627  1545 1626 1627  1546 1547 1628  1546 1627 1628  1547 1548 1629  1547 1628 1629  1548 1549 1630  1548 1629 1630  1549 1550 1631  1549 1630 1631  1550 1551 1632  1550 1631 1632  1551 1552 1633  1551 1632 1633  1552 1553 1634  1552 1633 1634  1553 1554 1635  1553 1634 1635  1554 1555 1636  1554 1635 1636  1555 1556 1637  1555 1636 1637  1556 1557 1638  1556 1637 1638  1557 1558 1639  1557 1638 1639  1558 1559 1640  1558 1639 1640  1559 1560 1641  1559 1640 1641  1560 1561 1642  1560 1641 1642  1561 1562 1643  1561 1642 1643  1562 1563 1644  1562 1643 1644  1563 1564 1645  1563 1644 1645  1564 1565 1646  1564 1645 1646  1565 1566 1647  1565 1646 1647  1566 1567 1648  1566 1647 1648  1567 1568 1649  1567 1648 1649  1568 1569 1650  1568 1649 1650  1569 1570 1651  1569 1650 1651  1570 1571 1652  1570 1651 1652  1571 1572 1653  1571 1652 1653  1572 1573 1654  1572 1653 1654  1573 1574 1655  1573 1654 1655  1574 1575 1656  1574 1655 1656  1575 1576 1657  1575 1656 1657  1576 1577 1658  1576 1657 1658  1577 1578 1659  1577 1658 1659  1578 1579 1660  1578 1659 1660  1579 1580 1661  1579 1660 1661  1580 1581 1662  1580 1661 1662  1581 1582 1663  1581 1662 1663  1582 1583 1664  1582 1663 1664  1583 1584 1665  1583 1664 1665  1584 1585 1666  1584 1665 1666  1585 1586 1667  1585 1666 1667  1586 1587 1668  1586 1667 1668  1587 1588 1669  1587 1668 1669  1588 1589 1670  1588 1669 1670  1589 1590 1671  1589 1670 1671  1590 1591 1672  1590 1671 1672  1591 1592 1673  1591 1672 1673  1592 1593 1674  1592 1673 1674  1593 1594 1675  1593 1674 1675  1594 1595 1676  1594 1675 1676  1595 1596 1677  1595 1676 1677  1596 1597 1678  1596 1677 1678  1597 1598 1679  1597 1678 1679  1598 1599 1680  1598 1679 1680  1599 1600 1681  1599 1680 1681  1600 1601 1682  1600 1681 1682  1601 1602 1683  1601 1682 1683  1602 1603 1684  1602 1683 1684  1603 1604 1685  1603 1684 1685  1604 1605 1686  1604 1685 1686  1605 1606 1687  1605 1686 1687  1606 1607 1688  1606 1687 1688  1607 1608 1689  1607 1688 1689  1608 1609 1690  1608 1689 1690  1609 1610 1691  1609 1690 1691  1610 1611 1692  1610 1691 1692  1611 1612 1693  1611 1692 1693  1612 1613 1694  1612 1693 1694  1613 1614 1695  1613 1694 1695  1614 1615 1696  1614 1695 1696  1615 1616 1697  1615 1696 1697  1616 1617 1698  1616 1697 1698  1617 1618 1699  1617 1698 1699  1618 1619 1700  1618 1699 1700  1620 1621 1702  1620 1701 1702  1621 1622 1703  1621 1702 1703  1622 1623 1704  1622 1703 1704  1623 1624 1705  1623 1704 1705  1624 1625 1706  1624 1705 1706  1625 1626 1707  1625 1706 1707  1626 1627 1708  1626 1707 1708  1627 1628 1709  1627 1708 1709  1628 1629 1710  1628 1709 1710  1629 1630 1711  1629 1710 1711  1630 1631 1712  1630 1711 1712  1631 1632 1713  1631 1712 1713  1632 1633 1714  1632 1713 1714  1633 1634 1715  1633 1714 1715  1634 1635 1716  1634 1715 1716  1635 1636 1717  1635 1716 1717  1636 1637 1718  1636 1717 1718  1637 1638 1719  1637 1718 1719  1638 1639 1720  1638 1719 1720  1639 1640 1721  1639 1720 1721  1640 1641 1722  1640 1721 1722  1641 1642 1723  1641 1722 1723  1642 1643 1724  1642 1723 1724  1643 1644 1725  1643 1724 1725  1644 1645 1726  1644 1725 1726  1645 1646 1727  1645 1726 1727  1646 1647 1728  1646 1727 1728  1647 1648 1729  1647 1728 1729  1648 1649 1730  1648 1729 1730  1649 1650 1731  1649 1730 1731  1650 1651 1732  1650 1731 1732  1651 1652 1733  1651 1732 1733  1652 1653 1734  1652 1733 1734  1653 1654 1735  1653 1734 1735  1654 1655 1736  1654 1735 1736  1655 1656 1737  1655 1736 1737  1656 1657 1738  1656 1737 1738  1657 1658 1739  1657 1738 1739  1658 1659 1740  1658 1739 1740  1659 1660 1741  1659 1740 1741  1660 1661 1742  1660 1741 1742  1661 1662 1743  1661 1742 1743  1662 1663 1744  1662 1743 1744  1663 1664 1745  1663 1744 1745  1664 1665 1746  1664 1745 1746  1665 1666 1747  1665 1746 1747  1666 1667 1748  1666 1747 1748  1667 1668 1749  1667 1748 1749  1668 1669 1750  1668 1749 1750  1669 1670 1751  1669 1750 1751  1670 1671 1752  1670 1751 1752  1671 1672 1753  1671 1752 1753  1672 1673 1754  1672 1753 1754  1673 1674 1755  1673 1754 1755  1674 1675 1756  1674 1755 1756  1675 1676 1757  1675 1756 1757  1676 1677 1758  1676 1757 1758  1677 1678 1759  1677 1758 1759  1678 1679 1760  1678 1759 1760  1679 1680 1761  1679 1760 1761  1680 1681 1762  1680 1761 1762  1681 1682 1763  1681 1762 1763  1682 1683 1764  1682 1763 1764  1683 1684 1765  1683 1764 1765  1684 1685 1766  1684 1765 1766  1685 1686 1767  1685 1766 1767  1686 1687 1768  1686 1767 1768  1687 1688 1769  1687 1768 1769  1688 1689 1770  1688 1769 1770  1689 1690 1771  1689 1770 1771  1690 1691 1772  1690 1771 1772  1691 1692 1773  1691 1772 1773  1692 1693 1774  1692 1773 1774  1693 1694 1775  1693 1774 1775  1694 1695 1776  1694 1775 1776  1695 1696 1777  1695 1776 1777  1696 1697 1778  1696 1777 1778  1697 1698 1779  1697 1778 1779  1698 1699 1780  1698 1779 1780  1699 1700 1781  1699 1780 1781  1701 1702 1783  1701 1782 1783  1702 1703 1784  1702 1783 1784  1703 1704 1785  1703 1784 1785  1704 1705 1786  1704 1785 1786  1705 1706 1787  1705 1786 1787  1706 1707 1788  1706 1787 1788  1707 1708 1789  1707 1788 1789  1708 1709 1790  1708 1789 1790  1709 1710 1791  1709 1790 1791  1710 1711 1792  1710 1791 1792  1711 1712 1793  1711 1792 1793  1712 1713 1794  1712 1793 1794  1713 1714 1795  1713 1794 1795  1714 1715 1796  1714 1795 1796  1715 1716 1797  1715 1796 1797  1716 1717 1798  1716 1797 1798  1717 1718 1799  1717 1798 1799  1718 1719 1800  1718 1799 1800  1719 1720 1801  1719 1800 1801  1720 1721 1802  1720 1801 1802  1721 1722 1803  1721 1802 1803  1722 1723 1804  1722 1803 1804  1723 1724 1805  1723 1804 1805  1724 1725 1806  1724 1805 1806  1725 1726 1807  1725 1806 1807  1726 1727 1808  1726 1807 1808  1727 1728 1809  1727 1808 1809  1728 1729 1810  1728 1809 1810  1729 1730 1811  1729 1810 1811  1730 1731 1812  1730 1811 1812  1731 1732 1813  1731 1812 1813  1732 1733 1814  1732 1813 1814  1733 1734 1815  1733 1814 1815  1734 1735 1816  1734 1815 1816  1735 1736 1817  1735 1816 1817  1736 1737 1818  1736 1817 1818  1737 1738 1819  1737 1818 1819  1738 1739 1820  1738 1819 1820  1739 1740 1821  1739 1820 1821  1740 1741 1822  1740 1821 1822  1741 1742 1823  1741 1822 1823  1742 1743 1824  1742 1823 1824  1743 1744 1825  1743 1824 1825  1744 1745 1826  1744 1825 1826  1745 1746 1827  1745 1826 1827  1746 1747 1828  1746 1827 1828  1747 1748 1829  1747 1828 1829  1748 1749 1830  1748 1829 1830  1749 1750 1831  1749 1830 1831  1750 1751 1832  1750 1831 1832  1751 1752 1833  1751 1832 1833  1752 1753 1834  1752 1833 1834  1753 1754 1835  1753 1834 1835  1754 1755 1836  1754 1835 1836  1755 1756 1837  1755 1836 1837  1756 1757 1838  1756 1837 1838  1757 1758 1839  1757 1838 1839  1758 1759 1840  1758 1839 1840  1759 1760 1841  1759 1840 1841  1760 1761 1842  1760 1841 1842  1761 1762 1843  1761 1842 1843  1762 1763 1844  1762 1843 1844  1763 1764 1845  1763 1844 1845  1764 1765 1846  1764 1845 1846  1765 1766 1847  1765 1846 1847  1766 1767 1848  1766 1847 1848  1767 1768 1849  1767 1848 1849  1768 1769 1850  1768 1849 1850  1769 1770 1851  1769 1850 1851  1770 1771 1852  1770 1851 1852  1771 1772 1853  1771 1852 1853  1772 1773 1854  1772 1853 1854  1773 1774 1855  1773 1854 1855  1774 1775 1856  1774 1855 1856  1775 1776 1857  1775 1856 1857  1776 1777 1858  1776 1857 1858  1777 1778 1859  1777 1858 1859  1778 1779 1860  1778 1859 1860  1779 1780 1861  1779 1860 1861  1780 1781 1862  1780 1861 1862  1782 1783 1864  1782 1863 1864  1783 1784 1865  1783 1864 1865  1784 1785 1866  1784 1865 1866  1785 1786 1867  1785 1866 1867  1786 1787 1868  1786 1867 1868  1787 1788 1869  1787 1868 1869  1788 1789 1870  1788 1869 1870  1789 1790 1871  1789 1870 1871  1790 1791 1872  1790 1871 1872  1791 1792 1873  1791 1872 1873  1792 1793 1874  1792 1873 1874  1793 1794 1875  1793 1874 1875  1794 1795 1876  1794 1875 1876  1795 1796 1877  1795 1876 1877  1796 1797 1878  1796 1877 1878  1797 1798 1879  1797 1878 1879  1798 1799 1880  1798 1879 1880  1799 1800 1881  1799 1880 1881  1800 1801 1882  1800 1881 1882  1801 1802 1883  1801 1882 1883  1802 1803 1884  1802 1883 1884  1803 1804 1885  1803 1884 1885  1804 1805 1886  1804 1885 1886  1805 1806 1887  1805 1886 1887  1806 1807 1888  1806 1887 1888  1807 1808 1889  1807 1888 1889  1808 1809 1890  1808 1889 1890  1809 1810 1891  1809 1890 1891  1810 1811 1892  1810 1891 1892  1811 1812 1893  1811 1892 1893  1812 1813 1894  1812 1893 1894  1813 1814 1895  1813 1894 1895  1814 1815 1896  1814 1895 1896  1815 1816 1897  1815 1896 1897  1816 1817 1898  1816 1897 1898  1817 1818 1899  1817 1898 1899  1818 1819 1900  1818 1899 1900  1819 1820 1901  1819 1900 1901  1820 1821 1902  1820 1901 1902  1821 1822 1903  1821 1902 1903  1822 1823 1904  1822 1903 1904  1823 1824 1905  1823 1904 1905  1824 1825 1906  1824 1905 1906  1825 1826 1907  1825 1906 1907  1826 1827 1908  1826 1907 1908  1827 1828 1909  1827 1908 1909  1828 1829 1910  1828 1909 1910  1829 1830 1911  1829 1910 1911  1830 1831 1912  1830 1911 1912  1831 1832 1913  1831 1912 1913  1832 1833 1914  1832 1913 1914  1833 1834 1915  1833 1914 1915  1834 1835 1916  1834 1915 1916  1835 1836 1917  1835 1916 1917  1836 1837 1918  1836 1917 1918  1837 1838 1919  1837 1918 1919  1838 1839 1920  1838 1919 1920  1839 1840 1921  1839 1920 1921  1840 1841 1922  1840 1921 1922  1841 1842 1923  1841 1922 1923  1842 1843 1924  1842 1923 1924  1843 1844 1925  1843 1924 1925  1844 1845 1926  1844 1925 1926  1845 1846 1927  1845 1926 1927  1846 1847 1928  1846 1927 1928  1847 1848 1929  1847 1928 1929  1848 1849 1930  1848 1929 1930  1849 1850 1931  1849 1930 1931  1850 1851 1932  1850 1931 1932  1851 1852 1933  1851 1932 1933  1852 1853 1934  1852 1933 1934  1853 1854 1935  1853 1934 1935  1854 1855 1936  1854 1935 1936  1855 1856 1937  1855 1936 1937  1856 1857 1938  1856 1937 1938  1857 1858 1939  1857 1938 1939  1858 1859 1940  1858 1939 1940  1859 1860 1941  1859 1940 1941  1860 1861 1942  1860 1941 1942  1861 1862 1943  1861 1942 1943  1863 1864 1945  1863 1944 1945  1864 1865 1946  1864 1945 1946  1865 1866 1947  1865 1946 1947  1866 1867 1948  1866 1947 1948  1867 1868 1949  1867 1948 1949  1868 1869 1950  1868 1949 1950  1869 1870 1951  1869 1950 1951  1870 1871 1952  1870 1951 1952  1871 1872 1953  1871 1952 1953  1872 1873 1954  1872 1953 1954  1873 1874 1955  1873 1954 1955  1874 1875 1956  1874 1955 1956  1875 1876 1957  1875 1956 1957  1876 1877 1958  1876 1957 1958  1877 1878 1959  1877 1958 1959  1878 1879 1960  1878 1959 1960  1879 1880 1961  1879 1960 1961  1880 1881 1962  1880 1961 1962  1881 1882 1963  1881 1962 1963  1882 1883 1964  1882 1963 1964  1883 1884 1965  1883 1964 1965  1884 1885 1966  1884 1965 1966  1885 1886 1967  1885 1966 1967  1886 1887 1968  1886 1967 1968  1887 1888 1969  1887 1968 1969  1888 1889 1970  1888 1969 1970  1889 1890 1971  1889 1970 1971  1890 1891 1972  1890 1971 1972  1891 1892 1973  1891 1972 1973  1892 1893 1974  1892 1973 1974  1893 1894 1975  1893 1974 1975  1894 1895 1976  1894 1975 1976  1895 1896 1977  1895 1976 1977  1896 1897 1978  1896 1977 1978  1897 1898 1979  1897 1978 1979  1898 1899 1980  1898 1979 1980  1899 1900 1981  1899 1980 1981  1900 1901 1982  1900 1981 1982  1901 1902 1983  1901 1982 1983  1902 1903 1984  1902 1983 1984  1903 1904 1985  1903 1984 1985  1904 1905 1986  1904 1985 1986  1905 1906 1987  1905 1986 1987  1906 1907 1988  1906 1987 1988  1907 1908 1989  1907 1988 1989  1908 1909 1990  1908 1989 1990  1909 1910 1991  1909 1990 1991  1910 1911 1992  1910 1991 1992  1911 1912 1993  1911 1992 1993  1912 1913 1994  1912 1993 1994  1913 1914 1995  1913 1994 1995  1914 1915 1996  1914 1995 1996  1915 1916 1997  1915 1996 1997  1916 1917 1998  1916 1997 1998  1917 1918 1999  1917 1998 1999  1918 1919 2000  1918 1999 2000  1919 1920 2001  1919 2000 2001  1920 1921 2002  1920 2001 2002  1921 1922 2003  1921 2002 2003  1922 1923 2004  1922 2003 2004  1923 1924 2005  1923 2004 2005  1924 1925 2006  1924 2005 2006  1925 1926 2007  1925 2006 2007  1926 1927 2008  1926 2007 2008  1927 1928 2009  1927 2008 2009  1928 1929 2010  1928 2009 2010  1929 1930 2011  1929 2010 2011  1930 1931 2012  1930 2011 2012  1931 1932 2013  1931 2012 2013  1932 1933 2014  1932 2013 2014  1933 1934 2015  1933 2014 2015  1934 1935 2016  1934 2015 2016  1935 1936 2017  1935 2016 2017  1936 1937 2018  1936 2017 2018  1937 1938 2019  1937 2018 2019  1938 1939 2020  1938 2019 2020  1939 1940 2021  1939 2020 2021  1940 1941 2022  1940 2021 2022  1941 1942 2023  1941 2022 2023  1942 1943 2024  1942 2023 2024  1944 1945 2026  1944 2025 2026  1945 1946 2027  1945 2026 2027  1946 1947 2028  1946 2027 2028  1947 1948 2029  1947 2028 2029  1948 1949 2030  1948 2029 2030  1949 1950 2031  1949 2030 2031  1950 1951 2032  1950 2031 2032  1951 1952 2033  1951 2032 2033  1952 1953 2034  1952 2033 2034  1953 1954 2035  1953 2034 2035  1954 1955 2036  1954 2035 2036  1955 1956 2037  1955 2036 2037  1956 1957 2038  1956 2037 2038  1957 1958 2039  1957 2038 2039  1958 1959 2040  1958 2039 2040  1959 1960 2041  1959 2040 2041  1960 1961 2042  1960 2041 2042  1961 1962 2043  1961 2042 2043  1962 1963 2044  1962 2043 2044  1963 1964 2045  1963 2044 2045  1964 1965 2046  1964 2045 2046  1965 1966 2047  1965 2046 2047  1966 1967 2048  1966 2047 2048  1967 1968 2049  1967 2048 2049  1968 1969 2050  1968 2049 2050  1969 1970 2051  1969 2050 2051  1970 1971 2052  1970 2051 2052  1971 1972 2053  1971 2052 2053  1972 1973 2054  1972 2053 2054  1973 1974 2055  1973 2054 2055  1974 1975 2056  1974 2055 2056  1975 1976 2057  1975 2056 2057  1976 1977 2058  1976 2057 2058  1977 1978 2059  1977 2058 2059  1978 1979 2060  1978 2059 2060  1979 1980 2061  1979 2060 2061  1980 1981 2062  1980 2061 2062  1981 1982 2063  1981 2062 2063  1982 1983 2064  1982 2063 2064  1983 1984 2065  1983 2064 2065  1984 1985 2066  1984 2065 2066  1985 1986 2067  1985 2066 2067  1986 1987 2068  1986 2067 2068  1987 1988 2069  1987 2068 2069  1988 1989 2070  1988 2069 2070  1989 1990 2071  1989 2070 2071  1990 1991 2072  1990 2071 2072  1991 1992 2073  1991 2072 2073  1992 1993 2074  1992 2073 2074  1993 1994 2075  1993 2074 2075  1994 1995 2076  1994 2075 2076  1995 1996 2077  1995 2076 2077  1996 1997 2078  1996 2077 2078  1997 1998 2079  1997 2078 2079  1998 1999 2080  1998 2079 2080  1999 2000 2081  1999 2080 2081  2000 2001 2082  2000 2081 2082  2001 2002 2083  2001 2082 2083  2002 2003 2084  2002 2083 2084  2003 2004 2085  2003 2084 2085  2004 2005 2086  2004 2085 2086  2005 2006 2087  2005 2086 2087  2006 2007 2088  2006 2087 2088  2007 2008 2089  2007 2088 2089  2008 2009 2090  2008 2089 2090  2009 2010 2091  2009 2090 2091  2010 2011 2092  2010 2091 2092  2011 2012 2093  2011 2092 2093  2012 2013 2094  2012 2093 2094  2013 2014 2095  2013 2094 2095  2014 2015 2096  2014 2095 2096  2015 2016 2097  2015 2096 2097  2016 2017 2098  2016 2097 2098  2017 2018 2099  2017 2098 2099  2018 2019 2100  2018 2099 2100  2019 2020 2101  2019 2100 2101  2020 2021 2102  2020 2101 2102  2021 2022 2103  2021 2102 2103  2022 2023 2104  2022 2103 2104  2023 2024 2105  2023 2104 2105  2025 2026 2107  2025 2106 2107  2026 2027 2108  2026 2107 2108  2027 2028 2109  2027 2108 2109  2028 2029 2110  2028 2109 2110  2029 2030 2111  2029 2110 2111  2030 2031 2112  2030 2111 2112  2031 2032 2113  2031 2112 2113  2032 2033 2114  2032 2113 2114  2033 2034 2115  2033 2114 2115  2034 2035 2116  2034 2115 2116  2035 2036 2117  2035 2116 2117  2036 2037 2118  2036 2117 2118  2037 2038 2119  2037 2118 2119  2038 2039 2120  2038 2119 2120  2039 2040 2121  2039 2120 2121  2040 2041 2122  2040 2121 2122  2041 2042 2123  2041 2122 2123  2042 2043 2124  2042 2123 2124  2043 2044 2125  2043 2124 2125  2044 2045 2126  2044 2125 2126  2045 2046 2127  2045 2126 2127  2046 2047 2128  2046 2127 2128  2047 2048 2129  2047 2128 2129  2048 2049 2130  2048 2129 2130  2049 2050 2131  2049 2130 2131  2050 2051 2132  2050 2131 2132  2051 2052 2133  2051 2132 2133  2052 2053 2134  2052 2133 2134  2053 2054 2135  2053 2134 2135  2054 2055 2136  2054 2135 2136  2055 2056 2137  2055 2136 2137  2056 2057 2138  2056 2137 2138  2057 2058 2139  2057 2138 2139  2058 2059 2140  2058 2139 2140  2059 2060 2141  2059 2140 2141  2060 2061 2142  2060 2141 2142  2061 2062 2143  2061 2142 2143  2062 2063 2144  2062 2143 2144  2063 2064 2145  2063 2144 2145  2064 2065 2146  2064 2145 2146  2065 2066 2147  2065 2146 2147  2066 2067 2148  2066 2147 2148  2067 2068 2149  2067 2148 2149  2068 2069 2150  2068 2149 2150  2069 2070 2151  2069 2150 2151  2070 2071 2152  2070 2151 2152  2071 2072 2153  2071 2152 2153  2072 2073 2154  2072 2153 2154  2073 2074 2155  2073 2154 2155  2074 2075 2156  2074 2155 2156  2075 2076 2157  2075 2156 2157  2076 2077 2158  2076 2157 2158  2077 2078 2159  2077 2158 2159  2078 2079 2160  2078 2159 2160  2079 2080 2161  2079 2160 2161  2080 2081 2162  2080 2161 2162  2081 2082 2163  2081 2162 2163  2082 2083 2164  2082 2163 2164  2083 2084 2165  2083 2164 2165  2084 2085 2166  2084 2165 2166  2085 2086 2167  2085 2166 2167  2086 2087 2168  2086 2167 2168  2087 2088 2169  2087 2168 2169  2088 2089 2170  2088 2169 2170  2089 2090 2171  2089 2170 2171  2090 2091 2172  2090 2171 2172  2091 2092 2173  2091 2172 2173  2092 2093 2174  2092 2173 2174  2093 2094 2175  2093 2174 2175  2094 2095 2176  2094 2175 2176  2095 2096 2177  2095 2176 2177  2096 2097 2178  2096 2177 2178  2097 2098 2179  2097 2178 2179  2098 2099 2180  2098 2179 2180  2099 2100 2181  2099 2180 2181  2100 2101 2182  2100 2181 2182  2101 2102 2183  2101 2182 2183  2102 2103 2184  2102 2183 2184  2103 2104 2185  2103 2184 2185  2104 2105 2186  2104 2185 2186  2106 2107 2188  2106 2187 2188  2107 2108 2189  2107 2188 2189  2108 2109 2190  2108 2189 2190  2109 2110 2191  2109 2190 2191  2110 2111 2192  2110 2191 2192  2111 2112 2193  2111 2192 2193  2112 2113 2194  2112 2193 2194  2113 2114 2195  2113 2194 2195  2114 2115 2196  2114 2195 2196  2115 2116 2197  2115 2196 2197  2116 2117 2198  2116 2197 2198  2117 2118 2199  2117 2198 2199  2118 2119 2200  2118 2199 2200  2119 2120 2201  2119 2200 2201  2120 2121 2202  2120 2201 2202  2121 2122 2203  2121 2202 2203  2122 2123 2204  2122 2203 2204  2123 2124 2205  2123 2204 2205  2124 2125 2206  2124 2205 2206  2125 2126 2207  2125 2206 2207  2126 2127 2208  2126 2207 2208  2127 2128 2209  2127 2208 2209  2128 2129 2210  2128 2209 2210  2129 2130 2211  2129 2210 2211  2130 2131 2212  2130 2211 2212  2131 2132 2213  2131 2212 2213  2132 2133 2214  2132 2213 2214  2133 2134 2215  2133 2214 2215  2134 2135 2216  2134 2215 2216  2135 2136 2217  2135 2216 2217  2136 2137 2218  2136 2217 2218  2137 2138 2219  2137 2218 2219  2138 2139 2220  2138 2219 2220  2139 2140 2221  2139 2220 2221  2140 2141 2222  2140 2221 2222  2141 2142 2223  2141 2222 2223  2142 2143 2224  2142 2223 2224  2143 2144 2225  2143 2224 2225  2144 2145 2226  2144 2225 2226  2145 2146 2227  2145 2226 2227  2146 2147 2228  2146 2227 2228  2147 2148 2229  2147 2228 2229  2148 2149 2230  2148 2229 2230  2149 2150 2231  2149 2230 2231  2150 2151 2232  2150 2231 2232  2151 2152 2233  2151 2232 2233  2152 2153 2234  2152 2233 2234  2153 2154 2235  2153 2234 2235  2154 2155 2236  2154 2235 2236  2155 2156 2237  2155 2236 2237  2156 2157 2238  2156 2237 2238  2157 2158 2239  2157 2238 2239  2158 2159 2240  2158 2239 2240  2159 2160 2241  2159 2240 2241  2160 2161 2242  2160 2241 2242  2161 2162 2243  2161 2242 2243  2162 2163 2244  2162 2243 2244  2163 2164 2245  2163 2244 2245  2164 2165 2246  2164 2245 2246  2165 2166 2247  2165 2246 2247  2166 2167 2248  2166 2247 2248  2167 2168 2249  2167 2248 2249  2168 2169 2250  2168 2249 2250  2169 2170 2251  2169 2250 2251  2170 2171 2252  2170 2251 2252  2171 2172 2253  2171 2252 2253  2172 2173 2254  2172 2253 2254  2173 2174 2255  2173 2254 2255  2174 2175 2256  2174 2255 2256  2175 2176 2257  2175 2256 2257  2176 2177 2258  2176 2257 2258  2177 2178 2259  2177 2258 2259  2178 2179 2260  2178 2259 2260  2179 2180 2261  2179 2260 2261  2180 2181 2262  2180 2261 2262  2181 2182 2263  2181 2262 2263  2182 2183 2264  2182 2263 2264  2183 2184 2265  2183 2264 2265  2184 2185 2266  2184 2265 2266  2185 2186 2267  2185 2266 2267  2187 2188 2269  2187 2268 2269  2188 2189 2270  2188 2269 2270  2189 2190 2271  2189 2270 2271  2190 2191 2272  2190 2271 2272  2191 2192 2273  2191 2272 2273  2192 2193 2274  2192 2273 2274  2193 2194 2275  2193 2274 2275  2194 2195 2276  2194 2275 2276  2195 2196 2277  2195 2276 2277  2196 2197 2278  2196 2277 2278  2197 2198 2279  2197 2278 2279  2198 2199 2280  2198 2279 2280  2199 2200 2281  2199 2280 2281  2200 2201 2282  2200 2281 2282  2201 2202 2283  2201 2282 2283  2202 2203 2284  2202 2283 2284  2203 2204 2285  2203 2284 2285  2204 2205 2286  2204 2285 2286  2205 2206 2287  2205 2286 2287  2206 2207 2288  2206 2287 2288  2207 2208 2289  2207 2288 2289  2208 2209 2290  2208 2289 2290  2209 2210 2291  2209 2290 2291  2210 2211 2292  2210 2291 2292  2211 2212 2293  2211 2292 2293  2212 2213 2294  2212 2293 2294  2213 2214 2295  2213 2294 2295  2214 2215 2296  2214 2295 2296  2215 2216 2297  2215 2296 2297  2216 2217 2298  2216 2297 2298  2217 2218 2299  2217 2298 2299  2218 2219 2300  2218 2299 2300  2219 2220 2301  2219 2300 2301  2220 2221 2302  2220 2301 2302  2221 2222 2303  2221 2302 2303  2222 2223 2304  2222 2303 2304  2223 2224 2305  2223 2304 2305  2224 2225 2306  2224 2305 2306  2225 2226 2307  2225 2306 2307  2226 2227 2308  2226 2307 2308  2227 2228 2309  2227 2308 2309  2228 2229 2310  2228 2309 2310  2229 2230 2311  2229 2310 2311  2230 2231 2312  2230 2311 2312  2231 2232 2313  2231 2312 2313  2232 2233 2314  2232 2313 2314  2233 2234 2315  2233 2314 2315  2234 2235 2316  2234 2315 2316  2235 2236 2317  2235 2316 2317  2236 2237 2318  2236 2317 2318  2237 2238 2319  2237 2318 2319  2238 2239 2320  2238 2319 2320  2239 2240 2321  2239 2320 2321  2240 2241 2322  2240 2321 2322  2241 2242 2323  2241 2322 2323  2242 2243 2324  2242 2323 2324  2243 2244 2325  2243 2324 2325  2244 2245 2326  2244 2325 2326  2245 2246 2327  2245 2326 2327  2246 2247 2328  2246 2327 2328  2247 2248 2329  2247 2328 2329  2248 2249 2330  2248 2329 2330  2249 2250 2331  2249 2330 2331  2250 2251 2332  2250 2331 2332  2251 2252 2333  2251 2332 2333  2252 2253 2334  2252 2333 2334  2253 2254 2335  2253 2334 2335  2254 2255 2336  2254 2335 2336  2255 2256 2337  2255 2336 2337  2256 2257 2338  2256 2337 2338  2257 2258 2339  2257 2338 2339  2258 2259 2340  2258 2339 2340  2259 2260 2341  2259 2340 2341  2260 2261 2342  2260 2341 2342  2261 2262 2343  2261 2342 2343  2262 2263 2344  2262 2343 2344  2263 2264 2345  2263 2344 2345  2264 2265 2346  2264 2345 2346  2265 2266 2347  2265 2346 2347  2266 2267 2348  2266 2347 2348  2268 2269 2350  2268 2349 2350  2269 2270 2351  2269 2350 2351  2270 2271 2352  2270 2351 2352  2271 2272 2353  2271 2352 2353  2272 2273 2354  2272 2353 2354  2273 2274 2355  2273 2354 2355  2274 2275 2356  2274 2355 2356  2275 2276 2357  2275 2356 2357  2276 2277 2358  2276 2357 2358  2277 2278 2359  2277 2358 2359  2278 2279 2360  2278 2359 2360  2279 2280 2361  2279 2360 2361  2280 2281 2362  2280 2361 2362  2281 2282 2363  2281 2362 2363  2282 2283 2364  2282 2363 2364  2283 2284 2365  2283 2364 2365  2284 2285 2366  2284 2365 2366  2285 2286 2367  2285 2366 2367  2286 2287 2368  2286 2367 2368  2287 2288 2369  2287 2368 2369  2288 2289 2370  2288 2369 2370  2289 2290 2371  2289 2370 2371  2290 2291 2372  2290 2371 2372  2291 2292 2373  2291 2372 2373  2292 2293 2374  2292 2373 2374  2293 2294 2375  2293 2374 2375  2294 2295 2376  2294 2375 2376  2295 2296 2377  2295 2376 2377  2296 2297 2378  2296 2377 2378  2297 2298 2379  2297 2378 2379  2298 2299 2380  2298 2379 2380  2299 2300 2381  2299 2380 2381  2300 2301 2382  2300 2381 2382  2301 2302 2383  2301 2382 2383  2302 2303 2384  2302 2383 2384  2303 2304 2385  2303 2384 2385  2304 2305 2386  2304 2385 2386  2305 2306 2387  2305 2386 2387  2306 2307 2388  2306 2387 2388  2307 2308 2389  2307 2388 2389  2308 2309 2390  2308 2389 2390  2309 2310 2391  2309 2390 2391  2310 2311 2392  2310 2391 2392  2311 2312 2393  2311 2392 2393  2312 2313 2394  2312 2393 2394  2313 2314 2395  2313 2394 2395  2314 2315 2396  2314 2395 2396  2315 2316 2397  2315 2396 2397  2316 2317 2398  2316 2397 2398  2317 2318 2399  2317 2398 2399  2318 2319 2400  2318 2399 2400  2319 2320 2401  2319 2400 2401  2320 2321 2402  2320 2401 2402  2321 2322 2403  2321 2402 2403  2322 2323 2404  2322 2403 2404  2323 2324 2405  2323 2404 2405  2324 2325 2406  2324 2405 2406  2325 2326 2407  2325 2406 2407  2326 2327 2408  2326 2407 2408  2327 2328 2409  2327 2408 2409  2328 2329 2410  2328 2409 2410  2329 2330 2411  2329 2410 2411  2330 2331 2412  2330 2411 2412  2331 2332 2413  2331 2412 2413  2332 2333 2414  2332 2413 2414  2333 2334 2415  2333 2414 2415  2334 2335 2416  2334 2415 2416  2335 2336 2417  2335 2416 2417  2336 2337 2418  2336 2417 2418  2337 2338 2419  2337 2418 2419  2338 2339 2420  2338 2419 2420  2339 2340 2421  2339 2420 2421  2340 2341 2422  2340 2421 2422  2341 2342 2423  2341 2422 2423  2342 2343 2424  2342 2423 2424  2343 2344 2425  2343 2424 2425  2344 2345 2426  2344 2425 2426  2345 2346 2427  2345 2426 2427  2346 2347 2428  2346 2427 2428  2347 2348 2429  2347 2428 2429  2349 2350 2431  2349 2430 2431  2350 2351 2432  2350 2431 2432  2351 2352 2433  2351 2432 2433  2352 2353 2434  2352 2433 2434  2353 2354 2435  2353 2434 2435  2354 2355 2436  2354 2435 2436  2355 2356 2437  2355 2436 2437  2356 2357 2438  2356 2437 2438  2357 2358 2439  2357 2438 2439  2358 2359 2440  2358 2439 2440  2359 2360 2441  2359 2440 2441  2360 2361 2442  2360 2441 2442  2361 2362 2443  2361 2442 2443  2362 2363 2444  2362 2443 2444  2363 2364 2445  2363 2444 2445  2364 2365 2446  2364 2445 2446  2365 2366 2447  2365 2446 2447  2366 2367 2448  2366 2447 2448  2367 2368 2449  2367 2448 2449  2368 2369 2450  2368 2449 2450  2369 2370 2451  2369 2450 2451  2370 2371 2452  2370 2451 2452  2371 2372 2453  2371 2452 2453  2372 2373 2454  2372 2453 2454  2373 2374 2455  2373 2454 2455  2374 2375 2456  2374 2455 2456  2375 2376 2457  2375 2456 2457  2376 2377 2458  2376 2457 2458  2377 2378 2459  2377 2458 2459  2378 2379 2460  2378 2459 2460  2379 2380 2461  2379 2460 2461  2380 2381 2462  2380 2461 2462  2381 2382 2463  2381 2462 2463  2382 2383 2464  2382 2463 2464  2383 2384 2465  2383 2464 2465  2384 2385 2466  2384 2465 2466  2385 2386 2467  2385 2466 2467  2386 2387 2468  2386 2467 2468  2387 2388 2469  2387 2468 2469  2388 2389 2470  2388 2469 2470  2389 2390 2471  2389 2470 2471  2390 2391 2472  2390 2471 2472  2391 2392 2473  2391 2472 2473  2392 2393 2474  2392 2473 2474  2393 2394 2475  2393 2474 2475  2394 2395 2476  2394 2475 2476  2395 2396 2477  2395 2476 2477  2396 2397 2478  2396 2477 2478  2397 2398 2479  2397 2478 2479  2398 2399 2480  2398 2479 2480  2399 2400 2481  2399 2480 2481  2400 2401 2482  2400 2481 2482  2401 2402 2483  2401 2482 2483  2402 2403 2484  2402 2483 2484  2403 2404 2485  2403 2484 2485  2404 2405 2486  2404 2485 2486  2405 2406 2487  2405 2486 2487  2406 2407 2488  2406 2487 2488  2407 2408 2489  2407 2488 2489  2408 2409 2490  2408 2489 2490  2409 2410 2491  2409 2490 2491  2410 2411 2492  2410 2491 2492  2411 2412 2493  2411 2492 2493  2412 2413 2494  2412 2493 2494  2413 2414 2495  2413 2494 2495  2414 2415 2496  2414 2495 2496  2415 2416 2497  2415 2496 2497  2416 2417 2498  2416 2497 2498  2417 2418 2499  2417 2498 2499  2418 2419 2500  2418 2499 2500  2419 2420 2501  2419 2500 2501  2420 2421 2502  2420 2501 2502  2421 2422 2503  2421 2502 2503  2422 2423 2504  2422 2503 2504  2423 2424 2505  2423 2504 2505  2424 2425 2506  2424 2505 2506  2425 2426 2507  2425 2506 2507  2426 2427 2508  2426 2507 2508  2427 2428 2509  2427 2508 2509  2428 2429 2510  2428 2509 2510  2430 2431 2512  2430 2511 2512  2431 2432 2513  2431 2512 2513  2432 2433 2514  2432 2513 2514  2433 2434 2515  2433 2514 2515  2434 2435 2516  2434 2515 2516  2435 2436 2517  2435 2516 2517  2436 2437 2518  2436 2517 2518  2437 2438 2519  2437 2518 2519  2438 2439 2520  2438 2519 2520  2439 2440 2521  2439 2520 2521  2440 2441 2522  2440 2521 2522  2441 2442 2523  2441 2522 2523  2442 2443 2524  2442 2523 2524  2443 2444 2525  2443 2524 2525  2444 2445 2526  2444 2525 2526  2445 2446 2527  2445 2526 2527  2446 2447 2528  2446 2527 2528  2447 2448 2529  2447 2528 2529  2448 2449 2530  2448 2529 2530  2449 2450 2531  2449 2530 2531  2450 2451 2532  2450 2531 2532  2451 2452 2533  2451 2532 2533  2452 2453 2534  2452 2533 2534  2453 2454 2535  2453 2534 2535  2454 2455 2536  2454 2535 2536  2455 2456 2537  2455 2536 2537  2456 2457 2538  2456 2537 2538  2457 2458 2539  2457 2538 2539  2458 2459 2540  2458 2539 2540  2459 2460 2541  2459 2540 2541  2460 2461 2542  2460 2541 2542  2461 2462 2543  2461 2542 2543  2462 2463 2544  2462 2543 2544  2463 2464 2545  2463 2544 2545  2464 2465 2546  2464 2545 2546  2465 2466 2547  2465 2546 2547  2466 2467 2548  2466 2547 2548  2467 2468 2549  2467 2548 2549  2468 2469 2550  2468 2549 2550  2469 2470 2551  2469 2550 2551  2470 2471 2552  2470 2551 2552  2471 2472 2553  2471 2552 2553  2472 2473 2554  2472 2553 2554  2473 2474 2555  2473 2554 2555  2474 2475 2556  2474 2555 2556  2475 2476 2557  2475 2556 2557  2476 2477 2558  2476 2557 2558  2477 2478 2559  2477 2558 2559  2478 2479 2560  2478 2559 2560  2479 2480 2561  2479 2560 2561  2480 2481 2562  2480 2561 2562  2481 2482 2563  2481 2562 2563  2482 2483 2564  2482 2563 2564  2483 2484 2565  2483 2564 2565  2484 2485 2566  2484 2565 2566  2485 2486 2567  2485 2566 2567  2486 2487 2568  2486 2567 2568  2487 2488 2569  2487 2568 2569  2488 2489 2570  2488 2569 2570  2489 2490 2571  2489 2570 2571  2490 2491 2572  2490 2571 2572  2491 2492 2573  2491 2572 2573  2492 2493 2574  2492 2573 2574  2493 2494 2575  2493 2574 2575  2494 2495 2576  2494 2575 2576  2495 2496 2577  2495 2576 2577  2496 2497 2578  2496 2577 2578  2497 2498 2579  2497 2578 2579  2498 2499 2580  2498 2579 2580  2499 2500 2581  2499 2580 2581  2500 2501 2582  2500 2581 2582  2501 2502 2583  2501 2582 2583  2502 2503 2584  2502 2583 2584  2503 2504 2585  2503 2584 2585  2504 2505 2586  2504 2585 2586  2505 2506 2587  2505 2586 2587  2506 2507 2588  2506 2587 2588  2507 2508 2589  2507 2588 2589  2508 2509 2590  2508 2589 2590  2509 2510 2591  2509 2590 2591  2511 2512 2593  2511 2592 2593  2512 2513 2594  2512 2593 2594  2513 2514 2595  2513 2594 2595  2514 2515 2596  2514 2595 2596  2515 2516 2597  2515 2596 2597  2516 2517 2598  2516 2597 2598  2517 2518 2599  2517 2598 2599  2518 2519 2600  2518 2599 2600  2519 2520 2601  2519 2600 2601  2520 2521 2602  2520 2601 2602  2521 2522 2603  2521 2602 2603  2522 2523 2604  2522 2603 2604  2523 2524 2605  2523 2604 2605  2524 2525 2606  2524 2605 2606  2525 2526 2607  2525 2606 2607  2526 2527 2608  2526 2607 2608  2527 2528 2609  2527 2608 2609  2528 2529 2610  2528 2609 2610  2529 2530 2611  2529 2610 2611  2530 2531 2612  2530 2611 2612  2531 2532 2613  2531 2612 2613  2532 2533 2614  2532 2613 2614  2533 2534 2615  2533 2614 2615  2534 2535 2616  2534 2615 2616  2535 2536 2617  2535 2616 2617  2536 2537 2618  2536 2617 2618  2537 2538 2619  2537 2618 2619  2538 2539 2620  2538 2619 2620  2539 2540 2621  2539 2620 2621  2540 2541 2622  2540 2621 2622  2541 2542 2623  2541 2622 2623  2542 2543 2624  2542 2623 2624  2543 2544 2625  2543 2624 2625  2544 2545 2626  2544 2625 2626  2545 2546 2627  2545 2626 2627  2546 2547 2628  2546 2627 2628  2547 2548 2629  2547 2628 2629  2548 2549 2630  2548 2629 2630  2549 2550 2631  2549 2630 2631  2550 2551 2632  2550 2631 2632  2551 2552 2633  2551 2632 2633  2552 2553 2634  2552 2633 2634  2553 2554 2635  2553 2634 2635  2554 2555 2636  2554 2635 2636  2555 2556 2637  2555 2636 2637  2556 2557 2638  2556 2637 2638  2557 2558 2639  2557 2638 2639  2558 2559 2640  2558 2639 2640  2559 2560 2641  2559 2640 2641  2560 2561 2642  2560 2641 2642  2561 2562 2643  2561 2642 2643  2562 2563 2644  2562 2643 2644  2563 2564 2645  2563 2644 2645  2564 2565 2646  2564 2645 2646  2565 2566 2647  2565 2646 2647  2566 2567 2648  2566 2647 2648  2567 2568 2649  2567 2648 2649  2568 2569 2650  2568 2649 2650  2569 2570 2651  2569 2650 2651  2570 2571 2652  2570 2651 2652  2571 2572 2653  2571 2652 2653  2572 2573 2654  2572 2653 2654  2573 2574 2655  2573 2654 2655  2574 2575 2656  2574 2655 2656  2575 2576 2657  2575 2656 2657  2576 2577 2658  2576 2657 2658  2577 2578 2659  2577 2658 2659  2578 2579 2660  2578 2659 2660  2579 2580 2661  2579 2660 2661  2580 2581 2662  2580 2661 2662  2581 2582 2663  2581 2662 2663  2582 2583 2664  2582 2663 2664  2583 2584 2665  2583 2664 2665  2584 2585 2666  2584 2665 2666  2585 2586 2667  2585 2666 2667  2586 2587 2668  2586 2667 2668  2587 2588 2669  2587 2668 2669  2588 2589 2670  2588 2669 2670  2589 2590 2671  2589 2670 2671  2590 2591 2672  2590 2671 2672  2592 2593 2674  2592 2673 2674  2593 2594 2675  2593 2674 2675  2594 2595 2676  2594 2675 2676  2595 2596 2677  2595 2676 2677  2596 2597 2678  2596 2677 2678  2597 2598 2679  2597 2678 2679  2598 2599 2680  2598 2679 2680  2599 2600 2681  2599 2680 2681  2600 2601 2682  2600 2681 2682  2601 2602 2683  2601 2682 2683  2602 2603 2684  2602 2683 2684  2603 2604 2685  2603 2684 2685  2604 2605 2686  2604 2685 2686  2605 2606 2687  2605 2686 2687  2606 2607 2688  2606 2687 2688  2607 2608 2689  2607 2688 2689  2608 2609 2690  2608 2689 2690  2609 2610 2691  2609 2690 2691  2610 2611 2692  2610 2691 2692  2611 2612 2693  2611 2692 2693  2612 2613 2694  2612 2693 2694  2613 2614 2695  2613 2694 2695  2614 2615 2696  2614 2695 2696  2615 2616 2697  2615 2696 2697  2616 2617 2698  2616 2697 2698  2617 2618 2699  2617 2698 2699  2618 2619 2700  2618 2699 2700  2619 2620 2701  2619 2700 2701  2620 2621 2702  2620 2701 2702  2621 2622 2703  2621 2702 2703  2622 2623 2704  2622 2703 2704  2623 2624 2705  2623 2704 2705  2624 2625 2706  2624 2705 2706  2625 2626 2707  2625 2706 2707  2626 2627 2708  2626 2707 2708  2627 2628 2709  2627 2708 2709  2628 2629 2710  2628 2709 2710  2629 2630 2711  2629 2710 2711  2630 2631 2712  2630 2711 2712  2631 2632 2713  2631 2712 2713  2632 2633 2714  2632 2713 2714  2633 2634 2715  2633 2714 2715  2634 2635 2716  2634 2715 2716  2635 2636 2717  2635 2716 2717  2636 2637 2718  2636 2717 2718  2637 2638 2719  2637 2718 2719  2638 2639 2720  2638 2719 2720  2639 2640 2721  2639 2720 2721  2640 2641 2722  2640 2721 2722  2641 2642 2723  2641 2722 2723  2642 2643 2724  2642 2723 2724  2643 2644 2725  2643 2724 2725  2644 2645 2726  2644 2725 2726  2645 2646 2727  2645 2726 2727  2646 2647 2728  2646 2727 2728  2647 2648 2729  2647 2728 2729  2648 2649 2730  2648 2729 2730  2649 2650 2731  2649 2730 2731  2650 2651 2732  2650 2731 2732  2651 2652 2733  2651 2732 2733  2652 2653 2734  2652 2733 2734  2653 2654 2735  2653 2734 2735  2654 2655 2736  2654 2735 2736  2655 2656 2737  2655 2736 2737  2656 2657 2738  2656 2737 2738  2657 2658 2739  2657 2738 2739  2658 2659 2740  2658 2739 2740  2659 2660 2741  2659 2740 2741  2660 2661 2742  2660 2741 2742  2661 2662 2743  2661 2742 2743  2662 2663 2744  2662 2743 2744  2663 2664 2745  2663 2744 2745  2664 2665 2746  2664 2745 2746  2665 2666 2747  2665 2746 2747  2666 2667 2748  2666 2747 2748  2667 2668 2749  2667 2748 2749  2668 2669 2750  2668 2749 2750  2669 2670 2751  2669 2750 2751  2670 2671 2752  2670 2751 2752  2671 2672 2753  2671 2752 2753  2673 2674 2755  2673 2754 2755  2674 2675 2756  2674 2755 2756  2675 2676 2757  2675 2756 2757  2676 2677 2758  2676 2757 2758  2677 2678 2759  2677 2758 2759  2678 2679 2760  2678 2759 2760  2679 2680 2761  2679 2760 2761  2680 2681 2762  2680 2761 2762  2681 2682 2763  2681 2762 2763  2682 2683 2764  2682 2763 2764  2683 2684 2765  2683 2764 2765  2684 2685 2766  2684 2765 2766  2685 2686 2767  2685 2766 2767  2686 2687 2768  2686 2767 2768  2687 2688 2769  2687 2768 2769  2688 2689 2770  2688 2769 2770  2689 2690 2771  2689 2770 2771  2690 2691 2772  2690 2771 2772  2691 2692 2773  2691 2772 2773  2692 2693 2774  2692 2773 2774  2693 2694 2775  2693 2774 2775  2694 2695 2776  2694 2775 2776  2695 2696 2777  2695 2776 2777  2696 2697 2778  2696 2777 2778  2697 2698 2779  2697 2778 2779  2698 2699 2780  2698 2779 2780  2699 2700 2781  2699 2780 2781  2700 2701 2782  2700 2781 2782  2701 2702 2783  2701 2782 2783  2702 2703 2784  2702 2783 2784  2703 2704 2785  2703 2784 2785  2704 2705 2786  2704 2785 2786  2705 2706 2787  2705 2786 2787  2706 2707 2788  2706 2787 2788  2707 2708 2789  2707 2788 2789  2708 2709 2790  2708 2789 2790  2709 2710 2791  2709 2790 2791  2710 2711 2792  2710 2791 2792  2711 2712 2793  2711 2792 2793  2712 2713 2794  2712 2793 2794  2713 2714 2795  2713 2794 2795  2714 2715 2796  2714 2795 2796  2715 2716 2797  2715 2796 2797  2716 2717 2798  2716 2797 2798  2717 2718 2799  2717 2798 2799  2718 2719 2800  2718 2799 2800  2719 2720 2801  2719 2800 2801  2720 2721 2802  2720 2801 2802  2721 2722 2803  2721 2802 2803  2722 2723 2804  2722 2803 2804  2723 2724 2805  2723 2804 2805  2724 2725 2806  2724 2805 2806  2725 2726 2807  2725 2806 2807  2726 2727 2808  2726 2807 2808  2727 2728 2809  2727 2808 2809  2728 2729 2810  2728 2809 2810  2729 2730 2811  2729 2810 2811  2730 2731 2812  2730 2811 2812  2731 2732 2813  2731 2812 2813  2732 2733 2814  2732 2813 2814  2733 2734 2815  2733 2814 2815  2734 2735 2816  2734 2815 2816  2735 2736 2817  2735 2816 2817  2736 2737 2818  2736 2817 2818  2737 2738 2819  2737 2818 2819  2738 2739 2820  2738 2819 2820  2739 2740 2821  2739 2820 2821  2740 2741 2822  2740 2821 2822  2741 2742 2823  2741 2822 2823  2742 2743 2824  2742 2823 2824  2743 2744 2825  2743 2824 2825  2744 2745 2826  2744 2825 2826  2745 2746 2827  2745 2826 2827  2746 2747 2828  2746 2827 2828  2747 2748 2829  2747 2828 2829  2748 2749 2830  2748 2829 2830  2749 2750 2831  2749 2830 2831  2750 2751 2832  2750 2831 2832  2751 2752 2833  2751 2832 2833  2752 2753 2834  2752 2833 2834  2754 2755 2836  2754 2835 2836  2755 2756 2837  2755 2836 2837  2756 2757 2838  2756 2837 2838  2757 2758 2839  2757 2838 2839  2758 2759 2840  2758 2839 2840  2759 2760 2841  2759 2840 2841  2760 2761 2842  2760 2841 2842  2761 2762 2843  2761 2842 2843  2762 2763 2844  2762 2843 2844  2763 2764 2845  2763 2844 2845  2764 2765 2846  2764 2845 2846  2765 2766 2847  2765 2846 2847  2766 2767 2848  2766 2847 2848  2767 2768 2849  2767 2848 2849  2768 2769 2850  2768 2849 2850  2769 2770 2851  2769 2850 2851  2770 2771 2852  2770 2851 2852  2771 2772 2853  2771 2852 2853  2772 2773 2854  2772 2853 2854  2773 2774 2855  2773 2854 2855  2774 2775 2856  2774 2855 2856  2775 2776 2857  2775 2856 2857  2776 2777 2858  2776 2857 2858  2777 2778 2859  2777 2858 2859  2778 2779 2860  2778 2859 2860  2779 2780 2861  2779 2860 2861  2780 2781 2862  2780 2861 2862  2781 2782 2863  2781 2862 2863  2782 2783 2864  2782 2863 2864  2783 2784 2865  2783 2864 2865  2784 2785 2866  2784 2865 2866  2785 2786 2867  2785 2866 2867  2786 2787 2868  2786 2867 2868  2787 2788 2869  2787 2868 2869  2788 2789 2870  2788 2869 2870  2789 2790 2871  2789 2870 2871  2790 2791 2872  2790 2871 2872  2791 2792 2873  2791 2872 2873  2792 2793 2874  2792 2873 2874  2793 2794 2875  2793 2874 2875  2794 2795 2876  2794 2875 2876  2795 2796 2877  2795 2876 2877  2796 2797 2878  2796 2877 2878  2797 2798 2879  2797 2878 2879  2798 2799 2880  2798 2879 2880  2799 2800 2881  2799 2880 2881  2800 2801 2882  2800 2881 2882  2801 2802 2883  2801 2882 2883  2802 2803 2884  2802 2883 2884  2803 2804 2885  2803 2884 2885  2804 2805 2886  2804 2885 2886  2805 2806 2887  2805 2886 2887  2806 2807 2888  2806 2887 2888  2807 2808 2889  2807 2888 2889  2808 2809 2890  2808 2889 2890  2809 2810 2891  2809 2890 2891  2810 2811 2892  2810 2891 2892  2811 2812 2893  2811 2892 2893  2812 2813 2894  2812 2893 2894  2813 2814 2895  2813 2894 2895  2814 2815 2896  2814 2895 2896  2815 2816 2897  2815 2896 2897  2816 2817 2898  2816 2897 2898  2817 2818 2899  2817 2898 2899  2818 2819 2900  2818 2899 2900  2819 2820 2901  2819 2900 2901  2820 2821 2902  2820 2901 2902  2821 2822 2903  2821 2902 2903  2822 2823 2904  2822 2903 2904  2823 2824 2905  2823 2904 2905  2824 2825 2906  2824 2905 2906  2825 2826 2907  2825 2906 2907  2826 2827 2908  2826 2907 2908  2827 2828 2909  2827 2908 2909  2828 2829 2910  2828 2909 2910  2829 2830 2911  2829 2910 2911  2830 2831 2912  2830 2911 2912  2831 2832 2913  2831 2912 2913  2832 2833 2914  2832 2913 2914  2833 2834 2915  2833 2914 2915  2835 2836 2917  2835 2916 2917  2836 2837 2918  2836 2917 2918  2837 2838 2919  2837 2918 2919  2838 2839 2920  2838 2919 2920  2839 2840 2921  2839 2920 2921  2840 2841 2922  2840 2921 2922  2841 2842 2923  2841 2922 2923  2842 2843 2924  2842 2923 2924  2843 2844 2925  2843 2924 2925  2844 2845 2926  2844 2925 2926  2845 2846 2927  2845 2926 2927  2846 2847 2928  2846 2927 2928  2847 2848 2929  2847 2928 2929  2848 2849 2930  2848 2929 2930  2849 2850 2931  2849 2930 2931  2850 2851 2932  2850 2931 2932  2851 2852 2933  2851 2932 2933  2852 2853 2934  2852 2933 2934  2853 2854 2935  2853 2934 2935  2854 2855 2936  2854 2935 2936  2855 2856 2937  2855 2936 2937  2856 2857 2938  2856 2937 2938  2857 2858 2939  2857 2938 2939  2858 2859 2940  2858 2939 2940  2859 2860 2941  2859 2940 2941  2860 2861 2942  2860 2941 2942  2861 2862 2943  2861 2942 2943  2862 2863 2944  2862 2943 2944  2863 2864 2945  2863 2944 2945  2864 2865 2946  2864 2945 2946  2865 2866 2947  2865 2946 2947  2866 2867 2948  2866 2947 2948  2867 2868 2949  2867 2948 2949  2868 2869 2950  2868 2949 2950  2869 2870 2951  2869 2950 2951  2870 2871 2952  2870 2951 2952  2871 2872 2953  2871 2952 2953  2872 2873 2954  2872 2953 2954  2873 2874 2955  2873 2954 2955  2874 2875 2956  2874 2955 2956  2875 2876 2957  2875 2956 2957  2876 2877 2958  2876 2957 2958  2877 2878 2959  2877 2958 2959  2878 2879 2960  2878 2959 2960  2879 2880 2961  2879 2960 2961  2880 2881 2962  2880 2961 2962  2881 2882 2963  2881 2962 2963  2882 2883 2964  2882 2963 2964  2883 2884 2965  2883 2964 2965  2884 2885 2966  2884 2965 2966  2885 2886 2967  2885 2966 2967  2886 2887 2968  2886 2967 2968  2887 2888 2969  2887 2968 2969  2888 2889 2970  2888 2969 2970  2889 2890 2971  2889 2970 2971  2890 2891 2972  2890 2971 2972  2891 2892 2973  2891 2972 2973  2892 2893 2974  2892 2973 2974  2893 2894 2975  2893 2974 2975  2894 2895 2976  2894 2975 2976  2895 2896 2977  2895 2976 2977  2896 2897 2978  2896 2977 2978  2897 2898 2979  2897 2978 2979  2898 2899 2980  2898 2979 2980  2899 2900 2981  2899 2980 2981  2900 2901 2982  2900 2981 2982  2901 2902 2983  2901 2982 2983  2902 2903 2984  2902 2983 2984  2903 2904 2985  2903 2984 2985  2904 2905 2986  2904 2985 2986  2905 2906 2987  2905 2986 2987  2906 2907 2988  2906 2987 2988  2907 2908 2989  2907 2988 2989  2908 2909 2990  2908 2989 2990  2909 2910 2991  2909 2990 2991  2910 2911 2992  2910 2991 2992  2911 2912 2993  2911 2992 2993  2912 2913 2994  2912 2993 2994  2913 2914 2995  2913 2994 2995  2914 2915 2996  2914 2995 2996  2916 2917 2998  2916 2997 2998  2917 2918 2999  2917 2998 2999  2918 2919 3000  2918 2999 3000  2919 2920 3001  2919 3000 3001  2920 2921 3002  2920 3001 3002  2921 2922 3003  2921 3002 3003  2922 2923 3004  2922 3003 3004  2923 2924 3005  2923 3004 3005  2924 2925 3006  2924 3005 3006  2925 2926 3007  2925 3006 3007  2926 2927 3008  2926 3007 3008  2927 2928 3009  2927 3008 3009  2928 2929 3010  2928 3009 3010  2929 2930 3011  2929 3010 3011  2930 2931 3012  2930 3011 3012  2931 2932 3013  2931 3012 3013  2932 2933 3014  2932 3013 3014  2933 2934 3015  2933 3014 3015  2934 2935 3016  2934 3015 3016  2935 2936 3017  2935 3016 3017  2936 2937 3018  2936 3017 3018  2937 2938 3019  2937 3018 3019  2938 2939 3020  2938 3019 3020  2939 2940 3021  2939 3020 3021  2940 2941 3022  2940 3021 3022  2941 2942 3023  2941 3022 3023  2942 2943 3024  2942 3023 3024  2943 2944 3025  2943 3024 3025  2944 2945 3026  2944 3025 3026  2945 2946 3027  2945 3026 3027  2946 2947 3028  2946 3027 3028  2947 2948 3029  2947 3028 3029  2948 2949 3030  2948 3029 3030  2949 2950 3031  2949 3030 3031  2950 2951 3032  2950 3031 3032  2951 2952 3033  2951 3032 3033  2952 2953 3034  2952 3033 3034  2953 2954 3035  2953 3034 3035  2954 2955 3036  2954 3035 3036  2955 2956 3037  2955 3036 3037  2956 2957 3038  2956 3037 3038  2957 2958 3039  2957 3038 3039  2958 2959 3040  2958 3039 3040  2959 2960 3041  2959 3040 3041  2960 2961 3042  2960 3041 3042  2961 2962 3043  2961 3042 3043  2962 2963 3044  2962 3043 3044  2963 2964 3045  2963 3044 3045  2964 2965 3046  2964 3045 3046  2965 2966 3047  2965 3046 3047  2966 2967 3048  2966 3047 3048  2967 2968 3049  2967 3048 3049  2968 2969 3050  2968 3049 3050  2969 2970 3051  2969 3050 3051  2970 2971 3052  2970 3051 3052  2971 2972 3053  2971 3052 3053  2972 2973 3054  2972 3053 3054  2973 2974 3055  2973 3054 3055  2974 2975 3056  2974 3055 3056  2975 2976 3057  2975 3056 3057  2976 2977 3058  2976 3057 3058  2977 2978 3059  2977 3058 3059  2978 2979 3060  2978 3059 3060  2979 2980 3061  2979 3060 3061  2980 2981 3062  2980 3061 3062  2981 2982 3063  2981 3062 3063  2982 2983 3064  2982 3063 3064  2983 2984 3065  2983 3064 3065  2984 2985 3066  2984 3065 3066  2985 2986 3067  2985 3066 3067  2986 2987 3068  2986 3067 3068  2987 2988 3069  2987 3068 3069  2988 2989 3070  2988 3069 3070  2989 2990 3071  2989 3070 3071  2990 2991 3072  2990 3071 3072  2991 2992 3073  2991 3072 3073  2992 2993 3074  2992 3073 3074  2993 2994 3075  2993 3074 3075  2994 2995 3076  2994 3075 3076  2995 2996 3077  2995 3076 3077  2997 2998 3079  2997 3078 3079  2998 2999 3080  2998 3079 3080  2999 3000 3081  2999 3080 3081  3000 3001 3082  3000 3081 3082  3001 3002 3083  3001 3082 3083  3002 3003 3084  3002 3083 3084  3003 3004 3085  3003 3084 3085  3004 3005 3086  3004 3085 3086  3005 3006 3087  3005 3086 3087  3006 3007 3088  3006 3087 3088  3007 3008 3089  3007 3088 3089  3008 3009 3090  3008 3089 3090  3009 3010 3091  3009 3090 3091  3010 3011 3092  3010 3091 3092  3011 3012 3093  3011 3092 3093  3012 3013 3094  3012 3093 3094  3013 3014 3095  3013 3094 3095  3014 3015 3096  3014 3095 3096  3015 3016 3097  3015 3096 3097  3016 3017 3098  3016 3097 3098  3017 3018 3099  3017 3098 3099  3018 3019 3100  3018 3099 3100  3019 3020 3101  3019 3100 3101  3020 3021 3102  3020 3101 3102  3021 3022 3103  3021 3102 3103  3022 3023 3104  3022 3103 3104  3023 3024 3105  3023 3104 3105  3024 3025 3106  3024 3105 3106  3025 3026 3107  3025 3106 3107  3026 3027 3108  3026 3107 3108  3027 3028 3109  3027 3108 3109  3028 3029 3110  3028 3109 3110  3029 3030 3111  3029 3110 3111  3030 3031 3112  3030 3111 3112  3031 3032 3113  3031 3112 3113  3032 3033 3114  3032 3113 3114  3033 3034 3115  3033 3114 3115  3034 3035 3116  3034 3115 3116  3035 3036 3117  3035 3116 3117  3036 3037 3118  3036 3117 3118  3037 3038 3119  3037 3118 3119  3038 3039 3120  3038 3119 3120  3039 3040 3121  3039 3120 3121  3040 3041 3122  3040 3121 3122  3041 3042 3123  3041 3122 3123  3042 3043 3124  3042 3123 3124  3043 3044 3125  3043 3124 3125  3044 3045 3126  3044 3125 3126  3045 3046 3127  3045 3126 3127  3046 3047 3128  3046 3127 3128  3047 3048 3129  3047 3128 3129  3048 3049 3130  3048 3129 3130  3049 3050 3131  3049 3130 3131  3050 3051 3132  3050 3131 3132  3051 3052 3133  3051 3132 3133  3052 3053 3134  3052 3133 3134  3053 3054 3135  3053 3134 3135  3054 3055 3136  3054 3135 3136  3055 3056 3137  3055 3136 3137  3056 3057 3138  3056 3137 3138  3057 3058 3139  3057 3138 3139  3058 3059 3140  3058 3139 3140  3059 3060 3141  3059 3140 3141  3060 3061 3142  3060 3141 3142  3061 3062 3143  3061 3142 3143  3062 3063 3144  3062 3143 3144  3063 3064 3145  3063 3144 3145  3064 3065 3146  3064 3145 3146  3065 3066 3147  3065 3146 3147  3066 3067 3148  3066 3147 3148  3067 3068 3149  3067 3148 3149  3068 3069 3150  3068 3149 3150  3069 3070 3151  3069 3150 3151  3070 3071 3152  3070 3151 3152  3071 3072 3153  3071 3152 3153  3072 3073 3154  3072 3153 3154  3073 3074 3155  3073 3154 3155  3074 3075 3156  3074 3155 3156  3075 3076 3157  3075 3156 3157  3076 3077 3158  3076 3157 3158  3078 3079 3160  3078 3159 3160  3079 3080 3161  3079 3160 3161  3080 3081 3162  3080 3161 3162  3081 3082 3163  3081 3162 3163  3082 3083 3164  3082 3163 3164  3083 3084 3165  3083 3164 3165  3084 3085 3166  3084 3165 3166  3085 3086 3167  3085 3166 3167  3086 3087 3168  3086 3167 3168  3087 3088 3169  3087 3168 3169  3088 3089 3170  3088 3169 3170  3089 3090 3171  3089 3170 3171  3090 3091 3172  3090 3171 3172  3091 3092 3173  3091 3172 3173  3092 3093 3174  3092 3173 3174  3093 3094 3175  3093 3174 3175  3094 3095 3176  3094 3175 3176  3095 3096 3177  3095 3176 3177  3096 3097 3178  3096 3177 3178  3097 3098 3179  3097 3178 3179  3098 3099 3180  3098 3179 3180  3099 3100 3181  3099 3180 3181  3100 3101 3182  3100 3181 3182  3101 3102 3183  3101 3182 3183  3102 3103 3184  3102 3183 3184  3103 3104 3185  3103 3184 3185  3104 3105 3186  3104 3185 3186  3105 3106 3187  3105 3186 3187  3106 3107 3188  3106 3187 3188  3107 3108 3189  3107 3188 3189  3108 3109 3190  3108 3189 3190  3109 3110 3191  3109 3190 3191  3110 3111 3192  3110 3191 3192  3111 3112 3193  3111 3192 3193  3112 3113 3194  3112 3193 3194  3113 3114 3195  3113 3194 3195  3114 3115 3196  3114 3195 3196  3115 3116 3197  3115 3196 3197  3116 3117 3198  3116 3197 3198  3117 3118 3199  3117 3198 3199  3118 3119 3200  3118 3199 3200  3119 3120 3201  3119 3200 3201  3120 3121 3202  3120 3201 3202  3121 3122 3203  3121 3202 3203  3122 3123 3204  3122 3203 3204  3123 3124 3205  3123 3204 3205  3124 3125 3206  3124 3205 3206  3125 3126 3207  3125 3206 3207  3126 3127 3208  3126 3207 3208  3127 3128 3209  3127 3208 3209  3128 3129 3210  3128 3209 3210  3129 3130 3211  3129 3210 3211  3130 3131 3212  3130 3211 3212  3131 3132 3213  3131 3212 3213  3132 3133 3214  3132 3213 3214  3133 3134 3215  3133 3214 3215  3134 3135 3216  3134 3215 3216  3135 3136 3217  3135 3216 3217  3136 3137 3218  3136 3217 3218  3137 3138 3219  3137 3218 3219  3138 3139 3220  3138 3219 3220  3139 3140 3221  3139 3220 3221  3140 3141 3222  3140 3221 3222  3141 3142 3223  3141 3222 3223  3142 3143 3224  3142 3223 3224  3143 3144 3225  3143 3224 3225  3144 3145 3226  3144 3225 3226  3145 3146 3227  3145 3226 3227  3146 3147 3228  3146 3227 3228  3147 3148 3229  3147 3228 3229  3148 3149 3230  3148 3229 3230  3149 3150 3231  3149 3230 3231  3150 3151 3232  3150 3231 3232  3151 3152 3233  3151 3232 3233  3152 3153 3234  3152 3233 3234  3153 3154 3235  3153 3234 3235  3154 3155 3236  3154 3235 3236  3155 3156 3237  3155 3236 3237  3156 3157 3238  3156 3237 3238  3157 3158 3239  3157 3238 3239  3159 3160 3241  3159 3240 3241  3160 3161 3242  3160 3241 3242  3161 3162 3243  3161 3242 3243  3162 3163 3244  3162 3243 3244  3163 3164 3245  3163 3244 3245  3164 3165 3246  3164 3245 3246  3165 3166 3247  3165 3246 3247  3166 3167 3248  3166 3247 3248  3167 3168 3249  3167 3248 3249  3168 3169 3250  3168 3249 3250  3169 3170 3251  3169 3250 3251  3170 3171 3252  3170 3251 3252  3171 3172 3253  3171 3252 3253  3172 3173 3254  3172 3253 3254  3173 3174 3255  3173 3254 3255  3174 3175 3256  3174 3255 3256  3175 3176 3257  3175 3256 3257  3176 3177 3258  3176 3257 3258  3177 3178 3259  3177 3258 3259  3178 3179 3260  3178 3259 3260  3179 3180 3261  3179 3260 3261  3180 3181 3262  3180 3261 3262  3181 3182 3263  3181 3262 3263  3182 3183 3264  3182 3263 3264  3183 3184 3265  3183 3264 3265  3184 3185 3266  3184 3265 3266  3185 3186 3267  3185 3266 3267  3186 3187 3268  3186 3267 3268  3187 3188 3269  3187 3268 3269  3188 3189 3270  3188 3269 3270  3189 3190 3271  3189 3270 3271  3190 3191 3272  3190 3271 3272  3191 3192 3273  3191 3272 3273  3192 3193 3274  3192 3273 3274  3193 3194 3275  3193 3274 3275  3194 3195 3276  3194 3275 3276  3195 3196 3277  3195 3276 3277  3196 3197 3278  3196 3277 3278  3197 3198 3279  3197 3278 3279  3198 3199 3280  3198 3279 3280  3199 3200 3281  3199 3280 3281  3200 3201 3282  3200 3281 3282  3201 3202 3283  3201 3282 3283  3202 3203 3284  3202 3283 3284  3203 3204 3285  3203 3284 3285  3204 3205 3286  3204 3285 3286  3205 3206 3287  3205 3286 3287  3206 3207 3288  3206 3287 3288  3207 3208 3289  3207 3288 3289  3208 3209 3290  3208 3289 3290  3209 3210 3291  3209 3290 3291  3210 3211 3292  3210 3291 3292  3211 3212 3293  3211 3292 3293  3212 3213 3294  3212 3293 3294  3213 3214 3295  3213 3294 3295  3214 3215 3296  3214 3295 3296  3215 3216 3297  3215 3296 3297  3216 3217 3298  3216 3297 3298  3217 3218 3299  3217 3298 3299  3218 3219 3300  3218 3299 3300  3219 3220 3301  3219 3300 3301  3220 3221 3302  3220 3301 3302  3221 3222 3303  3221 3302 3303  3222 3223 3304  3222 3303 3304  3223 3224 3305  3223 3304 3305  3224 3225 3306  3224 3305 3306  3225 3226 3307  3225 3306 3307  3226 3227 3308  3226 3307 3308  3227 3228 3309  3227 3308 3309  3228 3229 3310  3228 3309 3310  3229 3230 3311  3229 3310 3311  3230 3231 3312  3230 3311 3312  3231 3232 3313  3231 3312 3313  3232 3233 3314  3232 3313 3314  3233 3234 3315  3233 3314 3315  3234 3235 3316  3234 3315 3316  3235 3236 3317  3235 3316 3317  3236 3237 3318  3236 3317 3318  3237 3238 3319  3237 3318 3319  3238 3239 3320  3238 3319 3320  3240 3241 3322  3240 3321 3322  3241 3242 3323  3241 3322 3323  3242 3243 3324  3242 3323 3324  3243 3244 3325  3243 3324 3325  3244 3245 3326  3244 3325 3326  3245 3246 3327  3245 3326 3327  3246 3247 3328  3246 3327 3328  3247 3248 3329  3247 3328 3329  3248 3249 3330  3248 3329 3330  3249 3250 3331  3249 3330 3331  3250 3251 3332  3250 3331 3332  3251 3252 3333  3251 3332 3333  3252 3253 3334  3252 3333 3334  3253 3254 3335  3253 3334 3335  3254 3255 3336  3254 3335 3336  3255 3256 3337  3255 3336 3337  3256 3257 3338  3256 3337 3338  3257 3258 3339  3257 3338 3339  3258 3259 3340  3258 3339 3340  3259 3260 3341  3259 3340 3341  3260 3261 3342  3260 3341 3342  3261 3262 3343  3261 3342 3343  3262 3263 3344  3262 3343 3344  3263 3264 3345  3263 3344 3345  3264 3265 3346  3264 3345 3346  3265 3266 3347  3265 3346 3347  3266 3267 3348  3266 3347 3348  3267 3268 3349  3267 3348 3349  3268 3269 3350  3268 3349 3350  3269 3270 3351  3269 3350 3351  3270 3271 3352  3270 3351 3352  3271 3272 3353  3271 3352 3353  3272 3273 3354  3272 3353 3354  3273 3274 3355  3273 3354 3355  3274 3275 3356  3274 3355 3356  3275 3276 3357  3275 3356 3357  3276 3277 3358  3276 3357 3358  3277 3278 3359  3277 3358 3359  3278 3279 3360  3278 3359 3360  3279 3280 3361  3279 3360 3361  3280 3281 3362  3280 3361 3362  3281 3282 3363  3281 3362 3363  3282 3283 3364  3282 3363 3364  3283 3284 3365  3283 3364 3365  3284 3285 3366  3284 3365 3366  3285 3286 3367  3285 3366 3367  3286 3287 3368  3286 3367 3368  3287 3288 3369  3287 3368 3369  3288 3289 3370  3288 3369 3370  3289 3290 3371  3289 3370 3371  3290 3291 3372  3290 3371 3372  3291 3292 3373  3291 3372 3373  3292 3293 3374  3292 3373 3374  3293 3294 3375  3293 3374 3375  3294 3295 3376  3294 3375 3376  3295 3296 3377  3295 3376 3377  3296 3297 3378  3296 3377 3378  3297 3298 3379  3297 3378 3379  3298 3299 3380  3298 3379 3380  3299 3300 3381  3299 3380 3381  3300 3301 3382  3300 3381 3382  3301 3302 3383  3301 3382 3383  3302 3303 3384  3302 3383 3384  3303 3304 3385  3303 3384 3385  3304 3305 3386  3304 3385 3386  3305 3306 3387  3305 3386 3387  3306 3307 3388  3306 3387 3388  3307 3308 3389  3307 3388 3389  3308 3309 3390  3308 3389 3390  3309 3310 3391  3309 3390 3391  3310 3311 3392  3310 3391 3392  3311 3312 3393  3311 3392 3393  3312 3313 3394  3312 3393 3394  3313 3314 3395  3313 3394 3395  3314 3315 3396  3314 3395 3396  3315 3316 3397  3315 3396 3397  3316 3317 3398  3316 3397 3398  3317 3318 3399  3317 3398 3399  3318 3319 3400  3318 3399 3400  3319 3320 3401  3319 3400 3401  3321 3322 3403  3321 3402 3403  3322 3323 3404  3322 3403 3404  3323 3324 3405  3323 3404 3405  3324 3325 3406  3324 3405 3406  3325 3326 3407  3325 3406 3407  3326 3327 3408  3326 3407 3408  3327 3328 3409  3327 3408 3409  3328 3329 3410  3328 3409 3410  3329 3330 3411  3329 3410 3411  3330 3331 3412  3330 3411 3412  3331 3332 3413  3331 3412 3413  3332 3333 3414  3332 3413 3414  3333 3334 3415  3333 3414 3415  3334 3335 3416  3334 3415 3416  3335 3336 3417  3335 3416 3417  3336 3337 3418  3336 3417 3418  3337 3338 3419  3337 3418 3419  3338 3339 3420  3338 3419 3420  3339 3340 3421  3339 3420 3421  3340 3341 3422  3340 3421 3422  3341 3342 3423  3341 3422 3423  3342 3343 3424  3342 3423 3424  3343 3344 3425  3343 3424 3425  3344 3345 3426  3344 3425 3426  3345 3346 3427  3345 3426 3427  3346 3347 3428  3346 3427 3428  3347 3348 3429  3347 3428 3429  3348 3349 3430  3348 3429 3430  3349 3350 3431  3349 3430 3431  3350 3351 3432  3350 3431 3432  3351 3352 3433  3351 3432 3433  3352 3353 3434  3352 3433 3434  3353 3354 3435  3353 3434 3435  3354 3355 3436  3354 3435 3436  3355 3356 3437  3355 3436 3437  3356 3357 3438  3356 3437 3438  3357 3358 3439  3357 3438 3439  3358 3359 3440  3358 3439 3440  3359 3360 3441  3359 3440 3441  3360 3361 3442  3360 3441 3442  3361 3362 3443  3361 3442 3443  3362 3363 3444  3362 3443 3444  3363 3364 3445  3363 3444 3445  3364 3365 3446  3364 3445 3446  3365 3366 3447  3365 3446 3447  3366 3367 3448  3366 3447 3448  3367 3368 3449  3367 3448 3449  3368 3369 3450  3368 3449 3450  3369 3370 3451  3369 3450 3451  3370 3371 3452  3370 3451 3452  3371 3372 3453  3371 3452 3453  3372 3373 3454  3372 3453 3454  3373 3374 3455  3373 3454 3455  3374 3375 3456  3374 3455 3456  3375 3376 3457  3375 3456 3457  3376 3377 3458  3376 3457 3458  3377 3378 3459  3377 3458 3459  3378 3379 3460  3378 3459 3460  3379 3380 3461  3379 3460 3461  3380 3381 3462  3380 3461 3462  3381 3382 3463  3381 3462 3463  3382 3383 3464  3382 3463 3464  3383 3384 3465  3383 3464 3465  3384 3385 3466  3384 3465 3466  3385 3386 3467  3385 3466 3467  3386 3387 3468  3386 3467 3468  3387 3388 3469  3387 3468 3469  3388 3389 3470  3388 3469 3470  3389 3390 3471  3389 3470 3471  3390 3391 3472  3390 3471 3472  3391 3392 3473  3391 3472 3473  3392 3393 3474  3392 3473 3474  3393 3394 3475  3393 3474 3475  3394 3395 3476  3394 3475 3476  3395 3396 3477  3395 3476 3477  3396 3397 3478  3396 3477 3478  3397 3398 3479  3397 3478 3479  3398 3399 3480  3398 3479 3480  3399 3400 3481  3399 3480 3481  3400 3401 3482  3400 3481 3482  3402 3403 3484  3402 3483 3484  3403 3404 3485  3403 3484 3485  3404 3405 3486  3404 3485 3486  3405 3406 3487  3405 3486 3487  3406 3407 3488  3406 3487 3488  3407 3408 3489  3407 3488 3489  3408 3409 3490  3408 3489 3490  3409 3410 3491  3409 3490 3491  3410 3411 3492  3410 3491 3492  3411 3412 3493  3411 3492 3493  3412 3413 3494  3412 3493 3494  3413 3414 3495  3413 3494 3495  3414 3415 3496  3414 3495 3496  3415 3416 3497  3415 3496 3497  3416 3417 3498  3416 3497 3498  3417 3418 3499  3417 3498 3499  3418 3419 3500  3418 3499 3500  3419 3420 3501  3419 3500 3501  3420 3421 3502  3420 3501 3502  3421 3422 3503  3421 3502 3503  3422 3423 3504  3422 3503 3504  3423 3424 3505  3423 3504 3505  3424 3425 3506  3424 3505 3506  3425 3426 3507  3425 3506 3507  3426 3427 3508  3426 3507 3508  3427 3428 3509  3427 3508 3509  3428 3429 3510  3428 3509 3510  3429 3430 3511  3429 3510 3511  3430 3431 3512  3430 3511 3512  3431 3432 3513  3431 3512 3513  3432 3433 3514  3432 3513 3514  3433 3434 3515  3433 3514 3515  3434 3435 3516  3434 3515 3516  3435 3436 3517  3435 3516 3517  3436 3437 3518  3436 3517 3518  3437 3438 3519  3437 3518 3519  3438 3439 3520  3438 3519 3520  3439 3440 3521  3439 3520 3521  3440 3441 3522  3440 3521 3522  3441 3442 3523  3441 3522 3523  3442 3443 3524  3442 3523 3524  3443 3444 3525  3443 3524 3525  3444 3445 3526  3444 3525 3526  3445 3446 3527  3445 3526 3527  3446 3447 3528  3446 3527 3528  3447 3448 3529  3447 3528 3529  3448 3449 3530  3448 3529 3530  3449 3450 3531  3449 3530 3531  3450 3451 3532  3450 3531 3532  3451 3452 3533  3451 3532 3533  3452 3453 3534  3452 3533 3534  3453 3454 3535  3453 3534 3535  3454 3455 3536  3454 3535 3536  3455 3456 3537  3455 3536 3537  3456 3457 3538  3456 3537 3538  3457 3458 3539  3457 3538 3539  3458 3459 3540  3458 3539 3540  3459 3460 3541  3459 3540 3541  3460 3461 3542  3460 3541 3542  3461 3462 3543  3461 3542 3543  3462 3463 3544  3462 3543 3544  3463 3464 3545  3463 3544 3545  3464 3465 3546  3464 3545 3546  3465 3466 3547  3465 3546 3547  3466 3467 3548  3466 3547 3548  3467 3468 3549  3467 3548 3549  3468 3469 3550  3468 3549 3550  3469 3470 3551  3469 3550 3551  3470 3471 3552  3470 3551 3552  3471 3472 3553  3471 3552 3553  3472 3473 3554  3472 3553 3554  3473 3474 3555  3473 3554 3555  3474 3475 3556  3474 3555 3556  3475 3476 3557  3475 3556 3557  3476 3477 3558  3476 3557 3558  3477 3478 3559  3477 3558 3559  3478 3479 3560  3478 3559 3560  3479 3480 3561  3479 3560 3561  3480 3481 3562  3480 3561 3562  3481 3482 3563  3481 3562 3563  3483 3484 3565  3483 3564 3565  3484 3485 3566  3484 3565 3566  3485 3486 3567  3485 3566 3567  3486 3487 3568  3486 3567 3568  3487 3488 3569  3487 3568 3569  3488 3489 3570  3488 3569 3570  3489 3490 3571  3489 3570 3571  3490 3491 3572  3490 3571 3572  3491 3492 3573  3491 3572 3573  3492 3493 3574  3492 3573 3574  3493 3494 3575  3493 3574 3575  3494 3495 3576  3494 3575 3576  3495 3496 3577  3495 3576 3577  3496 3497 3578  3496 3577 3578  3497 3498 3579  3497 3578 3579  3498 3499 3580  3498 3579 3580  3499 3500 3581  3499 3580 3581  3500 3501 3582  3500 3581 3582  3501 3502 3583  3501 3582 3583  3502 3503 3584  3502 3583 3584  3503 3504 3585  3503 3584 3585  3504 3505 3586  3504 3585 3586  3505 3506 3587  3505 3586 3587  3506 3507 3588  3506 3587 3588  3507 3508 3589  3507 3588 3589  3508 3509 3590  3508 3589 3590  3509 3510 3591  3509 3590 3591  3510 3511 3592  3510 3591 3592  3511 3512 3593  3511 3592 3593  3512 3513 3594  3512 3593 3594  3513 3514 3595  3513 3594 3595  3514 3515 3596  3514 3595 3596  3515 3516 3597  3515 3596 3597  3516 3517 3598  3516 3597 3598  3517 3518 3599  3517 3598 3599  3518 3519 3600  3518 3599 3600  3519 3520 3601  3519 3600 3601  3520 3521 3602  3520 3601 3602  3521 3522 3603  3521 3602 3603  3522 3523 3604  3522 3603 3604  3523 3524 3605  3523 3604 3605  3524 3525 3606  3524 3605 3606  3525 3526 3607  3525 3606 3607  3526 3527 3608  3526 3607 3608  3527 3528 3609  3527 3608 3609  3528 3529 3610  3528 3609 3610  3529 3530 3611  3529 3610 3611  3530 3531 3612  3530 3611 3612  3531 3532 3613  3531 3612 3613  3532 3533 3614  3532 3613 3614  3533 3534 3615  3533 3614 3615  3534 3535 3616  3534 3615 3616  3535 3536 3617  3535 3616 3617  3536 3537 3618  3536 3617 3618  3537 3538 3619  3537 3618 3619  3538 3539 3620  3538 3619 3620  3539 3540 3621  3539 3620 3621  3540 3541 3622  3540 3621 3622  3541 3542 3623  3541 3622 3623  3542 3543 3624  3542 3623 3624  3543 3544 3625  3543 3624 3625  3544 3545 3626  3544 3625 3626  3545 3546 3627  3545 3626 3627  3546 3547 3628  3546 3627 3628  3547 3548 3629  3547 3628 3629  3548 3549 3630  3548 3629 3630  3549 3550 3631  3549 3630 3631  3550 3551 3632  3550 3631 3632  3551 3552 3633  3551 3632 3633  3552 3553 3634  3552 3633 3634  3553 3554 3635  3553 3634 3635  3554 3555 3636  3554 3635 3636  3555 3556 3637  3555 3636 3637  3556 3557 3638  3556 3637 3638  3557 3558 3639  3557 3638 3639  3558 3559 3640  3558 3639 3640  3559 3560 3641  3559 3640 3641  3560 3561 3642  3560 3641 3642  3561 3562 3643  3561 3642 3643  3562 3563 3644  3562 3643 3644  3564 3565 3646  3564 3645 3646  3565 3566 3647  3565 3646 3647  3566 3567 3648  3566 3647 3648  3567 3568 3649  3567 3648 3649  3568 3569 3650  3568 3649 3650  3569 3570 3651  3569 3650 3651  3570 3571 3652  3570 3651 3652  3571 3572 3653  3571 3652 3653  3572 3573 3654  3572 3653 3654  3573 3574 3655  3573 3654 3655  3574 3575 3656  3574 3655 3656  3575 3576 3657  3575 3656 3657  3576 3577 3658  3576 3657 3658  3577 3578 3659  3577 3658 3659  3578 3579 3660  3578 3659 3660  3579 3580 3661  3579 3660 3661  3580 3581 3662  3580 3661 3662  3581 3582 3663  3581 3662 3663  3582 3583 3664  3582 3663 3664  3583 3584 3665  3583 3664 3665  3584 3585 3666  3584 3665 3666  3585 3586 3667  3585 3666 3667  3586 3587 3668  3586 3667 3668  3587 3588 3669  3587 3668 3669  3588 3589 3670  3588 3669 3670  3589 3590 3671  3589 3670 3671  3590 3591 3672  3590 3671 3672  3591 3592 3673  3591 3672 3673  3592 3593 3674  3592 3673 3674  3593 3594 3675  3593 3674 3675  3594 3595 3676  3594 3675 3676  3595 3596 3677  3595 3676 3677  3596 3597 3678  3596 3677 3678  3597 3598 3679  3597 3678 3679  3598 3599 3680  3598 3679 3680  3599 3600 3681  3599 3680 3681  3600 3601 3682  3600 3681 3682  3601 3602 3683  3601 3682 3683  3602 3603 3684  3602 3683 3684  3603 3604 3685  3603 3684 3685  3604 3605 3686  3604 3685 3686  3605 3606 3687  3605 3686 3687  3606 3607 3688  3606 3687 3688  3607 3608 3689  3607 3688 3689  3608 3609 3690  3608 3689 3690  3609 3610 3691  3609 3690 3691  3610 3611 3692  3610 3691 3692  3611 3612 3693  3611 3692 3693  3612 3613 3694  3612 3693 3694  3613 3614 3695  3613 3694 3695  3614 3615 3696  3614 3695 3696  3615 3616 3697  3615 3696 3697  3616 3617 3698  3616 3697 3698  3617 3618 3699  3617 3698 3699  3618 3619 3700  3618 3699 3700  3619 3620 3701  3619 3700 3701  3620 3621 3702  3620 3701 3702  3621 3622 3703  3621 3702 3703  3622 3623 3704  3622 3703 3704  3623 3624 3705  3623 3704 3705  3624 3625 3706  3624 3705 3706  3625 3626 3707  3625 3706 3707  3626 3627 3708  3626 3707 3708  3627 3628 3709  3627 3708 3709  3628 3629 3710  3628 3709 3710  3629 3630 3711  3629 3710 3711  3630 3631 3712  3630 3711 3712  3631 3632 3713  3631 3712 3713  3632 3633 3714  3632 3713 3714  3633 3634 3715  3633 3714 3715  3634 3635 3716  3634 3715 3716  3635 3636 3717  3635 3716 3717  3636 3637 3718  3636 3717 3718  3637 3638 3719  3637 3718 3719  3638 3639 3720  3638 3719 3720  3639 3640 3721  3639 3720 3721  3640 3641 3722  3640 3721 3722  3641 3642 3723  3641 3722 3723  3642 3643 3724  3642 3723 3724  3643 3644 3725  3643 3724 3725  3645 3646 3727  3645 3726 3727  3646 3647 3728  3646 3727 3728  3647 3648 3729  3647 3728 3729  3648 3649 3730  3648 3729 3730  3649 3650 3731  3649 3730 3731  3650 3651 3732  3650 3731 3732  3651 3652 3733  3651 3732 3733  3652 3653 3734  3652 3733 3734  3653 3654 3735  3653 3734 3735  3654 3655 3736  3654 3735 3736  3655 3656 3737  3655 3736 3737  3656 3657 3738  3656 3737 3738  3657 3658 3739  3657 3738 3739  3658 3659 3740  3658 3739 3740  3659 3660 3741  3659 3740 3741  3660 3661 3742  3660 3741 3742  3661 3662 3743  3661 3742 3743  3662 3663 3744  3662 3743 3744  3663 3664 3745  3663 3744 3745  3664 3665 3746  3664 3745 3746  3665 3666 3747  3665 3746 3747  3666 3667 3748  3666 3747 3748  3667 3668 3749  3667 3748 3749  3668 3669 3750  3668 3749 3750  3669 3670 3751  3669 3750 3751  3670 3671 3752  3670 3751 3752  3671 3672 3753  3671 3752 3753  3672 3673 3754  3672 3753 3754  3673 3674 3755  3673 3754 3755  3674 3675 3756  3674 3755 3756  3675 3676 3757  3675 3756 3757  3676 3677 3758  3676 3757 3758  3677 3678 3759  3677 3758 3759  3678 3679 3760  3678 3759 3760  3679 3680 3761  3679 3760 3761  3680 3681 3762  3680 3761 3762  3681 3682 3763  3681 3762 3763  3682 3683 3764  3682 3763 3764  3683 3684 3765  3683 3764 3765  3684 3685 3766  3684 3765 3766  3685 3686 3767  3685 3766 3767  3686 3687 3768  3686 3767 3768  3687 3688 3769  3687 3768 3769  3688 3689 3770  3688 3769 3770  3689 3690 3771  3689 3770 3771  3690 3691 3772  3690 3771 3772  3691 3692 3773  3691 3772 3773  3692 3693 3774  3692 3773 3774  3693 3694 3775  3693 3774 3775  3694 3695 3776  3694 3775 3776  3695 3696 3777  3695 3776 3777  3696 3697 3778  3696 3777 3778  3697 3698 3779  3697 3778 3779  3698 3699 3780  3698 3779 3780  3699 3700 3781  3699 3780 3781  3700 3701 3782  3700 3781 3782  3701 3702 3783  3701 3782 3783  3702 3703 3784  3702 3783 3784  3703 3704 3785  3703 3784 3785  3704 3705 3786  3704 3785 3786  3705 3706 3787  3705 3786 3787  3706 3707 3788  3706 3787 3788  3707 3708 3789  3707 3788 3789  3708 3709 3790  3708 3789 3790  3709 3710 3791  3709 3790 3791  3710 3711 3792  3710 3791 3792  3711 3712 3793  3711 3792 3793  3712 3713 3794  3712 3793 3794  3713 3714 3795  3713 3794 3795  3714 3715 3796  3714 3795 3796  3715 3716 3797  3715 3796 3797  3716 3717 3798  3716 3797 3798  3717 3718 3799  3717 3798 3799  3718 3719 3800  3718 3799 3800  3719 3720 3801  3719 3800 3801  3720 3721 3802  3720 3801 3802  3721 3722 3803  3721 3802 3803  3722 3723 3804  3722 3803 3804  3723 3724 3805  3723 3804 3805  3724 3725 3806  3724 3805 3806  3726 3727 3808  3726 3807 3808  3727 3728 3809  3727 3808 3809  3728 3729 3810  3728 3809 3810  3729 3730 3811  3729 3810 3811  3730 3731 3812  3730 3811 3812  3731 3732 3813  3731 3812 3813  3732 3733 3814  3732 3813 3814  3733 3734 3815  3733 3814 3815  3734 3735 3816  3734 3815 3816  3735 3736 3817  3735 3816 3817  3736 3737 3818  3736 3817 3818  3737 3738 3819  3737 3818 3819  3738 3739 3820  3738 3819 3820  3739 3740 3821  3739 3820 3821  3740 3741 3822  3740 3821 3822  3741 3742 3823  3741 3822 3823  3742 3743 3824  3742 3823 3824  3743 3744 3825  3743 3824 3825  3744 3745 3826  3744 3825 3826  3745 3746 3827  3745 3826 3827  3746 3747 3828  3746 3827 3828  3747 3748 3829  3747 3828 3829  3748 3749 3830  3748 3829 3830  3749 3750 3831  3749 3830 3831  3750 3751 3832  3750 3831 3832  3751 3752 3833  3751 3832 3833  3752 3753 3834  3752 3833 3834  3753 3754 3835  3753 3834 3835  3754 3755 3836  3754 3835 3836  3755 3756 3837  3755 3836 3837  3756 3757 3838  3756 3837 3838  3757 3758 3839  3757 3838 3839  3758 3759 3840  3758 3839 3840  3759 3760 3841  3759 3840 3841  3760 3761 3842  3760 3841 3842  3761 3762 3843  3761 3842 3843  3762 3763 3844  3762 3843 3844  3763 3764 3845  3763 3844 3845  3764 3765 3846  3764 3845 3846  3765 3766 3847  3765 3846 3847  3766 3767 3848  3766 3847 3848  3767 3768 3849  3767 3848 3849  3768 3769 3850  3768 3849 3850  3769 3770 3851  3769 3850 3851  3770 3771 3852  3770 3851 3852  3771 3772 3853  3771 3852 3853  3772 3773 3854  3772 3853 3854  3773 3774 3855  3773 3854 3855  3774 3775 3856  3774 3855 3856  3775 3776 3857  3775 3856 3857  3776 3777 3858  3776 3857 3858  3777 3778 3859  3777 3858 3859  3778 3779 3860  3778 3859 3860  3779 3780 3861  3779 3860 3861  3780 3781 3862  3780 3861 3862  3781 3782 3863  3781 3862 3863  3782 3783 3864  3782 3863 3864  3783 3784 3865  3783 3864 3865  3784 3785 3866  3784 3865 3866  3785 3786 3867  3785 3866 3867  3786 3787 3868  3786 3867 3868  3787 3788 3869  3787 3868 3869  3788 3789 3870  3788 3869 3870  3789 3790 3871  3789 3870 3871  3790 3791 3872  3790 3871 3872  3791 3792 3873  3791 3872 3873  3792 3793 3874  3792 3873 3874  3793 3794 3875  3793 3874 3875  3794 3795 3876  3794 3875 3876  3795 3796 3877  3795 3876 3877  3796 3797 3878  3796 3877 3878  3797 3798 3879  3797 3878 3879  3798 3799 3880  3798 3879 3880  3799 3800 3881  3799 3880 3881  3800 3801 3882  3800 3881 3882  3801 3802 3883  3801 3882 3883  3802 3803 3884  3802 3883 3884  3803 3804 3885  3803 3884 3885  3804 3805 3886  3804 3885 3886  3805 3806 3887  3805 3886 3887  3807 3808 3889  3807 3888 3889  3808 3809 3890  3808 3889 3890  3809 3810 3891  3809 3890 3891  3810 3811 3892  3810 3891 3892  3811 3812 3893  3811 3892 3893  3812 3813 3894  3812 3893 3894  3813 3814 3895  3813 3894 3895  3814 3815 3896  3814 3895 3896  3815 3816 3897  3815 3896 3897  3816 3817 3898  3816 3897 3898  3817 3818 3899  3817 3898 3899  3818 3819 3900  3818 3899 3900  3819 3820 3901  3819 3900 3901  3820 3821 3902  3820 3901 3902  3821 3822 3903  3821 3902 3903  3822 3823 3904  3822 3903 3904  3823 3824 3905  3823 3904 3905  3824 3825 3906  3824 3905 3906  3825 3826 3907  3825 3906 3907  3826 3827 3908  3826 3907 3908  3827 3828 3909  3827 3908 3909  3828 3829 3910  3828 3909 3910  3829 3830 3911  3829 3910 3911  3830 3831 3912  3830 3911 3912  3831 3832 3913  3831 3912 3913  3832 3833 3914  3832 3913 3914  3833 3834 3915  3833 3914 3915  3834 3835 3916  3834 3915 3916  3835 3836 3917  3835 3916 3917  3836 3837 3918  3836 3917 3918  3837 3838 3919  3837 3918 3919  3838 3839 3920  3838 3919 3920  3839 3840 3921  3839 3920 3921  3840 3841 3922  3840 3921 3922  3841 3842 3923  3841 3922 3923  3842 3843 3924  3842 3923 3924  3843 3844 3925  3843 3924 3925  3844 3845 3926  3844 3925 3926  3845 3846 3927  3845 3926 3927  3846 3847 3928  3846 3927 3928  3847 3848 3929  3847 3928 3929  3848 3849 3930  3848 3929 3930  3849 3850 3931  3849 3930 3931  3850 3851 3932  3850 3931 3932  3851 3852 3933  3851 3932 3933  3852 3853 3934  3852 3933 3934  3853 3854 3935  3853 3934 3935  3854 3855 3936  3854 3935 3936  3855 3856 3937  3855 3936 3937  3856 3857 3938  3856 3937 3938  3857 3858 3939  3857 3938 3939  3858 3859 3940  3858 3939 3940  3859 3860 3941  3859 3940 3941  3860 3861 3942  3860 3941 3942  3861 3862 3943  3861 3942 3943  3862 3863 3944  3862 3943 3944  3863 3864 3945  3863 3944 3945  3864 3865 3946  3864 3945 3946  3865 3866 3947  3865 3946 3947  3866 3867 3948  3866 3947 3948  3867 3868 3949  3867 3948 3949  3868 3869 3950  3868 3949 3950  3869 3870 3951  3869 3950 3951  3870 3871 3952  3870 3951 3952  3871 3872 3953  3871 3952 3953  3872 3873 3954  3872 3953 3954  3873 3874 3955  3873 3954 3955  3874 3875 3956  3874 3955 3956  3875 3876 3957  3875 3956 3957  3876 3877 3958  3876 3957 3958  3877 3878 3959  3877 3958 3959  3878 3879 3960  3878 3959 3960  3879 3880 3961  3879 3960 3961  3880 3881 3962  3880 3961 3962  3881 3882 3963  3881 3962 3963  3882 3883 3964  3882 3963 3964  3883 3884 3965  3883 3964 3965  3884 3885 3966  3884 3965 3966  3885 3886 3967  3885 3966 3967  3886 3887 3968  3886 3967 3968  3888 3889 3970  3888 3969 3970  3889 3890 3971  3889 3970 3971  3890 3891 3972  3890 3971 3972  3891 3892 3973  3891 3972 3973  3892 3893 3974  3892 3973 3974  3893 3894 3975  3893 3974 3975  3894 3895 3976  3894 3975 3976  3895 3896 3977  3895 3976 3977  3896 3897 3978  3896 3977 3978  3897 3898 3979  3897 3978 3979  3898 3899 3980  3898 3979 3980  3899 3900 3981  3899 3980 3981  3900 3901 3982  3900 3981 3982  3901 3902 3983  3901 3982 3983  3902 3903 3984  3902 3983 3984  3903 3904 3985  3903 3984 3985  3904 3905 3986  3904 3985 3986  3905 3906 3987  3905 3986 3987  3906 3907 3988  3906 3987 3988  3907 3908 3989  3907 3988 3989  3908 3909 3990  3908 3989 3990  3909 3910 3991  3909 3990 3991  3910 3911 3992  3910 3991 3992  3911 3912 3993  3911 3992 3993  3912 3913 3994  3912 3993 3994  3913 3914 3995  3913 3994 3995  3914 3915 3996  3914 3995 3996  3915 3916 3997  3915 3996 3997  3916 3917 3998  3916 3997 3998  3917 3918 3999  3917 3998 3999  3918 3919 4000  3918 3999 4000  3919 3920 4001  3919 4000 4001  3920 3921 4002  3920 4001 4002  3921 3922 4003  3921 4002 4003  3922 3923 4004  3922 4003 4004  3923 3924 4005  3923 4004 4005  3924 3925 4006  3924 4005 4006  3925 3926 4007  3925 4006 4007  3926 3927 4008  3926 4007 4008  3927 3928 4009  3927 4008 4009  3928 3929 4010  3928 4009 4010  3929 3930 4011  3929 4010 4011  3930 3931 4012  3930 4011 4012  3931 3932 4013  3931 4012 4013  3932 3933 4014  3932 4013 4014  3933 3934 4015  3933 4014 4015  3934 3935 4016  3934 4015 4016  3935 3936 4017  3935 4016 4017  3936 3937 4018  3936 4017 4018  3937 3938 4019  3937 4018 4019  3938 3939 4020  3938 4019 4020  3939 3940 4021  3939 4020 4021  3940 3941 4022  3940 4021 4022  3941 3942 4023  3941 4022 4023  3942 3943 4024  3942 4023 4024  3943 3944 4025  3943 4024 4025  3944 3945 4026  3944 4025 4026  3945 3946 4027  3945 4026 4027  3946 3947 4028  3946 4027 4028  3947 3948 4029  3947 4028 4029  3948 3949 4030  3948 4029 4030  3949 3950 4031  3949 4030 4031  3950 3951 4032  3950 4031 4032  3951 3952 4033  3951 4032 4033  3952 3953 4034  3952 4033 4034  3953 3954 4035  3953 4034 4035  3954 3955 4036  3954 4035 4036  3955 3956 4037  3955 4036 4037  3956 3957 4038  3956 4037 4038  3957 3958 4039  3957 4038 4039  3958 3959 4040  3958 4039 4040  3959 3960 4041  3959 4040 4041  3960 3961 4042  3960 4041 4042  3961 3962 4043  3961 4042 4043  3962 3963 4044  3962 4043 4044  3963 3964 4045  3963 4044 4045  3964 3965 4046  3964 4045 4046  3965 3966 4047  3965 4046 4047  3966 3967 4048  3966 4047 4048  3967 3968 4049  3967 4048 4049  3969 3970 4051  3969 4050 4051  3970 3971 4052  3970 4051 4052  3971 3972 4053  3971 4052 4053  3972 3973 4054  3972 4053 4054  3973 3974 4055  3973 4054 4055  3974 3975 4056  3974 4055 4056  3975 3976 4057  3975 4056 4057  3976 3977 4058  3976 4057 4058  3977 3978 4059  3977 4058 4059  3978 3979 4060  3978 4059 4060  3979 3980 4061  3979 4060 4061  3980 3981 4062  3980 4061 4062  3981 3982 4063  3981 4062 4063  3982 3983 4064  3982 4063 4064  3983 3984 4065  3983 4064 4065  3984 3985 4066  3984 4065 4066  3985 3986 4067  3985 4066 4067  3986 3987 4068  3986 4067 4068  3987 3988 4069  3987 4068 4069  3988 3989 4070  3988 4069 4070  3989 3990 4071  3989 4070 4071  3990 3991 4072  3990 4071 4072  3991 3992 4073  3991 4072 4073  3992 3993 4074  3992 4073 4074  3993 3994 4075  3993 4074 4075  3994 3995 4076  3994 4075 4076  3995 3996 4077  3995 4076 4077  3996 3997 4078  3996 4077 4078  3997 3998 4079  3997 4078 4079  3998 3999 4080  3998 4079 4080  3999 4000 4081  3999 4080 4081  4000 4001 4082  4000 4081 4082  4001 4002 4083  4001 4082 4083  4002 4003 4084  4002 4083 4084  4003 4004 4085  4003 4084 4085  4004 4005 4086  4004 4085 4086  4005 4006 4087  4005 4086 4087  4006 4007 4088  4006 4087 4088  4007 4008 4089  4007 4088 4089  4008 4009 4090  4008 4089 4090  4009 4010 4091  4009 4090 4091  4010 4011 4092  4010 4091 4092  4011 4012 4093  4011 4092 4093  4012 4013 4094  4012 4093 4094  4013 4014 4095  4013 4094 4095  4014 4015 4096  4014 4095 4096  4015 4016 4097  4015 4096 4097  4016 4017 4098  4016 4097 4098  4017 4018 4099  4017 4098 4099  4018 4019 4100  4018 4099 4100  4019 4020 4101  4019 4100 4101  4020 4021 4102  4020 4101 4102  4021 4022 4103  4021 4102 4103  4022 4023 4104  4022 4103 4104  4023 4024 4105  4023 4104 4105  4024 4025 4106  4024 4105 4106  4025 4026 4107  4025 4106 4107  4026 4027 4108  4026 4107 4108  4027 4028 4109  4027 4108 4109  4028 4029 4110  4028 4109 4110  4029 4030 4111  4029 4110 4111  4030 4031 4112  4030 4111 4112  4031 4032 4113  4031 4112 4113  4032 4033 4114  4032 4113 4114  4033 4034 4115  4033 4114 4115  4034 4035 4116  4034 4115 4116  4035 4036 4117  4035 4116 4117  4036 4037 4118  4036 4117 4118  4037 4038 4119  4037 4118 4119  4038 4039 4120  4038 4119 4120  4039 4040 4121  4039 4120 4121  4040 4041 4122  4040 4121 4122  4041 4042 4123  4041 4122 4123  4042 4043 4124  4042 4123 4124  4043 4044 4125  4043 4124 4125  4044 4045 4126  4044 4125 4126  4045 4046 4127  4045 4126 4127  4046 4047 4128  4046 4127 4128  4047 4048 4129  4047 4128 4129  4048 4049 4130  4048 4129 4130  4050 4051 4132  4050 4131 4132  4051 4052 4133  4051 4132 4133  4052 4053 4134  4052 4133 4134  4053 4054 4135  4053 4134 4135  4054 4055 4136  4054 4135 4136  4055 4056 4137  4055 4136 4137  4056 4057 4138  4056 4137 4138  4057 4058 4139  4057 4138 4139  4058 4059 4140  4058 4139 4140  4059 4060 4141  4059 4140 4141  4060 4061 4142  4060 4141 4142  4061 4062 4143  4061 4142 4143  4062 4063 4144  4062 4143 4144  4063 4064 4145  4063 4144 4145  4064 4065 4146  4064 4145 4146  4065 4066 4147  4065 4146 4147  4066 4067 4148  4066 4147 4148  4067 4068 4149  4067 4148 4149  4068 4069 4150  4068 4149 4150  4069 4070 4151  4069 4150 4151  4070 4071 4152  4070 4151 4152  4071 4072 4153  4071 4152 4153  4072 4073 4154  4072 4153 4154  4073 4074 4155  4073 4154 4155  4074 4075 4156  4074 4155 4156  4075 4076 4157  4075 4156 4157  4076 4077 4158  4076 4157 4158  4077 4078 4159  4077 4158 4159  4078 4079 4160  4078 4159 4160  4079 4080 4161  4079 4160 4161  4080 4081 4162  4080 4161 4162  4081 4082 4163  4081 4162 4163  4082 4083 4164  4082 4163 4164  4083 4084 4165  4083 4164 4165  4084 4085 4166  4084 4165 4166  4085 4086 4167  4085 4166 4167  4086 4087 4168  4086 4167 4168  4087 4088 4169  4087 4168 4169  4088 4089 4170  4088 4169 4170  4089 4090 4171  4089 4170 4171  4090 4091 4172  4090 4171 4172  4091 4092 4173  4091 4172 4173  4092 4093 4174  4092 4173 4174  4093 4094 4175  4093 4174 4175  4094 4095 4176  4094 4175 4176  4095 4096 4177  4095 4176 4177  4096 4097 4178  4096 4177 4178  4097 4098 4179  4097 4178 4179  4098 4099 4180  4098 4179 4180  4099 4100 4181  4099 4180 4181  4100 4101 4182  4100 4181 4182  4101 4102 4183  4101 4182 4183  4102 4103 4184  4102 4183 4184  4103 4104 4185  4103 4184 4185  4104 4105 4186  4104 4185 4186  4105 4106 4187  4105 4186 4187  4106 4107 4188  4106 4187 4188  4107 4108 4189  4107 4188 4189  4108 4109 4190  4108 4189 4190  4109 4110 4191  4109 4190 4191  4110 4111 4192  4110 4191 4192  4111 4112 4193  4111 4192 4193  4112 4113 4194  4112 4193 4194  4113 4114 4195  4113 4194 4195  4114 4115 4196  4114 4195 4196  4115 4116 4197  4115 4196 4197  4116 4117 4198  4116 4197 4198  4117 4118 4199  4117 4198 4199  4118 4119 4200  4118 4199 4200  4119 4120 4201  4119 4200 4201  4120 4121 4202  4120 4201 4202  4121 4122 4203  4121 4202 4203  4122 4123 4204  4122 4203 4204  4123 4124 4205  4123 4204 4205  4124 4125 4206  4124 4205 4206  4125 4126 4207  4125 4206 4207  4126 4127 4208  4126 4207 4208  4127 4128 4209  4127 4208 4209  4128 4129 4210  4128 4209 4210  4129 4130 4211  4129 4210 4211  4131 4132 4213  4131 4212 4213  4132 4133 4214  4132 4213 4214  4133 4134 4215  4133 4214 4215  4134 4135 4216  4134 4215 4216  4135 4136 4217  4135 4216 4217  4136 4137 4218  4136 4217 4218  4137 4138 4219  4137 4218 4219  4138 4139 4220  4138 4219 4220  4139 4140 4221  4139 4220 4221  4140 4141 4222  4140 4221 4222  4141 4142 4223  4141 4222 4223  4142 4143 4224  4142 4223 4224  4143 4144 4225  4143 4224 4225  4144 4145 4226  4144 4225 4226  4145 4146 4227  4145 4226 4227  4146 4147 4228  4146 4227 4228  4147 4148 4229  4147 4228 4229  4148 4149 4230  4148 4229 4230  4149 4150 4231  4149 4230 4231  4150 4151 4232  4150 4231 4232  4151 4152 4233  4151 4232 4233  4152 4153 4234  4152 4233 4234  4153 4154 4235  4153 4234 4235  4154 4155 4236  4154 4235 4236  4155 4156 4237  4155 4236 4237  4156 4157 4238  4156 4237 4238  4157 4158 4239  4157 4238 4239  4158 4159 4240  4158 4239 4240  4159 4160 4241  4159 4240 4241  4160 4161 4242  4160 4241 4242  4161 4162 4243  4161 4242 4243  4162 4163 4244  4162 4243 4244  4163 4164 4245  4163 4244 4245  4164 4165 4246  4164 4245 4246  4165 4166 4247  4165 4246 4247  4166 4167 4248  4166 4247 4248  4167 4168 4249  4167 4248 4249  4168 4169 4250  4168 4249 4250  4169 4170 4251  4169 4250 4251  4170 4171 4252  4170 4251 4252  4171 4172 4253  4171 4252 4253  4172 4173 4254  4172 4253 4254  4173 4174 4255  4173 4254 4255  4174 4175 4256  4174 4255 4256  4175 4176 4257  4175 4256 4257  4176 4177 4258  4176 4257 4258  4177 4178 4259  4177 4258 4259  4178 4179 4260  4178 4259 4260  4179 4180 4261  4179 4260 4261  4180 4181 4262  4180 4261 4262  4181 4182 4263  4181 4262 4263  4182 4183 4264  4182 4263 4264  4183 4184 4265  4183 4264 4265  4184 4185 4266  4184 4265 4266  4185 4186 4267  4185 4266 4267  4186 4187 4268  4186 4267 4268  4187 4188 4269  4187 4268 4269  4188 4189 4270  4188 4269 4270  4189 4190 4271  4189 4270 4271  4190 4191 4272  4190 4271 4272  4191 4192 4273  4191 4272 4273  4192 4193 4274  4192 4273 4274  4193 4194 4275  4193 4274 4275  4194 4195 4276  4194 4275 4276  4195 4196 4277  4195 4276 4277  4196 4197 4278  4196 4277 4278  4197 4198 4279  4197 4278 4279  4198 4199 4280  4198 4279 4280  4199 4200 4281  4199 4280 4281  4200 4201 4282  4200 4281 4282  4201 4202 4283  4201 4282 4283  4202 4203 4284  4202 4283 4284  4203 4204 4285  4203 4284 4285  4204 4205 4286  4204 4285 4286  4205 4206 4287  4205 4286 4287  4206 4207 4288  4206 4287 4288  4207 4208 4289  4207 4288 4289  4208 4209 4290  4208 4289 4290  4209 4210 4291  4209 4290 4291  4210 4211 4292  4210 4291 4292  4212 4213 4294  4212 4293 4294  4213 4214 4295  4213 4294 4295  4214 4215 4296  4214 4295 4296  4215 4216 4297  4215 4296 4297  4216 4217 4298  4216 4297 4298  4217 4218 4299  4217 4298 4299  4218 4219 4300  4218 4299 4300  4219 4220 4301  4219 4300 4301  4220 4221 4302  4220 4301 4302  4221 4222 4303  4221 4302 4303  4222 4223 4304  4222 4303 4304  4223 4224 4305  4223 4304 4305  4224 4225 4306  4224 4305 4306  4225 4226 4307  4225 4306 4307  4226 4227 4308  4226 4307 4308  4227 4228 4309  4227 4308 4309  4228 4229 4310  4228 4309 4310  4229 4230 4311  4229 4310 4311  4230 4231 4312  4230 4311 4312  4231 4232 4313  4231 4312 4313  4232 4233 4314  4232 4313 4314  4233 4234 4315  4233 4314 4315  4234 4235 4316  4234 4315 4316  4235 4236 4317  4235 4316 4317  4236 4237 4318  4236 4317 4318  4237 4238 4319  4237 4318 4319  4238 4239 4320  4238 4319 4320  4239 4240 4321  4239 4320 4321  4240 4241 4322  4240 4321 4322  4241 4242 4323  4241 4322 4323  4242 4243 4324  4242 4323 4324  4243 4244 4325  4243 4324 4325  4244 4245 4326  4244 4325 4326  4245 4246 4327  4245 4326 4327  4246 4247 4328  4246 4327 4328  4247 4248 4329  4247 4328 4329  4248 4249 4330  4248 4329 4330  4249 4250 4331  4249 4330 4331  4250 4251 4332  4250 4331 4332  4251 4252 4333  4251 4332 4333  4252 4253 4334  4252 4333 4334  4253 4254 4335  4253 4334 4335  4254 4255 4336  4254 4335 4336  4255 4256 4337  4255 4336 4337  4256 4257 4338  4256 4337 4338  4257 4258 4339  4257 4338 4339  4258 4259 4340  4258 4339 4340  4259 4260 4341  4259 4340 4341  4260 4261 4342  4260 4341 4342  4261 4262 4343  4261 4342 4343  4262 4263 4344  4262 4343 4344  4263 4264 4345  4263 4344 4345  4264 4265 4346  4264 4345 4346  4265 4266 4347  4265 4346 4347  4266 4267 4348  4266 4347 4348  4267 4268 4349  4267 4348 4349  4268 4269 4350  4268 4349 4350  4269 4270 4351  4269 4350 4351  4270 4271 4352  4270 4351 4352  4271 4272 4353  4271 4352 4353  4272 4273 4354  4272 4353 4354  4273 4274 4355  4273 4354 4355  4274 4275 4356  4274 4355 4356  4275 4276 4357  4275 4356 4357  4276 4277 4358  4276 4357 4358  4277 4278 4359  4277 4358 4359  4278 4279 4360  4278 4359 4360  4279 4280 4361  4279 4360 4361  4280 4281 4362  4280 4361 4362  4281 4282 4363  4281 4362 4363  4282 4283 4364  4282 4363 4364  4283 4284 4365  4283 4364 4365  4284 4285 4366  4284 4365 4366  4285 4286 4367  4285 4366 4367  4286 4287 4368  4286 4367 4368  4287 4288 4369  4287 4368 4369  4288 4289 4370  4288 4369 4370  4289 4290 4371  4289 4370 4371  4290 4291 4372  4290 4371 4372  4291 4292 4373  4291 4372 4373  4293 4294 4375  4293 4374 4375  4294 4295 4376  4294 4375 4376  4295 4296 4377  4295 4376 4377  4296 4297 4378  4296 4377 4378  4297 4298 4379  4297 4378 4379  4298 4299 4380  4298 4379 4380  4299 4300 4381  4299 4380 4381  4300 4301 4382  4300 4381 4382  4301 4302 4383  4301 4382 4383  4302 4303 4384  4302 4383 4384  4303 4304 4385  4303 4384 4385  4304 4305 4386  4304 4385 4386  4305 4306 4387  4305 4386 4387  4306 4307 4388  4306 4387 4388  4307 4308 4389  4307 4388 4389  4308 4309 4390  4308 4389 4390  4309 4310 4391  4309 4390 4391  4310 4311 4392  4310 4391 4392  4311 4312 4393  4311 4392 4393  4312 4313 4394  4312 4393 4394  4313 4314 4395  4313 4394 4395  4314 4315 4396  4314 4395 4396  4315 4316 4397  4315 4396 4397  4316 4317 4398  4316 4397 4398  4317 4318 4399  4317 4398 4399  4318 4319 4400  4318 4399 4400  4319 4320 4401  4319 4400 4401  4320 4321 4402  4320 4401 4402  4321 4322 4403  4321 4402 4403  4322 4323 4404  4322 4403 4404  4323 4324 4405  4323 4404 4405  4324 4325 4406  4324 4405 4406  4325 4326 4407  4325 4406 4407  4326 4327 4408  4326 4407 4408  4327 4328 4409  4327 4408 4409  4328 4329 4410  4328 4409 4410  4329 4330 4411  4329 4410 4411  4330 4331 4412  4330 4411 4412  4331 4332 4413  4331 4412 4413  4332 4333 4414  4332 4413 4414  4333 4334 4415  4333 4414 4415  4334 4335 4416  4334 4415 4416  4335 4336 4417  4335 4416 4417  4336 4337 4418  4336 4417 4418  4337 4338 4419  4337 4418 4419  4338 4339 4420  4338 4419 4420  4339 4340 4421  4339 4420 4421  4340 4341 4422  4340 4421 4422  4341 4342 4423  4341 4422 4423  4342 4343 4424  4342 4423 4424  4343 4344 4425  4343 4424 4425  4344 4345 4426  4344 4425 4426  4345 4346 4427  4345 4426 4427  4346 4347 4428  4346 4427 4428  4347 4348 4429  4347 4428 4429  4348 4349 4430  4348 4429 4430  4349 4350 4431  4349 4430 4431  4350 4351 4432  4350 4431 4432  4351 4352 4433  4351 4432 4433  4352 4353 4434  4352 4433 4434  4353 4354 4435  4353 4434 4435  4354 4355 4436  4354 4435 4436  4355 4356 4437  4355 4436 4437  4356 4357 4438  4356 4437 4438  4357 4358 4439  4357 4438 4439  4358 4359 4440  4358 4439 4440  4359 4360 4441  4359 4440 4441  4360 4361 4442  4360 4441 4442  4361 4362 4443  4361 4442 4443  4362 4363 4444  4362 4443 4444  4363 4364 4445  4363 4444 4445  4364 4365 4446  4364 4445 4446  4365 4366 4447  4365 4446 4447  4366 4367 4448  4366 4447 4448  4367 4368 4449  4367 4448 4449  4368 4369 4450  4368 4449 4450  4369 4370 4451  4369 4450 4451  4370 4371 4452  4370 4451 4452  4371 4372 4453  4371 4452 4453  4372 4373 4454  4372 4453 4454  4374 4375 4456  4374 4455 4456  4375 4376 4457  4375 4456 4457  4376 4377 4458  4376 4457 4458  4377 4378 4459  4377 4458 4459  4378 4379 4460  4378 4459 4460  4379 4380 4461  4379 4460 4461  4380 4381 4462  4380 4461 4462  4381 4382 4463  4381 4462 4463  4382 4383 4464  4382 4463 4464  4383 4384 4465  4383 4464 4465  4384 4385 4466  4384 4465 4466  4385 4386 4467  4385 4466 4467  4386 4387 4468  4386 4467 4468  4387 4388 4469  4387 4468 4469  4388 4389 4470  4388 4469 4470  4389 4390 4471  4389 4470 4471  4390 4391 4472  4390 4471 4472  4391 4392 4473  4391 4472 4473  4392 4393 4474  4392 4473 4474  4393 4394 4475  4393 4474 4475  4394 4395 4476  4394 4475 4476  4395 4396 4477  4395 4476 4477  4396 4397 4478  4396 4477 4478  4397 4398 4479  4397 4478 4479  4398 4399 4480  4398 4479 4480  4399 4400 4481  4399 4480 4481  4400 4401 4482  4400 4481 4482  4401 4402 4483  4401 4482 4483  4402 4403 4484  4402 4483 4484  4403 4404 4485  4403 4484 4485  4404 4405 4486  4404 4485 4486  4405 4406 4487  4405 4486 4487  4406 4407 4488  4406 4487 4488  4407 4408 4489  4407 4488 4489  4408 4409 4490  4408 4489 4490  4409 4410 4491  4409 4490 4491  4410 4411 4492  4410 4491 4492  4411 4412 4493  4411 4492 4493  4412 4413 4494  4412 4493 4494  4413 4414 4495  4413 4494 4495  4414 4415 4496  4414 4495 4496  4415 4416 4497  4415 4496 4497  4416 4417 4498  4416 4497 4498  4417 4418 4499  4417 4498 4499  4418 4419 4500  4418 4499 4500  4419 4420 4501  4419 4500 4501  4420 4421 4502  4420 4501 4502  4421 4422 4503  4421 4502 4503  4422 4423 4504  4422 4503 4504  4423 4424 4505  4423 4504 4505  4424 4425 4506  4424 4505 4506  4425 4426 4507  4425 4506 4507  4426 4427 4508  4426 4507 4508  4427 4428 4509  4427 4508 4509  4428 4429 4510  4428 4509 4510  4429 4430 4511  4429 4510 4511  4430 4431 4512  4430 4511 4512  4431 4432 4513  4431 4512 4513  4432 4433 4514  4432 4513 4514  4433 4434 4515  4433 4514 4515  4434 4435 4516  4434 4515 4516  4435 4436 4517  4435 4516 4517  4436 4437 4518  4436 4517 4518  4437 4438 4519  4437 4518 4519  4438 4439 4520  4438 4519 4520  4439 4440 4521  4439 4520 4521  4440 4441 4522  4440 4521 4522  4441 4442 4523  4441 4522 4523  4442 4443 4524  4442 4523 4524  4443 4444 4525  4443 4524 4525  4444 4445 4526  4444 4525 4526  4445 4446 4527  4445 4526 4527  4446 4447 4528  4446 4527 4528  4447 4448 4529  4447 4528 4529  4448 4449 4530  4448 4529 4530  4449 4450 4531  4449 4530 4531  4450 4451 4532  4450 4531 4532  4451 4452 4533  4451 4532 4533  4452 4453 4534  4452 4533 4534  4453 4454 4535  4453 4534 4535  4455 4456 4537  4455 4536 4537  4456 4457 4538  4456 4537 4538  4457 4458 4539  4457 4538 4539  4458 4459 4540  4458 4539 4540  4459 4460 4541  4459 4540 4541  4460 4461 4542  4460 4541 4542  4461 4462 4543  4461 4542 4543  4462 4463 4544  4462 4543 4544  4463 4464 4545  4463 4544 4545  4464 4465 4546  4464 4545 4546  4465 4466 4547  4465 4546 4547  4466 4467 4548  4466 4547 4548  4467 4468 4549  4467 4548 4549  4468 4469 4550  4468 4549 4550  4469 4470 4551  4469 4550 4551  4470 4471 4552  4470 4551 4552  4471 4472 4553  4471 4552 4553  4472 4473 4554  4472 4553 4554  4473 4474 4555  4473 4554 4555  4474 4475 4556  4474 4555 4556  4475 4476 4557  4475 4556 4557  4476 4477 4558  4476 4557 4558  4477 4478 4559  4477 4558 4559  4478 4479 4560  4478 4559 4560  4479 4480 4561  4479 4560 4561  4480 4481 4562  4480 4561 4562  4481 4482 4563  4481 4562 4563  4482 4483 4564  4482 4563 4564  4483 4484 4565  4483 4564 4565  4484 4485 4566  4484 4565 4566  4485 4486 4567  4485 4566 4567  4486 4487 4568  4486 4567 4568  4487 4488 4569  4487 4568 4569  4488 4489 4570  4488 4569 4570  4489 4490 4571  4489 4570 4571  4490 4491 4572  4490 4571 4572  4491 4492 4573  4491 4572 4573  4492 4493 4574  4492 4573 4574  4493 4494 4575  4493 4574 4575  4494 4495 4576  4494 4575 4576  4495 4496 4577  4495 4576 4577  4496 4497 4578  4496 4577 4578  4497 4498 4579  4497 4578 4579  4498 4499 4580  4498 4579 4580  4499 4500 4581  4499 4580 4581  4500 4501 4582  4500 4581 4582  4501 4502 4583  4501 4582 4583  4502 4503 4584  4502 4583 4584  4503 4504 4585  4503 4584 4585  4504 4505 4586  4504 4585 4586  4505 4506 4587  4505 4586 4587  4506 4507 4588  4506 4587 4588  4507 4508 4589  4507 4588 4589  4508 4509 4590  4508 4589 4590  4509 4510 4591  4509 4590 4591  4510 4511 4592  4510 4591 4592  4511 4512 4593  4511 4592 4593  4512 4513 4594  4512 4593 4594  4513 4514 4595  4513 4594 4595  4514 4515 4596  4514 4595 4596  4515 4516 4597  4515 4596 4597  4516 4517 4598  4516 4597 4598  4517 4518 4599  4517 4598 4599  4518 4519 4600  4518 4599 4600  4519 4520 4601  4519 4600 4601  4520 4521 4602  4520 4601 4602  4521 4522 4603  4521 4602 4603  4522 4523 4604  4522 4603 4604  4523 4524 4605  4523 4604 4605  4524 4525 4606  4524 4605 4606  4525 4526 4607  4525 4606 4607  4526 4527 4608  4526 4607 4608  4527 4528 4609  4527 4608 4609  4528 4529 4610  4528 4609 4610  4529 4530 4611  4529 4610 4611  4530 4531 4612  4530 4611 4612  4531 4532 4613  4531 4612 4613  4532 4533 4614  4532 4613 4614  4533 4534 4615  4533 4614 4615  4534 4535 4616  4534 4615 4616  4536 4537 4618  4536 4617 4618  4537 4538 4619  4537 4618 4619  4538 4539 4620  4538 4619 4620  4539 4540 4621  4539 4620 4621  4540 4541 4622  4540 4621 4622  4541 4542 4623  4541 4622 4623  4542 4543 4624  4542 4623 4624  4543 4544 4625  4543 4624 4625  4544 4545 4626  4544 4625 4626  4545 4546 4627  4545 4626 4627  4546 4547 4628  4546 4627 4628  4547 4548 4629  4547 4628 4629  4548 4549 4630  4548 4629 4630  4549 4550 4631  4549 4630 4631  4550 4551 4632  4550 4631 4632  4551 4552 4633  4551 4632 4633  4552 4553 4634  4552 4633 4634  4553 4554 4635  4553 4634 4635  4554 4555 4636  4554 4635 4636  4555 4556 4637  4555 4636 4637  4556 4557 4638  4556 4637 4638  4557 4558 4639  4557 4638 4639  4558 4559 4640  4558 4639 4640  4559 4560 4641  4559 4640 4641  4560 4561 4642  4560 4641 4642  4561 4562 4643  4561 4642 4643  4562 4563 4644  4562 4643 4644  4563 4564 4645  4563 4644 4645  4564 4565 4646  4564 4645 4646  4565 4566 4647  4565 4646 4647  4566 4567 4648  4566 4647 4648  4567 4568 4649  4567 4648 4649  4568 4569 4650  4568 4649 4650  4569 4570 4651  4569 4650 4651  4570 4571 4652  4570 4651 4652  4571 4572 4653  4571 4652 4653  4572 4573 4654  4572 4653 4654  4573 4574 4655  4573 4654 4655  4574 4575 4656  4574 4655 4656  4575 4576 4657  4575 4656 4657  4576 4577 4658  4576 4657 4658  4577 4578 4659  4577 4658 4659  4578 4579 4660  4578 4659 4660  4579 4580 4661  4579 4660 4661  4580 4581 4662  4580 4661 4662  4581 4582 4663  4581 4662 4663  4582 4583 4664  4582 4663 4664  4583 4584 4665  4583 4664 4665  4584 4585 4666  4584 4665 4666  4585 4586 4667  4585 4666 4667  4586 4587 4668  4586 4667 4668  4587 4588 4669  4587 4668 4669  4588 4589 4670  4588 4669 4670  4589 4590 4671  4589 4670 4671  4590 4591 4672  4590 4671 4672  4591 4592 4673  4591 4672 4673  4592 4593 4674  4592 4673 4674  4593 4594 4675  4593 4674 4675  4594 4595 4676  4594 4675 4676  4595 4596 4677  4595 4676 4677  4596 4597 4678  4596 4677 4678  4597 4598 4679  4597 4678 4679  4598 4599 4680  4598 4679 4680  4599 4600 4681  4599 4680 4681  4600 4601 4682  4600 4681 4682  4601 4602 4683  4601 4682 4683  4602 4603 4684  4602 4683 4684  4603 4604 4685  4603 4684 4685  4604 4605 4686  4604 4685 4686  4605 4606 4687  4605 4686 4687  4606 4607 4688  4606 4687 4688  4607 4608 4689  4607 4688 4689  4608 4609 4690  4608 4689 4690  4609 4610 4691  4609 4690 4691  4610 4611 4692  4610 4691 4692  4611 4612 4693  4611 4692 4693  4612 4613 4694  4612 4693 4694  4613 4614 4695  4613 4694 4695  4614 4615 4696  4614 4695 4696  4615 4616 4697  4615 4696 4697  4617 4618 4699  4617 4698 4699  4618 4619 4700  4618 4699 4700  4619 4620 4701  4619 4700 4701  4620 4621 4702  4620 4701 4702  4621 4622 4703  4621 4702 4703  4622 4623 4704  4622 4703 4704  4623 4624 4705  4623 4704 4705  4624 4625 4706  4624 4705 4706  4625 4626 4707  4625 4706 4707  4626 4627 4708  4626 4707 4708  4627 4628 4709  4627 4708 4709  4628 4629 4710  4628 4709 4710  4629 4630 4711  4629 4710 4711  4630 4631 4712  4630 4711 4712  4631 4632 4713  4631 4712 4713  4632 4633 4714  4632 4713 4714  4633 4634 4715  4633 4714 4715  4634 4635 4716  4634 4715 4716  4635 4636 4717  4635 4716 4717  4636 4637 4718  4636 4717 4718  4637 4638 4719  4637 4718 4719  4638 4639 4720  4638 4719 4720  4639 4640 4721  4639 4720 4721  4640 4641 4722  4640 4721 4722  4641 4642 4723  4641 4722 4723  4642 4643 4724  4642 4723 4724  4643 4644 4725  4643 4724 4725  4644 4645 4726  4644 4725 4726  4645 4646 4727  4645 4726 4727  4646 4647 4728  4646 4727 4728  4647 4648 4729  4647 4728 4729  4648 4649 4730  4648 4729 4730  4649 4650 4731  4649 4730 4731  4650 4651 4732  4650 4731 4732  4651 4652 4733  4651 4732 4733  4652 4653 4734  4652 4733 4734  4653 4654 4735  4653 4734 4735  4654 4655 4736  4654 4735 4736  4655 4656 4737  4655 4736 4737  4656 4657 4738  4656 4737 4738  4657 4658 4739  4657 4738 4739  4658 4659 4740  4658 4739 4740  4659 4660 4741  4659 4740 4741  4660 4661 4742  4660 4741 4742  4661 4662 4743  4661 4742 4743  4662 4663 4744  4662 4743 4744  4663 4664 4745  4663 4744 4745  4664 4665 4746  4664 4745 4746  4665 4666 4747  4665 4746 4747  4666 4667 4748  4666 4747 4748  4667 4668 4749  4667 4748 4749  4668 4669 4750  4668 4749 4750  4669 4670 4751  4669 4750 4751  4670 4671 4752  4670 4751 4752  4671 4672 4753  4671 4752 4753  4672 4673 4754  4672 4753 4754  4673 4674 4755  4673 4754 4755  4674 4675 4756  4674 4755 4756  4675 4676 4757  4675 4756 4757  4676 4677 4758  4676 4757 4758  4677 4678 4759  4677 4758 4759  4678 4679 4760  4678 4759 4760  4679 4680 4761  4679 4760 4761  4680 4681 4762  4680 4761 4762  4681 4682 4763  4681 4762 4763  4682 4683 4764  4682 4763 4764  4683 4684 4765  4683 4764 4765  4684 4685 4766  4684 4765 4766  4685 4686 4767  4685 4766 4767  4686 4687 4768  4686 4767 4768  4687 4688 4769  4687 4768 4769  4688 4689 4770  4688 4769 4770  4689 4690 4771  4689 4770 4771  4690 4691 4772  4690 4771 4772  4691 4692 4773  4691 4772 4773  4692 4693 4774  4692 4773 4774  4693 4694 4775  4693 4774 4775  4694 4695 4776  4694 4775 4776  4695 4696 4777  4695 4776 4777  4696 4697 4778  4696 4777 4778  4698 4699 4780  4698 4779 4780  4699 4700 4781  4699 4780 4781  4700 4701 4782  4700 4781 4782  4701 4702 4783  4701 4782 4783  4702 4703 4784  4702 4783 4784  4703 4704 4785  4703 4784 4785  4704 4705 4786  4704 4785 4786  4705 4706 4787  4705 4786 4787  4706 4707 4788  4706 4787 4788  4707 4708 4789  4707 4788 4789  4708 4709 4790  4708 4789 4790  4709 4710 4791  4709 4790 4791  4710 4711 4792  4710 4791 4792  4711 4712 4793  4711 4792 4793  4712 4713 4794  4712 4793 4794  4713 4714 4795  4713 4794 4795  4714 4715 4796  4714 4795 4796  4715 4716 4797  4715 4796 4797  4716 4717 4798  4716 4797 4798  4717 4718 4799  4717 4798 4799  4718 4719 4800  4718 4799 4800  4719 4720 4801  4719 4800 4801  4720 4721 4802  4720 4801 4802  4721 4722 4803  4721 4802 4803  4722 4723 4804  4722 4803 4804  4723 4724 4805  4723 4804 4805  4724 4725 4806  4724 4805 4806  4725 4726 4807  4725 4806 4807  4726 4727 4808  4726 4807 4808  4727 4728 4809  4727 4808 4809  4728 4729 4810  4728 4809 4810  4729 4730 4811  4729 4810 4811  4730 4731 4812  4730 4811 4812  4731 4732 4813  4731 4812 4813  4732 4733 4814  4732 4813 4814  4733 4734 4815  4733 4814 4815  4734 4735 4816  4734 4815 4816  4735 4736 4817  4735 4816 4817  4736 4737 4818  4736 4817 4818  4737 4738 4819  4737 4818 4819  4738 4739 4820  4738 4819 4820  4739 4740 4821  4739 4820 4821  4740 4741 4822  4740 4821 4822  4741 4742 4823  4741 4822 4823  4742 4743 4824  4742 4823 4824  4743 4744 4825  4743 4824 4825  4744 4745 4826  4744 4825 4826  4745 4746 4827  4745 4826 4827  4746 4747 4828  4746 4827 4828  4747 4748 4829  4747 4828 4829  4748 4749 4830  4748 4829 4830  4749 4750 4831  4749 4830 4831  4750 4751 4832  4750 4831 4832  4751 4752 4833  4751 4832 4833  4752 4753 4834  4752 4833 4834  4753 4754 4835  4753 4834 4835  4754 4755 4836  4754 4835 4836  4755 4756 4837  4755 4836 4837  4756 4757 4838  4756 4837 4838  4757 4758 4839  4757 4838 4839  4758 4759 4840  4758 4839 4840  4759 4760 4841  4759 4840 4841  4760 4761 4842  4760 4841 4842  4761 4762 4843  4761 4842 4843  4762 4763 4844  4762 4843 4844  4763 4764 4845  4763 4844 4845  4764 4765 4846  4764 4845 4846  4765 4766 4847  4765 4846 4847  4766 4767 4848  4766 4847 4848  4767 4768 4849  4767 4848 4849  4768 4769 4850  4768 4849 4850  4769 4770 4851  4769 4850 4851  4770 4771 4852  4770 4851 4852  4771 4772 4853  4771 4852 4853  4772 4773 4854  4772 4853 4854  4773 4774 4855  4773 4854 4855  4774 4775 4856  4774 4855 4856  4775 4776 4857  4775 4856 4857  4776 4777 4858  4776 4857 4858  4777 4778 4859  4777 4858 4859  4779 4780 4861  4779 4860 4861  4780 4781 4862  4780 4861 4862  4781 4782 4863  4781 4862 4863  4782 4783 4864  4782 4863 4864  4783 4784 4865  4783 4864 4865  4784 4785 4866  4784 4865 4866  4785 4786 4867  4785 4866 4867  4786 4787 4868  4786 4867 4868  4787 4788 4869  4787 4868 4869  4788 4789 4870  4788 4869 4870  4789 4790 4871  4789 4870 4871  4790 4791 4872  4790 4871 4872  4791 4792 4873  4791 4872 4873  4792 4793 4874  4792 4873 4874  4793 4794 4875  4793 4874 4875  4794 4795 4876  4794 4875 4876  4795 4796 4877  4795 4876 4877  4796 4797 4878  4796 4877 4878  4797 4798 4879  4797 4878 4879  4798 4799 4880  4798 4879 4880  4799 4800 4881  4799 4880 4881  4800 4801 4882  4800 4881 4882  4801 4802 4883  4801 4882 4883  4802 4803 4884  4802 4883 4884  4803 4804 4885  4803 4884 4885  4804 4805 4886  4804 4885 4886  4805 4806 4887  4805 4886 4887  4806 4807 4888  4806 4887 4888  4807 4808 4889  4807 4888 4889  4808 4809 4890  4808 4889 4890  4809 4810 4891  4809 4890 4891  4810 4811 4892  4810 4891 4892  4811 4812 4893  4811 4892 4893  4812 4813 4894  4812 4893 4894  4813 4814 4895  4813 4894 4895  4814 4815 4896  4814 4895 4896  4815 4816 4897  4815 4896 4897  4816 4817 4898  4816 4897 4898  4817 4818 4899  4817 4898 4899  4818 4819 4900  4818 4899 4900  4819 4820 4901  4819 4900 4901  4820 4821 4902  4820 4901 4902  4821 4822 4903  4821 4902 4903  4822 4823 4904  4822 4903 4904  4823 4824 4905  4823 4904 4905  4824 4825 4906  4824 4905 4906  4825 4826 4907  4825 4906 4907  4826 4827 4908  4826 4907 4908  4827 4828 4909  4827 4908 4909  4828 4829 4910  4828 4909 4910  4829 4830 4911  4829 4910 4911  4830 4831 4912  4830 4911 4912  4831 4832 4913  4831 4912 4913  4832 4833 4914  4832 4913 4914  4833 4834 4915  4833 4914 4915  4834 4835 4916  4834 4915 4916  4835 4836 4917  4835 4916 4917  4836 4837 4918  4836 4917 4918  4837 4838 4919  4837 4918 4919  4838 4839 4920  4838 4919 4920  4839 4840 4921  4839 4920 4921  4840 4841 4922  4840 4921 4922  4841 4842 4923  4841 4922 4923  4842 4843 4924  4842 4923 4924  4843 4844 4925  4843 4924 4925  4844 4845 4926  4844 4925 4926  4845 4846 4927  4845 4926 4927  4846 4847 4928  4846 4927 4928  4847 4848 4929  4847 4928 4929  4848 4849 4930  4848 4929 4930  4849 4850 4931  4849 4930 4931  4850 4851 4932  4850 4931 4932  4851 4852 4933  4851 4932 4933  4852 4853 4934  4852 4933 4934  4853 4854 4935  4853 4934 4935  4854 4855 4936  4854 4935 4936  4855 4856 4937  4855 4936 4937  4856 4857 4938  4856 4937 4938  4857 4858 4939  4857 4938 4939  4858 4859 4940  4858 4939 4940  4860 4861 4942  4860 4941 4942  4861 4862 4943  4861 4942 4943  4862 4863 4944  4862 4943 4944  4863 4864 4945  4863 4944 4945  4864 4865 4946  4864 4945 4946  4865 4866 4947  4865 4946 4947  4866 4867 4948  4866 4947 4948  4867 4868 4949  4867 4948 4949  4868 4869 4950  4868 4949 4950  4869 4870 4951  4869 4950 4951  4870 4871 4952  4870 4951 4952  4871 4872 4953  4871 4952 4953  4872 4873 4954  4872 4953 4954  4873 4874 4955  4873 4954 4955  4874 4875 4956  4874 4955 4956  4875 4876 4957  4875 4956 4957  4876 4877 4958  4876 4957 4958  4877 4878 4959  4877 4958 4959  4878 4879 4960  4878 4959 4960  4879 4880 4961  4879 4960 4961  4880 4881 4962  4880 4961 4962  4881 4882 4963  4881 4962 4963  4882 4883 4964  4882 4963 4964  4883 4884 4965  4883 4964 4965  4884 4885 4966  4884 4965 4966  4885 4886 4967  4885 4966 4967  4886 4887 4968  4886 4967 4968  4887 4888 4969  4887 4968 4969  4888 4889 4970  4888 4969 4970  4889 4890 4971  4889 4970 4971  4890 4891 4972  4890 4971 4972  4891 4892 4973  4891 4972 4973  4892 4893 4974  4892 4973 4974  4893 4894 4975  4893 4974 4975  4894 4895 4976  4894 4975 4976  4895 4896 4977  4895 4976 4977  4896 4897 4978  4896 4977 4978  4897 4898 4979  4897 4978 4979  4898 4899 4980  4898 4979 4980  4899 4900 4981  4899 4980 4981  4900 4901 4982  4900 4981 4982  4901 4902 4983  4901 4982 4983  4902 4903 4984  4902 4983 4984  4903 4904 4985  4903 4984 4985  4904 4905 4986  4904 4985 4986  4905 4906 4987  4905 4986 4987  4906 4907 4988  4906 4987 4988  4907 4908 4989  4907 4988 4989  4908 4909 4990  4908 4989 4990  4909 4910 4991  4909 4990 4991  4910 4911 4992  4910 4991 4992  4911 4912 4993  4911 4992 4993  4912 4913 4994  4912 4993 4994  4913 4914 4995  4913 4994 4995  4914 4915 4996  4914 4995 4996  4915 4916 4997  4915 4996 4997  4916 4917 4998  4916 4997 4998  4917 4918 4999  4917 4998 4999  4918 4919 5000  4918 4999 5000  4919 4920 5001  4919 5000 5001  4920 4921 5002  4920 5001 5002  4921 4922 5003  4921 5002 5003  4922 4923 5004  4922 5003 5004  4923 4924 5005  4923 5004 5005  4924 4925 5006  4924 5005 5006  4925 4926 5007  4925 5006 5007  4926 4927 5008  4926 5007 5008  4927 4928 5009  4927 5008 5009  4928 4929 5010  4928 5009 5010  4929 4930 5011  4929 5010 5011  4930 4931 5012  4930 5011 5012  4931 4932 5013  4931 5012 5013  4932 4933 5014  4932 5013 5014  4933 4934 5015  4933 5014 5015  4934 4935 5016  4934 5015 5016  4935 4936 5017  4935 5016 5017  4936 4937 5018  4936 5017 5018  4937 4938 5019  4937 5018 5019  4938 4939 5020  4938 5019 5020  4939 4940 5021  4939 5020 5021  4941 4942 5023  4941 5022 5023  4942 4943 5024  4942 5023 5024  4943 4944 5025  4943 5024 5025  4944 4945 5026  4944 5025 5026  4945 4946 5027  4945 5026 5027  4946 4947 5028  4946 5027 5028  4947 4948 5029  4947 5028 5029  4948 4949 5030  4948 5029 5030  4949 4950 5031  4949 5030 5031  4950 4951 5032  4950 5031 5032  4951 4952 5033  4951 5032 5033  4952 4953 5034  4952 5033 5034  4953 4954 5035  4953 5034 5035  4954 4955 5036  4954 5035 5036  4955 4956 5037  4955 5036 5037  4956 4957 5038  4956 5037 5038  4957 4958 5039  4957 5038 5039  4958 4959 5040  4958 5039 5040  4959 4960 5041  4959 5040 5041  4960 4961 5042  4960 5041 5042  4961 4962 5043  4961 5042 5043  4962 4963 5044  4962 5043 5044  4963 4964 5045  4963 5044 5045  4964 4965 5046  4964 5045 5046  4965 4966 5047  4965 5046 5047  4966 4967 5048  4966 5047 5048  4967 4968 5049  4967 5048 5049  4968 4969 5050  4968 5049 5050  4969 4970 5051  4969 5050 5051  4970 4971 5052  4970 5051 5052  4971 4972 5053  4971 5052 5053  4972 4973 5054  4972 5053 5054  4973 4974 5055  4973 5054 5055  4974 4975 5056  4974 5055 5056  4975 4976 5057  4975 5056 5057  4976 4977 5058  4976 5057 5058  4977 4978 5059  4977 5058 5059  4978 4979 5060  4978 5059 5060  4979 4980 5061  4979 5060 5061  4980 4981 5062  4980 5061 5062  4981 4982 5063  4981 5062 5063  4982 4983 5064  4982 5063 5064  4983 4984 5065  4983 5064 5065  4984 4985 5066  4984 5065 5066  4985 4986 5067  4985 5066 5067  4986 4987 5068  4986 5067 5068  4987 4988 5069  4987 5068 5069  4988 4989 5070  4988 5069 5070  4989 4990 5071  4989 5070 5071  4990 4991 5072  4990 5071 5072  4991 4992 5073  4991 5072 5073  4992 4993 5074  4992 5073 5074  4993 4994 5075  4993 5074 5075  4994 4995 5076  4994 5075 5076  4995 4996 5077  4995 5076 5077  4996 4997 5078  4996 5077 5078  4997 4998 5079  4997 5078 5079  4998 4999 5080  4998 5079 5080  4999 5000 5081  4999 5080 5081  5000 5001 5082  5000 5081 5082  5001 5002 5083  5001 5082 5083  5002 5003 5084  5002 5083 5084  5003 5004 5085  5003 5084 5085  5004 5005 5086  5004 5085 5086  5005 5006 5087  5005 5086 5087  5006 5007 5088  5006 5087 5088  5007 5008 5089  5007 5088 5089  5008 5009 5090  5008 5089 5090  5009 5010 5091  5009 5090 5091  5010 5011 5092  5010 5091 5092  5011 5012 5093  5011 5092 5093  5012 5013 5094  5012 5093 5094  5013 5014 5095  5013 5094 5095  5014 5015 5096  5014 5095 5096  5015 5016 5097  5015 5096 5097  5016 5017 5098  5016 5097 5098  5017 5018 5099  5017 5098 5099  5018 5019 5100  5018 5099 5100  5019 5020 5101  5019 5100 5101  5020 5021 5102  5020 5101 5102  5022 5023 5104  5022 5103 5104  5023 5024 5105  5023 5104 5105  5024 5025 5106  5024 5105 5106  5025 5026 5107  5025 5106 5107  5026 5027 5108  5026 5107 5108  5027 5028 5109  5027 5108 5109  5028 5029 5110  5028 5109 5110  5029 5030 5111  5029 5110 5111  5030 5031 5112  5030 5111 5112  5031 5032 5113  5031 5112 5113  5032 5033 5114  5032 5113 5114  5033 5034 5115  5033 5114 5115  5034 5035 5116  5034 5115 5116  5035 5036 5117  5035 5116 5117  5036 5037 5118  5036 5117 5118  5037 5038 5119  5037 5118 5119  5038 5039 5120  5038 5119 5120  5039 5040 5121  5039 5120 5121  5040 5041 5122  5040 5121 5122  5041 5042 5123  5041 5122 5123  5042 5043 5124  5042 5123 5124  5043 5044 5125  5043 5124 5125  5044 5045 5126  5044 5125 5126  5045 5046 5127  5045 5126 5127  5046 5047 5128  5046 5127 5128  5047 5048 5129  5047 5128 5129  5048 5049 5130  5048 5129 5130  5049 5050 5131  5049 5130 5131  5050 5051 5132  5050 5131 5132  5051 5052 5133  5051 5132 5133  5052 5053 5134  5052 5133 5134  5053 5054 5135  5053 5134 5135  5054 5055 5136  5054 5135 5136  5055 5056 5137  5055 5136 5137  5056 5057 5138  5056 5137 5138  5057 5058 5139  5057 5138 5139  5058 5059 5140  5058 5139 5140  5059 5060 5141  5059 5140 5141  5060 5061 5142  5060 5141 5142  5061 5062 5143  5061 5142 5143  5062 5063 5144  5062 5143 5144  5063 5064 5145  5063 5144 5145  5064 5065 5146  5064 5145 5146  5065 5066 5147  5065 5146 5147  5066 5067 5148  5066 5147 5148  5067 5068 5149  5067 5148 5149  5068 5069 5150  5068 5149 5150  5069 5070 5151  5069 5150 5151  5070 5071 5152  5070 5151 5152  5071 5072 5153  5071 5152 5153  5072 5073 5154  5072 5153 5154  5073 5074 5155  5073 5154 5155  5074 5075 5156  5074 5155 5156  5075 5076 5157  5075 5156 5157  5076 5077 5158  5076 5157 5158  5077 5078 5159  5077 5158 5159  5078 5079 5160  5078 5159 5160  5079 5080 5161  5079 5160 5161  5080 5081 5162  5080 5161 5162  5081 5082 5163  5081 5162 5163  5082 5083 5164  5082 5163 5164  5083 5084 5165  5083 5164 5165  5084 5085 5166  5084 5165 5166  5085 5086 5167  5085 5166 5167  5086 5087 5168  5086 5167 5168  5087 5088 5169  5087 5168 5169  5088 5089 5170  5088 5169 5170  5089 5090 5171  5089 5170 5171  5090 5091 5172  5090 5171 5172  5091 5092 5173  5091 5172 5173  5092 5093 5174  5092 5173 5174  5093 5094 5175  5093 5174 5175  5094 5095 5176  5094 5175 5176  5095 5096 5177  5095 5176 5177  5096 5097 5178  5096 5177 5178  5097 5098 5179  5097 5178 5179  5098 5099 5180  5098 5179 5180  5099 5100 5181  5099 5180 5181  5100 5101 5182  5100 5181 5182  5101 5102 5183  5101 5182 5183  5103 5104 5185  5103 5184 5185  5104 5105 5186  5104 5185 5186  5105 5106 5187  5105 5186 5187  5106 5107 5188  5106 5187 5188  5107 5108 5189  5107 5188 5189  5108 5109 5190  5108 5189 5190  5109 5110 5191  5109 5190 5191  5110 5111 5192  5110 5191 5192  5111 5112 5193  5111 5192 5193  5112 5113 5194  5112 5193 5194  5113 5114 5195  5113 5194 5195  5114 5115 5196  5114 5195 5196  5115 5116 5197  5115 5196 5197  5116 5117 5198  5116 5197 5198  5117 5118 5199  5117 5198 5199  5118 5119 5200  5118 5199 5200  5119 5120 5201  5119 5200 5201  5120 5121 5202  5120 5201 5202  5121 5122 5203  5121 5202 5203  5122 5123 5204  5122 5203 5204  5123 5124 5205  5123 5204 5205  5124 5125 5206  5124 5205 5206  5125 5126 5207  5125 5206 5207  5126 5127 5208  5126 5207 5208  5127 5128 5209  5127 5208 5209  5128 5129 5210  5128 5209 5210  5129 5130 5211  5129 5210 5211  5130 5131 5212  5130 5211 5212  5131 5132 5213  5131 5212 5213  5132 5133 5214  5132 5213 5214  5133 5134 5215  5133 5214 5215  5134 5135 5216  5134 5215 5216  5135 5136 5217  5135 5216 5217  5136 5137 5218  5136 5217 5218  5137 5138 5219  5137 5218 5219  5138 5139 5220  5138 5219 5220  5139 5140 5221  5139 5220 5221  5140 5141 5222  5140 5221 5222  5141 5142 5223  5141 5222 5223  5142 5143 5224  5142 5223 5224  5143 5144 5225  5143 5224 5225  5144 5145 5226  5144 5225 5226  5145 5146 5227  5145 5226 5227  5146 5147 5228  5146 5227 5228  5147 5148 5229  5147 5228 5229  5148 5149 5230  5148 5229 5230  5149 5150 5231  5149 5230 5231  5150 5151 5232  5150 5231 5232  5151 5152 5233  5151 5232 5233  5152 5153 5234  5152 5233 5234  5153 5154 5235  5153 5234 5235  5154 5155 5236  5154 5235 5236  5155 5156 5237  5155 5236 5237  5156 5157 5238  5156 5237 5238  5157 5158 5239  5157 5238 5239  5158 5159 5240  5158 5239 5240  5159 5160 5241  5159 5240 5241  5160 5161 5242  5160 5241 5242  5161 5162 5243  5161 5242 5243  5162 5163 5244  5162 5243 5244  5163 5164 5245  5163 5244 5245  5164 5165 5246  5164 5245 5246  5165 5166 5247  5165 5246 5247  5166 5167 5248  5166 5247 5248  5167 5168 5249  5167 5248 5249  5168 5169 5250  5168 5249 5250  5169 5170 5251  5169 5250 5251  5170 5171 5252  5170 5251 5252  5171 5172 5253  5171 5252 5253  5172 5173 5254  5172 5253 5254  5173 5174 5255  5173 5254 5255  5174 5175 5256  5174 5255 5256  5175 5176 5257  5175 5256 5257  5176 5177 5258  5176 5257 5258  5177 5178 5259  5177 5258 5259  5178 5179 5260  5178 5259 5260  5179 5180 5261  5179 5260 5261  5180 5181 5262  5180 5261 5262  5181 5182 5263  5181 5262 5263  5182 5183 5264  5182 5263 5264  5184 5185 5266  5184 5265 5266  5185 5186 5267  5185 5266 5267  5186 5187 5268  5186 5267 5268  5187 5188 5269  5187 5268 5269  5188 5189 5270  5188 5269 5270  5189 5190 5271  5189 5270 5271  5190 5191 5272  5190 5271 5272  5191 5192 5273  5191 5272 5273  5192 5193 5274  5192 5273 5274  5193 5194 5275  5193 5274 5275  5194 5195 5276  5194 5275 5276  5195 5196 5277  5195 5276 5277  5196 5197 5278  5196 5277 5278  5197 5198 5279  5197 5278 5279  5198 5199 5280  5198 5279 5280  5199 5200 5281  5199 5280 5281  5200 5201 5282  5200 5281 5282  5201 5202 5283  5201 5282 5283  5202 5203 5284  5202 5283 5284  5203 5204 5285  5203 5284 5285  5204 5205 5286  5204 5285 5286  5205 5206 5287  5205 5286 5287  5206 5207 5288  5206 5287 5288  5207 5208 5289  5207 5288 5289  5208 5209 5290  5208 5289 5290  5209 5210 5291  5209 5290 5291  5210 5211 5292  5210 5291 5292  5211 5212 5293  5211 5292 5293  5212 5213 5294  5212 5293 5294  5213 5214 5295  5213 5294 5295  5214 5215 5296  5214 5295 5296  5215 5216 5297  5215 5296 5297  5216 5217 5298  5216 5297 5298  5217 5218 5299  5217 5298 5299  5218 5219 5300  5218 5299 5300  5219 5220 5301  5219 5300 5301  5220 5221 5302  5220 5301 5302  5221 5222 5303  5221 5302 5303  5222 5223 5304  5222 5303 5304  5223 5224 5305  5223 5304 5305  5224 5225 5306  5224 5305 5306  5225 5226 5307  5225 5306 5307  5226 5227 5308  5226 5307 5308  5227 5228 5309  5227 5308 5309  5228 5229 5310  5228 5309 5310  5229 5230 5311  5229 5310 5311  5230 5231 5312  5230 5311 5312  5231 5232 5313  5231 5312 5313  5232 5233 5314  5232 5313 5314  5233 5234 5315  5233 5314 5315  5234 5235 5316  5234 5315 5316  5235 5236 5317  5235 5316 5317  5236 5237 5318  5236 5317 5318  5237 5238 5319  5237 5318 5319  5238 5239 5320  5238 5319 5320  5239 5240 5321  5239 5320 5321  5240 5241 5322  5240 5321 5322  5241 5242 5323  5241 5322 5323  5242 5243 5324  5242 5323 5324  5243 5244 5325  5243 5324 5325  5244 5245 5326  5244 5325 5326  5245 5246 5327  5245 5326 5327  5246 5247 5328  5246 5327 5328  5247 5248 5329  5247 5328 5329  5248 5249 5330  5248 5329 5330  5249 5250 5331  5249 5330 5331  5250 5251 5332  5250 5331 5332  5251 5252 5333  5251 5332 5333  5252 5253 5334  5252 5333 5334  5253 5254 5335  5253 5334 5335  5254 5255 5336  5254 5335 5336  5255 5256 5337  5255 5336 5337  5256 5257 5338  5256 5337 5338  5257 5258 5339  5257 5338 5339  5258 5259 5340  5258 5339 5340  5259 5260 5341  5259 5340 5341  5260 5261 5342  5260 5341 5342  5261 5262 5343  5261 5342 5343  5262 5263 5344  5262 5343 5344  5263 5264 5345  5263 5344 5345  5265 5266 5347  5265 5346 5347  5266 5267 5348  5266 5347 5348  5267 5268 5349  5267 5348 5349  5268 5269 5350  5268 5349 5350  5269 5270 5351  5269 5350 5351  5270 5271 5352  5270 5351 5352  5271 5272 5353  5271 5352 5353  5272 5273 5354  5272 5353 5354  5273 5274 5355  5273 5354 5355  5274 5275 5356  5274 5355 5356  5275 5276 5357  5275 5356 5357  5276 5277 5358  5276 5357 5358  5277 5278 5359  5277 5358 5359  5278 5279 5360  5278 5359 5360  5279 5280 5361  5279 5360 5361  5280 5281 5362  5280 5361 5362  5281 5282 5363  5281 5362 5363  5282 5283 5364  5282 5363 5364  5283 5284 5365  5283 5364 5365  5284 5285 5366  5284 5365 5366  5285 5286 5367  5285 5366 5367  5286 5287 5368  5286 5367 5368  5287 5288 5369  5287 5368 5369  5288 5289 5370  5288 5369 5370  5289 5290 5371  5289 5370 5371  5290 5291 5372  5290 5371 5372  5291 5292 5373  5291 5372 5373  5292 5293 5374  5292 5373 5374  5293 5294 5375  5293 5374 5375  5294 5295 5376  5294 5375 5376  5295 5296 5377  5295 5376 5377  5296 5297 5378  5296 5377 5378  5297 5298 5379  5297 5378 5379  5298 5299 5380  5298 5379 5380  5299 5300 5381  5299 5380 5381  5300 5301 5382  5300 5381 5382  5301 5302 5383  5301 5382 5383  5302 5303 5384  5302 5383 5384  5303 5304 5385  5303 5384 5385  5304 5305 5386  5304 5385 5386  5305 5306 5387  5305 5386 5387  5306 5307 5388  5306 5387 5388  5307 5308 5389  5307 5388 5389  5308 5309 5390  5308 5389 5390  5309 5310 5391  5309 5390 5391  5310 5311 5392  5310 5391 5392  5311 5312 5393  5311 5392 5393  5312 5313 5394  5312 5393 5394  5313 5314 5395  5313 5394 5395  5314 5315 5396  5314 5395 5396  5315 5316 5397  5315 5396 5397  5316 5317 5398  5316 5397 5398  5317 5318 5399  5317 5398 5399  5318 5319 5400  5318 5399 5400  5319 5320 5401  5319 5400 5401  5320 5321 5402  5320 5401 5402  5321 5322 5403  5321 5402 5403  5322 5323 5404  5322 5403 5404  5323 5324 5405  5323 5404 5405  5324 5325 5406  5324 5405 5406  5325 5326 5407  5325 5406 5407  5326 5327 5408  5326 5407 5408  5327 5328 5409  5327 5408 5409  5328 5329 5410  5328 5409 5410  5329 5330 5411  5329 5410 5411  5330 5331 5412  5330 5411 5412  5331 5332 5413  5331 5412 5413  5332 5333 5414  5332 5413 5414  5333 5334 5415  5333 5414 5415  5334 5335 5416  5334 5415 5416  5335 5336 5417  5335 5416 5417  5336 5337 5418  5336 5417 5418  5337 5338 5419  5337 5418 5419  5338 5339 5420  5338 5419 5420  5339 5340 5421  5339 5420 5421  5340 5341 5422  5340 5421 5422  5341 5342 5423  5341 5422 5423  5342 5343 5424  5342 5423 5424  5343 5344 5425  5343 5424 5425  5344 5345 5426  5344 5425 5426  5346 5347 5428  5346 5427 5428  5347 5348 5429  5347 5428 5429  5348 5349 5430  5348 5429 5430  5349 5350 5431  5349 5430 5431  5350 5351 5432  5350 5431 5432  5351 5352 5433  5351 5432 5433  5352 5353 5434  5352 5433 5434  5353 5354 5435  5353 5434 5435  5354 5355 5436  5354 5435 5436  5355 5356 5437  5355 5436 5437  5356 5357 5438  5356 5437 5438  5357 5358 5439  5357 5438 5439  5358 5359 5440  5358 5439 5440  5359 5360 5441  5359 5440 5441  5360 5361 5442  5360 5441 5442  5361 5362 5443  5361 5442 5443  5362 5363 5444  5362 5443 5444  5363 5364 5445  5363 5444 5445  5364 5365 5446  5364 5445 5446  5365 5366 5447  5365 5446 5447  5366 5367 5448  5366 5447 5448  5367 5368 5449  5367 5448 5449  5368 5369 5450  5368 5449 5450  5369 5370 5451  5369 5450 5451  5370 5371 5452  5370 5451 5452  5371 5372 5453  5371 5452 5453  5372 5373 5454  5372 5453 5454  5373 5374 5455  5373 5454 5455  5374 5375 5456  5374 5455 5456  5375 5376 5457  5375 5456 5457  5376 5377 5458  5376 5457 5458  5377 5378 5459  5377 5458 5459  5378 5379 5460  5378 5459 5460  5379 5380 5461  5379 5460 5461  5380 5381 5462  5380 5461 5462  5381 5382 5463  5381 5462 5463  5382 5383 5464  5382 5463 5464  5383 5384 5465  5383 5464 5465  5384 5385 5466  5384 5465 5466  5385 5386 5467  5385 5466 5467  5386 5387 5468  5386 5467 5468  5387 5388 5469  5387 5468 5469  5388 5389 5470  5388 5469 5470  5389 5390 5471  5389 5470 5471  5390 5391 5472  5390 5471 5472  5391 5392 5473  5391 5472 5473  5392 5393 5474  5392 5473 5474  5393 5394 5475  5393 5474 5475  5394 5395 5476  5394 5475 5476  5395 5396 5477  5395 5476 5477  5396 5397 5478  5396 5477 5478  5397 5398 5479  5397 5478 5479  5398 5399 5480  5398 5479 5480  5399 5400 5481  5399 5480 5481  5400 5401 5482  5400 5481 5482  5401 5402 5483  5401 5482 5483  5402 5403 5484  5402 5483 5484  5403 5404 5485  5403 5484 5485  5404 5405 5486  5404 5485 5486  5405 5406 5487  5405 5486 5487  5406 5407 5488  5406 5487 5488  5407 5408 5489  5407 5488 5489  5408 5409 5490  5408 5489 5490  5409 5410 5491  5409 5490 5491  5410 5411 5492  5410 5491 5492  5411 5412 5493  5411 5492 5493  5412 5413 5494  5412 5493 5494  5413 5414 5495  5413 5494 5495  5414 5415 5496  5414 5495 5496  5415 5416 5497  5415 5496 5497  5416 5417 5498  5416 5497 5498  5417 5418 5499  5417 5498 5499  5418 5419 5500  5418 5499 5500  5419 5420 5501  5419 5500 5501  5420 5421 5502  5420 5501 5502  5421 5422 5503  5421 5502 5503  5422 5423 5504  5422 5503 5504  5423 5424 5505  5423 5504 5505  5424 5425 5506  5424 5505 5506  5425 5426 5507  5425 5506 5507  5427 5428 5509  5427 5508 5509  5428 5429 5510  5428 5509 5510  5429 5430 5511  5429 5510 5511  5430 5431 5512  5430 5511 5512  5431 5432 5513  5431 5512 5513  5432 5433 5514  5432 5513 5514  5433 5434 5515  5433 5514 5515  5434 5435 5516  5434 5515 5516  5435 5436 5517  5435 5516 5517  5436 5437 5518  5436 5517 5518  5437 5438 5519  5437 5518 5519  5438 5439 5520  5438 5519 5520  5439 5440 5521  5439 5520 5521  5440 5441 5522  5440 5521 5522  5441 5442 5523  5441 5522 5523  5442 5443 5524  5442 5523 5524  5443 5444 5525  5443 5524 5525  5444 5445 5526  5444 5525 5526  5445 5446 5527  5445 5526 5527  5446 5447 5528  5446 5527 5528  5447 5448 5529  5447 5528 5529  5448 5449 5530  5448 5529 5530  5449 5450 5531  5449 5530 5531  5450 5451 5532  5450 5531 5532  5451 5452 5533  5451 5532 5533  5452 5453 5534  5452 5533 5534  5453 5454 5535  5453 5534 5535  5454 5455 5536  5454 5535 5536  5455 5456 5537  5455 5536 5537  5456 5457 5538  5456 5537 5538  5457 5458 5539  5457 5538 5539  5458 5459 5540  5458 5539 5540  5459 5460 5541  5459 5540 5541  5460 5461 5542  5460 5541 5542  5461 5462 5543  5461 5542 5543  5462 5463 5544  5462 5543 5544  5463 5464 5545  5463 5544 5545  5464 5465 5546  5464 5545 5546  5465 5466 5547  5465 5546 5547  5466 5467 5548  5466 5547 5548  5467 5468 5549  5467 5548 5549  5468 5469 5550  5468 5549 5550  5469 5470 5551  5469 5550 5551  5470 5471 5552  5470 5551 5552  5471 5472 5553  5471 5552 5553  5472 5473 5554  5472 5553 5554  5473 5474 5555  5473 5554 5555  5474 5475 5556  5474 5555 5556  5475 5476 5557  5475 5556 5557  5476 5477 5558  5476 5557 5558  5477 5478 5559  5477 5558 5559  5478 5479 5560  5478 5559 5560  5479 5480 5561  5479 5560 5561  5480 5481 5562  5480 5561 5562  5481 5482 5563  5481 5562 5563  5482 5483 5564  5482 5563 5564  5483 5484 5565  5483 5564 5565  5484 5485 5566  5484 5565 5566  5485 5486 5567  5485 5566 5567  5486 5487 5568  5486 5567 5568  5487 5488 5569  5487 5568 5569  5488 5489 5570  5488 5569 5570  5489 5490 5571  5489 5570 5571  5490 5491 5572  5490 5571 5572  5491 5492 5573  5491 5572 5573  5492 5493 5574  5492 5573 5574  5493 5494 5575  5493 5574 5575  5494 5495 5576  5494 5575 5576  5495 5496 5577  5495 5576 5577  5496 5497 5578  5496 5577 5578  5497 5498 5579  5497 5578 5579  5498 5499 5580  5498 5579 5580  5499 5500 5581  5499 5580 5581  5500 5501 5582  5500 5581 5582  5501 5502 5583  5501 5582 5583  5502 5503 5584  5502 5583 5584  5503 5504 5585  5503 5584 5585  5504 5505 5586  5504 5585 5586  5505 5506 5587  5505 5586 5587  5506 5507 5588  5506 5587 5588  5508 5509 5590  5508 5589 5590  5509 5510 5591  5509 5590 5591  5510 5511 5592  5510 5591 5592  5511 5512 5593  5511 5592 5593  5512 5513 5594  5512 5593 5594  5513 5514 5595  5513 5594 5595  5514 5515 5596  5514 5595 5596  5515 5516 5597  5515 5596 5597  5516 5517 5598  5516 5597 5598  5517 5518 5599  5517 5598 5599  5518 5519 5600  5518 5599 5600  5519 5520 5601  5519 5600 5601  5520 5521 5602  5520 5601 5602  5521 5522 5603  5521 5602 5603  5522 5523 5604  5522 5603 5604  5523 5524 5605  5523 5604 5605  5524 5525 5606  5524 5605 5606  5525 5526 5607  5525 5606 5607  5526 5527 5608  5526 5607 5608  5527 5528 5609  5527 5608 5609  5528 5529 5610  5528 5609 5610  5529 5530 5611  5529 5610 5611  5530 5531 5612  5530 5611 5612  5531 5532 5613  5531 5612 5613  5532 5533 5614  5532 5613 5614  5533 5534 5615  5533 5614 5615  5534 5535 5616  5534 5615 5616  5535 5536 5617  5535 5616 5617  5536 5537 5618  5536 5617 5618  5537 5538 5619  5537 5618 5619  5538 5539 5620  5538 5619 5620  5539 5540 5621  5539 5620 5621  5540 5541 5622  5540 5621 5622  5541 5542 5623  5541 5622 5623  5542 5543 5624  5542 5623 5624  5543 5544 5625  5543 5624 5625  5544 5545 5626  5544 5625 5626  5545 5546 5627  5545 5626 5627  5546 5547 5628  5546 5627 5628  5547 5548 5629  5547 5628 5629  5548 5549 5630  5548 5629 5630  5549 5550 5631  5549 5630 5631  5550 5551 5632  5550 5631 5632  5551 5552 5633  5551 5632 5633  5552 5553 5634  5552 5633 5634  5553 5554 5635  5553 5634 5635  5554 5555 5636  5554 5635 5636  5555 5556 5637  5555 5636 5637  5556 5557 5638  5556 5637 5638  5557 5558 5639  5557 5638 5639  5558 5559 5640  5558 5639 5640  5559 5560 5641  5559 5640 5641  5560 5561 5642  5560 5641 5642  5561 5562 5643  5561 5642 5643  5562 5563 5644  5562 5643 5644  5563 5564 5645  5563 5644 5645  5564 5565 5646  5564 5645 5646  5565 5566 5647  5565 5646 5647  5566 5567 5648  5566 5647 5648  5567 5568 5649  5567 5648 5649  5568 5569 5650  5568 5649 5650  5569 5570 5651  5569 5650 5651  5570 5571 5652  5570 5651 5652  5571 5572 5653  5571 5652 5653  5572 5573 5654  5572 5653 5654  5573 5574 5655  5573 5654 5655  5574 5575 5656  5574 5655 5656  5575 5576 5657  5575 5656 5657  5576 5577 5658  5576 5657 5658  5577 5578 5659  5577 5658 5659  5578 5579 5660  5578 5659 5660  5579 5580 5661  5579 5660 5661  5580 5581 5662  5580 5661 5662  5581 5582 5663  5581 5662 5663  5582 5583 5664  5582 5663 5664  5583 5584 5665  5583 5664 5665  5584 5585 5666  5584 5665 5666  5585 5586 5667  5585 5666 5667  5586 5587 5668  5586 5667 5668  5587 5588 5669  5587 5668 5669  5589 5590 5671  5589 5670 5671  5590 5591 5672  5590 5671 5672  5591 5592 5673  5591 5672 5673  5592 5593 5674  5592 5673 5674  5593 5594 5675  5593 5674 5675  5594 5595 5676  5594 5675 5676  5595 5596 5677  5595 5676 5677  5596 5597 5678  5596 5677 5678  5597 5598 5679  5597 5678 5679  5598 5599 5680  5598 5679 5680  5599 5600 5681  5599 5680 5681  5600 5601 5682  5600 5681 5682  5601 5602 5683  5601 5682 5683  5602 5603 5684  5602 5683 5684  5603 5604 5685  5603 5684 5685  5604 5605 5686  5604 5685 5686  5605 5606 5687  5605 5686 5687  5606 5607 5688  5606 5687 5688  5607 5608 5689  5607 5688 5689  5608 5609 5690  5608 5689 5690  5609 5610 5691  5609 5690 5691  5610 5611 5692  5610 5691 5692  5611 5612 5693  5611 5692 5693  5612 5613 5694  5612 5693 5694  5613 5614 5695  5613 5694 5695  5614 5615 5696  5614 5695 5696  5615 5616 5697  5615 5696 5697  5616 5617 5698  5616 5697 5698  5617 5618 5699  5617 5698 5699  5618 5619 5700  5618 5699 5700  5619 5620 5701  5619 5700 5701  5620 5621 5702  5620 5701 5702  5621 5622 5703  5621 5702 5703  5622 5623 5704  5622 5703 5704  5623 5624 5705  5623 5704 5705  5624 5625 5706  5624 5705 5706  5625 5626 5707  5625 5706 5707  5626 5627 5708  5626 5707 5708  5627 5628 5709  5627 5708 5709  5628 5629 5710  5628 5709 5710  5629 5630 5711  5629 5710 5711  5630 5631 5712  5630 5711 5712  5631 5632 5713  5631 5712 5713  5632 5633 5714  5632 5713 5714  5633 5634 5715  5633 5714 5715  5634 5635 5716  5634 5715 5716  5635 5636 5717  5635 5716 5717  5636 5637 5718  5636 5717 5718  5637 5638 5719  5637 5718 5719  5638 5639 5720  5638 5719 5720  5639 5640 5721  5639 5720 5721  5640 5641 5722  5640 5721 5722  5641 5642 5723  5641 5722 5723  5642 5643 5724  5642 5723 5724  5643 5644 5725  5643 5724 5725  5644 5645 5726  5644 5725 5726  5645 5646 5727  5645 5726 5727  5646 5647 5728  5646 5727 5728  5647 5648 5729  5647 5728 5729  5648 5649 5730  5648 5729 5730  5649 5650 5731  5649 5730 5731  5650 5651 5732  5650 5731 5732  5651 5652 5733  5651 5732 5733  5652 5653 5734  5652 5733 5734  5653 5654 5735  5653 5734 5735  5654 5655 5736  5654 5735 5736  5655 5656 5737  5655 5736 5737  5656 5657 5738  5656 5737 5738  5657 5658 5739  5657 5738 5739  5658 5659 5740  5658 5739 5740  5659 5660 5741  5659 5740 5741  5660 5661 5742  5660 5741 5742  5661 5662 5743  5661 5742 5743  5662 5663 5744  5662 5743 5744  5663 5664 5745  5663 5744 5745  5664 5665 5746  5664 5745 5746  5665 5666 5747  5665 5746 5747  5666 5667 5748  5666 5747 5748  5667 5668 5749  5667 5748 5749  5668 5669 5750  5668 5749 5750  5670 5671 5752  5670 5751 5752  5671 5672 5753  5671 5752 5753  5672 5673 5754  5672 5753 5754  5673 5674 5755  5673 5754 5755  5674 5675 5756  5674 5755 5756  5675 5676 5757  5675 5756 5757  5676 5677 5758  5676 5757 5758  5677 5678 5759  5677 5758 5759  5678 5679 5760  5678 5759 5760  5679 5680 5761  5679 5760 5761  5680 5681 5762  5680 5761 5762  5681 5682 5763  5681 5762 5763  5682 5683 5764  5682 5763 5764  5683 5684 5765  5683 5764 5765  5684 5685 5766  5684 5765 5766  5685 5686 5767  5685 5766 5767  5686 5687 5768  5686 5767 5768  5687 5688 5769  5687 5768 5769  5688 5689 5770  5688 5769 5770  5689 5690 5771  5689 5770 5771  5690 5691 5772  5690 5771 5772  5691 5692 5773  5691 5772 5773  5692 5693 5774  5692 5773 5774  5693 5694 5775  5693 5774 5775  5694 5695 5776  5694 5775 5776  5695 5696 5777  5695 5776 5777  5696 5697 5778  5696 5777 5778  5697 5698 5779  5697 5778 5779  5698 5699 5780  5698 5779 5780  5699 5700 5781  5699 5780 5781  5700 5701 5782  5700 5781 5782  5701 5702 5783  5701 5782 5783  5702 5703 5784  5702 5783 5784  5703 5704 5785  5703 5784 5785  5704 5705 5786  5704 5785 5786  5705 5706 5787  5705 5786 5787  5706 5707 5788  5706 5787 5788  5707 5708 5789  5707 5788 5789  5708 5709 5790  5708 5789 5790  5709 5710 5791  5709 5790 5791  5710 5711 5792  5710 5791 5792  5711 5712 5793  5711 5792 5793  5712 5713 5794  5712 5793 5794  5713 5714 5795  5713 5794 5795  5714 5715 5796  5714 5795 5796  5715 5716 5797  5715 5796 5797  5716 5717 5798  5716 5797 5798  5717 5718 5799  5717 5798 5799  5718 5719 5800  5718 5799 5800  5719 5720 5801  5719 5800 5801  5720 5721 5802  5720 5801 5802  5721 5722 5803  5721 5802 5803  5722 5723 5804  5722 5803 5804  5723 5724 5805  5723 5804 5805  5724 5725 5806  5724 5805 5806  5725 5726 5807  5725 5806 5807  5726 5727 5808  5726 5807 5808  5727 5728 5809  5727 5808 5809  5728 5729 5810  5728 5809 5810  5729 5730 5811  5729 5810 5811  5730 5731 5812  5730 5811 5812  5731 5732 5813  5731 5812 5813  5732 5733 5814  5732 5813 5814  5733 5734 5815  5733 5814 5815  5734 5735 5816  5734 5815 5816  5735 5736 5817  5735 5816 5817  5736 5737 5818  5736 5817 5818  5737 5738 5819  5737 5818 5819  5738 5739 5820  5738 5819 5820  5739 5740 5821  5739 5820 5821  5740 5741 5822  5740 5821 5822  5741 5742 5823  5741 5822 5823  5742 5743 5824  5742 5823 5824  5743 5744 5825  5743 5824 5825  5744 5745 5826  5744 5825 5826  5745 5746 5827  5745 5826 5827  5746 5747 5828  5746 5827 5828  5747 5748 5829  5747 5828 5829  5748 5749 5830  5748 5829 5830  5749 5750 5831  5749 5830 5831  5751 5752 5833  5751 5832 5833  5752 5753 5834  5752 5833 5834  5753 5754 5835  5753 5834 5835  5754 5755 5836  5754 5835 5836  5755 5756 5837  5755 5836 5837  5756 5757 5838  5756 5837 5838  5757 5758 5839  5757 5838 5839  5758 5759 5840  5758 5839 5840  5759 5760 5841  5759 5840 5841  5760 5761 5842  5760 5841 5842  5761 5762 5843  5761 5842 5843  5762 5763 5844  5762 5843 5844  5763 5764 5845  5763 5844 5845  5764 5765 5846  5764 5845 5846  5765 5766 5847  5765 5846 5847  5766 5767 5848  5766 5847 5848  5767 5768 5849  5767 5848 5849  5768 5769 5850  5768 5849 5850  5769 5770 5851  5769 5850 5851  5770 5771 5852  5770 5851 5852  5771 5772 5853  5771 5852 5853  5772 5773 5854  5772 5853 5854  5773 5774 5855  5773 5854 5855  5774 5775 5856  5774 5855 5856  5775 5776 5857  5775 5856 5857  5776 5777 5858  5776 5857 5858  5777 5778 5859  5777 5858 5859  5778 5779 5860  5778 5859 5860  5779 5780 5861  5779 5860 5861  5780 5781 5862  5780 5861 5862  5781 5782 5863  5781 5862 5863  5782 5783 5864  5782 5863 5864  5783 5784 5865  5783 5864 5865  5784 5785 5866  5784 5865 5866  5785 5786 5867  5785 5866 5867  5786 5787 5868  5786 5867 5868  5787 5788 5869  5787 5868 5869  5788 5789 5870  5788 5869 5870  5789 5790 5871  5789 5870 5871  5790 5791 5872  5790 5871 5872  5791 5792 5873  5791 5872 5873  5792 5793 5874  5792 5873 5874  5793 5794 5875  5793 5874 5875  5794 5795 5876  5794 5875 5876  5795 5796 5877  5795 5876 5877  5796 5797 5878  5796 5877 5878  5797 5798 5879  5797 5878 5879  5798 5799 5880  5798 5879 5880  5799 5800 5881  5799 5880 5881  5800 5801 5882  5800 5881 5882  5801 5802 5883  5801 5882 5883  5802 5803 5884  5802 5883 5884  5803 5804 5885  5803 5884 5885  5804 5805 5886  5804 5885 5886  5805 5806 5887  5805 5886 5887  5806 5807 5888  5806 5887 5888  5807 5808 5889  5807 5888 5889  5808 5809 5890  5808 5889 5890  5809 5810 5891  5809 5890 5891  5810 5811 5892  5810 5891 5892  5811 5812 5893  5811 5892 5893  5812 5813 5894  5812 5893 5894  5813 5814 5895  5813 5894 5895  5814 5815 5896  5814 5895 5896  5815 5816 5897  5815 5896 5897  5816 5817 5898  5816 5897 5898  5817 5818 5899  5817 5898 5899  5818 5819 5900  5818 5899 5900  5819 5820 5901  5819 5900 5901  5820 5821 5902  5820 5901 5902  5821 5822 5903  5821 5902 5903  5822 5823 5904  5822 5903 5904  5823 5824 5905  5823 5904 5905  5824 5825 5906  5824 5905 5906  5825 5826 5907  5825 5906 5907  5826 5827 5908  5826 5907 5908  5827 5828 5909  5827 5908 5909  5828 5829 5910  5828 5909 5910  5829 5830 5911  5829 5910 5911  5830 5831 5912  5830 5911 5912  5832 5833 5914  5832 5913 5914  5833 5834 5915  5833 5914 5915  5834 5835 5916  5834 5915 5916  5835 5836 5917  5835 5916 5917  5836 5837 5918  5836 5917 5918  5837 5838 5919  5837 5918 5919  5838 5839 5920  5838 5919 5920  5839 5840 5921  5839 5920 5921  5840 5841 5922  5840 5921 5922  5841 5842 5923  5841 5922 5923  5842 5843 5924  5842 5923 5924  5843 5844 5925  5843 5924 5925  5844 5845 5926  5844 5925 5926  5845 5846 5927  5845 5926 5927  5846 5847 5928  5846 5927 5928  5847 5848 5929  5847 5928 5929  5848 5849 5930  5848 5929 5930  5849 5850 5931  5849 5930 5931  5850 5851 5932  5850 5931 5932  5851 5852 5933  5851 5932 5933  5852 5853 5934  5852 5933 5934  5853 5854 5935  5853 5934 5935  5854 5855 5936  5854 5935 5936  5855 5856 5937  5855 5936 5937  5856 5857 5938  5856 5937 5938  5857 5858 5939  5857 5938 5939  5858 5859 5940  5858 5939 5940  5859 5860 5941  5859 5940 5941  5860 5861 5942  5860 5941 5942  5861 5862 5943  5861 5942 5943  5862 5863 5944  5862 5943 5944  5863 5864 5945  5863 5944 5945  5864 5865 5946  5864 5945 5946  5865 5866 5947  5865 5946 5947  5866 5867 5948  5866 5947 5948  5867 5868 5949  5867 5948 5949  5868 5869 5950  5868 5949 5950  5869 5870 5951  5869 5950 5951  5870 5871 5952  5870 5951 5952  5871 5872 5953  5871 5952 5953  5872 5873 5954  5872 5953 5954  5873 5874 5955  5873 5954 5955  5874 5875 5956  5874 5955 5956  5875 5876 5957  5875 5956 5957  5876 5877 5958  5876 5957 5958  5877 5878 5959  5877 5958 5959  5878 5879 5960  5878 5959 5960  5879 5880 5961  5879 5960 5961  5880 5881 5962  5880 5961 5962  5881 5882 5963  5881 5962 5963  5882 5883 5964  5882 5963 5964  5883 5884 5965  5883 5964 5965  5884 5885 5966  5884 5965 5966  5885 5886 5967  5885 5966 5967  5886 5887 5968  5886 5967 5968  5887 5888 5969  5887 5968 5969  5888 5889 5970  5888 5969 5970  5889 5890 5971  5889 5970 5971  5890 5891 5972  5890 5971 5972  5891 5892 5973  5891 5972 5973  5892 5893 5974  5892 5973 5974  5893 5894 5975  5893 5974 5975  5894 5895 5976  5894 5975 5976  5895 5896 5977  5895 5976 5977  5896 5897 5978  5896 5977 5978  5897 5898 5979  5897 5978 5979  5898 5899 5980  5898 5979 5980  5899 5900 5981  5899 5980 5981  5900 5901 5982  5900 5981 5982  5901 5902 5983  5901 5982 5983  5902 5903 5984  5902 5983 5984  5903 5904 5985  5903 5984 5985  5904 5905 5986  5904 5985 5986  5905 5906 5987  5905 5986 5987  5906 5907 5988  5906 5987 5988  5907 5908 5989  5907 5988 5989  5908 5909 5990  5908 5989 5990  5909 5910 5991  5909 5990 5991  5910 5911 5992  5910 5991 5992  5911 5912 5993  5911 5992 5993  5913 5914 5995  5913 5994 5995  5914 5915 5996  5914 5995 5996  5915 5916 5997  5915 5996 5997  5916 5917 5998  5916 5997 5998  5917 5918 5999  5917 5998 5999  5918 5919 6000  5918 5999 6000  5919 5920 6001  5919 6000 6001  5920 5921 6002  5920 6001 6002  5921 5922 6003  5921 6002 6003  5922 5923 6004  5922 6003 6004  5923 5924 6005  5923 6004 6005  5924 5925 6006  5924 6005 6006  5925 5926 6007  5925 6006 6007  5926 5927 6008  5926 6007 6008  5927 5928 6009  5927 6008 6009  5928 5929 6010  5928 6009 6010  5929 5930 6011  5929 6010 6011  5930 5931 6012  5930 6011 6012  5931 5932 6013  5931 6012 6013  5932 5933 6014  5932 6013 6014  5933 5934 6015  5933 6014 6015  5934 5935 6016  5934 6015 6016  5935 5936 6017  5935 6016 6017  5936 5937 6018  5936 6017 6018  5937 5938 6019  5937 6018 6019  5938 5939 6020  5938 6019 6020  5939 5940 6021  5939 6020 6021  5940 5941 6022  5940 6021 6022  5941 5942 6023  5941 6022 6023  5942 5943 6024  5942 6023 6024  5943 5944 6025  5943 6024 6025  5944 5945 6026  5944 6025 6026  5945 5946 6027  5945 6026 6027  5946 5947 6028  5946 6027 6028  5947 5948 6029  5947 6028 6029  5948 5949 6030  5948 6029 6030  5949 5950 6031  5949 6030 6031  5950 5951 6032  5950 6031 6032  5951 5952 6033  5951 6032 6033  5952 5953 6034  5952 6033 6034  5953 5954 6035  5953 6034 6035  5954 5955 6036  5954 6035 6036  5955 5956 6037  5955 6036 6037  5956 5957 6038  5956 6037 6038  5957 5958 6039  5957 6038 6039  5958 5959 6040  5958 6039 6040  5959 5960 6041  5959 6040 6041  5960 5961 6042  5960 6041 6042  5961 5962 6043  5961 6042 6043  5962 5963 6044  5962 6043 6044  5963 5964 6045  5963 6044 6045  5964 5965 6046  5964 6045 6046  5965 5966 6047  5965 6046 6047  5966 5967 6048  5966 6047 6048  5967 5968 6049  5967 6048 6049  5968 5969 6050  5968 6049 6050  5969 5970 6051  5969 6050 6051  5970 5971 6052  5970 6051 6052  5971 5972 6053  5971 6052 6053  5972 5973 6054  5972 6053 6054  5973 5974 6055  5973 6054 6055  5974 5975 6056  5974 6055 6056  5975 5976 6057  5975 6056 6057  5976 5977 6058  5976 6057 6058  5977 5978 6059  5977 6058 6059  5978 5979 6060  5978 6059 6060  5979 5980 6061  5979 6060 6061  5980 5981 6062  5980 6061 6062  5981 5982 6063  5981 6062 6063  5982 5983 6064  5982 6063 6064  5983 5984 6065  5983 6064 6065  5984 5985 6066  5984 6065 6066  5985 5986 6067  5985 6066 6067  5986 5987 6068  5986 6067 6068  5987 5988 6069  5987 6068 6069  5988 5989 6070  5988 6069 6070  5989 5990 6071  5989 6070 6071  5990 5991 6072  5990 6071 6072  5991 5992 6073  5991 6072 6073  5992 5993 6074  5992 6073 6074  5994 5995 6076  5994 6075 6076  5995 5996 6077  5995 6076 6077  5996 5997 6078  5996 6077 6078  5997 5998 6079  5997 6078 6079  5998 5999 6080  5998 6079 6080  5999 6000 6081  5999 6080 6081  6000 6001 6082  6000 6081 6082  6001 6002 6083  6001 6082 6083  6002 6003 6084  6002 6083 6084  6003 6004 6085  6003 6084 6085  6004 6005 6086  6004 6085 6086  6005 6006 6087  6005 6086 6087  6006 6007 6088  6006 6087 6088  6007 6008 6089  6007 6088 6089  6008 6009 6090  6008 6089 6090  6009 6010 6091  6009 6090 6091  6010 6011 6092  6010 6091 6092  6011 6012 6093  6011 6092 6093  6012 6013 6094  6012 6093 6094  6013 6014 6095  6013 6094 6095  6014 6015 6096  6014 6095 6096  6015 6016 6097  6015 6096 6097  6016 6017 6098  6016 6097 6098  6017 6018 6099  6017 6098 6099  6018 6019 6100  6018 6099 6100  6019 6020 6101  6019 6100 6101  6020 6021 6102  6020 6101 6102  6021 6022 6103  6021 6102 6103  6022 6023 6104  6022 6103 6104  6023 6024 6105  6023 6104 6105  6024 6025 6106  6024 6105 6106  6025 6026 6107  6025 6106 6107  6026 6027 6108  6026 6107 6108  6027 6028 6109  6027 6108 6109  6028 6029 6110  6028 6109 6110  6029 6030 6111  6029 6110 6111  6030 6031 6112  6030 6111 6112  6031 6032 6113  6031 6112 6113  6032 6033 6114  6032 6113 6114  6033 6034 6115  6033 6114 6115  6034 6035 6116  6034 6115 6116  6035 6036 6117  6035 6116 6117  6036 6037 6118  6036 6117 6118  6037 6038 6119  6037 6118 6119  6038 6039 6120  6038 6119 6120  6039 6040 6121  6039 6120 6121  6040 6041 6122  6040 6121 6122  6041 6042 6123  6041 6122 6123  6042 6043 6124  6042 6123 6124  6043 6044 6125  6043 6124 6125  6044 6045 6126  6044 6125 6126  6045 6046 6127  6045 6126 6127  6046 6047 6128  6046 6127 6128  6047 6048 6129  6047 6128 6129  6048 6049 6130  6048 6129 6130  6049 6050 6131  6049 6130 6131  6050 6051 6132  6050 6131 6132  6051 6052 6133  6051 6132 6133  6052 6053 6134  6052 6133 6134  6053 6054 6135  6053 6134 6135  6054 6055 6136  6054 6135 6136  6055 6056 6137  6055 6136 6137  6056 6057 6138  6056 6137 6138  6057 6058 6139  6057 6138 6139  6058 6059 6140  6058 6139 6140  6059 6060 6141  6059 6140 6141  6060 6061 6142  6060 6141 6142  6061 6062 6143  6061 6142 6143  6062 6063 6144  6062 6143 6144  6063 6064 6145  6063 6144 6145  6064 6065 6146  6064 6145 6146  6065 6066 6147  6065 6146 6147  6066 6067 6148  6066 6147 6148  6067 6068 6149  6067 6148 6149  6068 6069 6150  6068 6149 6150  6069 6070 6151  6069 6150 6151  6070 6071 6152  6070 6151 6152  6071 6072 6153  6071 6152 6153  6072 6073 6154  6072 6153 6154  6073 6074 6155  6073 6154 6155  6075 6076 6157  6075 6156 6157  6076 6077 6158  6076 6157 6158  6077 6078 6159  6077 6158 6159  6078 6079 6160  6078 6159 6160  6079 6080 6161  6079 6160 6161  6080 6081 6162  6080 6161 6162  6081 6082 6163  6081 6162 6163  6082 6083 6164  6082 6163 6164  6083 6084 6165  6083 6164 6165  6084 6085 6166  6084 6165 6166  6085 6086 6167  6085 6166 6167  6086 6087 6168  6086 6167 6168  6087 6088 6169  6087 6168 6169  6088 6089 6170  6088 6169 6170  6089 6090 6171  6089 6170 6171  6090 6091 6172  6090 6171 6172  6091 6092 6173  6091 6172 6173  6092 6093 6174  6092 6173 6174  6093 6094 6175  6093 6174 6175  6094 6095 6176  6094 6175 6176  6095 6096 6177  6095 6176 6177  6096 6097 6178  6096 6177 6178  6097 6098 6179  6097 6178 6179  6098 6099 6180  6098 6179 6180  6099 6100 6181  6099 6180 6181  6100 6101 6182  6100 6181 6182  6101 6102 6183  6101 6182 6183  6102 6103 6184  6102 6183 6184  6103 6104 6185  6103 6184 6185  6104 6105 6186  6104 6185 6186  6105 6106 6187  6105 6186 6187  6106 6107 6188  6106 6187 6188  6107 6108 6189  6107 6188 6189  6108 6109 6190  6108 6189 6190  6109 6110 6191  6109 6190 6191  6110 6111 6192  6110 6191 6192  6111 6112 6193  6111 6192 6193  6112 6113 6194  6112 6193 6194  6113 6114 6195  6113 6194 6195  6114 6115 6196  6114 6195 6196  6115 6116 6197  6115 6196 6197  6116 6117 6198  6116 6197 6198  6117 6118 6199  6117 6198 6199  6118 6119 6200  6118 6199 6200  6119 6120 6201  6119 6200 6201  6120 6121 6202  6120 6201 6202  6121 6122 6203  6121 6202 6203  6122 6123 6204  6122 6203 6204  6123 6124 6205  6123 6204 6205  6124 6125 6206  6124 6205 6206  6125 6126 6207  6125 6206 6207  6126 6127 6208  6126 6207 6208  6127 6128 6209  6127 6208 6209  6128 6129 6210  6128 6209 6210  6129 6130 6211  6129 6210 6211  6130 6131 6212  6130 6211 6212  6131 6132 6213  6131 6212 6213  6132 6133 6214  6132 6213 6214  6133 6134 6215  6133 6214 6215  6134 6135 6216  6134 6215 6216  6135 6136 6217  6135 6216 6217  6136 6137 6218  6136 6217 6218  6137 6138 6219  6137 6218 6219  6138 6139 6220  6138 6219 6220  6139 6140 6221  6139 6220 6221  6140 6141 6222  6140 6221 6222  6141 6142 6223  6141 6222 6223  6142 6143 6224  6142 6223 6224  6143 6144 6225  6143 6224 6225  6144 6145 6226  6144 6225 6226  6145 6146 6227  6145 6226 6227  6146 6147 6228  6146 6227 6228  6147 6148 6229  6147 6228 6229  6148 6149 6230  6148 6229 6230  6149 6150 6231  6149 6230 6231  6150 6151 6232  6150 6231 6232  6151 6152 6233  6151 6232 6233  6152 6153 6234  6152 6233 6234  6153 6154 6235  6153 6234 6235  6154 6155 6236  6154 6235 6236  6156 6157 6238  6156 6237 6238  6157 6158 6239  6157 6238 6239  6158 6159 6240  6158 6239 6240  6159 6160 6241  6159 6240 6241  6160 6161 6242  6160 6241 6242  6161 6162 6243  6161 6242 6243  6162 6163 6244  6162 6243 6244  6163 6164 6245  6163 6244 6245  6164 6165 6246  6164 6245 6246  6165 6166 6247  6165 6246 6247  6166 6167 6248  6166 6247 6248  6167 6168 6249  6167 6248 6249  6168 6169 6250  6168 6249 6250  6169 6170 6251  6169 6250 6251  6170 6171 6252  6170 6251 6252  6171 6172 6253  6171 6252 6253  6172 6173 6254  6172 6253 6254  6173 6174 6255  6173 6254 6255  6174 6175 6256  6174 6255 6256  6175 6176 6257  6175 6256 6257  6176 6177 6258  6176 6257 6258  6177 6178 6259  6177 6258 6259  6178 6179 6260  6178 6259 6260  6179 6180 6261  6179 6260 6261  6180 6181 6262  6180 6261 6262  6181 6182 6263  6181 6262 6263  6182 6183 6264  6182 6263 6264  6183 6184 6265  6183 6264 6265  6184 6185 6266  6184 6265 6266  6185 6186 6267  6185 6266 6267  6186 6187 6268  6186 6267 6268  6187 6188 6269  6187 6268 6269  6188 6189 6270  6188 6269 6270  6189 6190 6271  6189 6270 6271  6190 6191 6272  6190 6271 6272  6191 6192 6273  6191 6272 6273  6192 6193 6274  6192 6273 6274  6193 6194 6275  6193 6274 6275  6194 6195 6276  6194 6275 6276  6195 6196 6277  6195 6276 6277  6196 6197 6278  6196 6277 6278  6197 6198 6279  6197 6278 6279  6198 6199 6280  6198 6279 6280  6199 6200 6281  6199 6280 6281  6200 6201 6282  6200 6281 6282  6201 6202 6283  6201 6282 6283  6202 6203 6284  6202 6283 6284  6203 6204 6285  6203 6284 6285  6204 6205 6286  6204 6285 6286  6205 6206 6287  6205 6286 6287  6206 6207 6288  6206 6287 6288  6207 6208 6289  6207 6288 6289  6208 6209 6290  6208 6289 6290  6209 6210 6291  6209 6290 6291  6210 6211 6292  6210 6291 6292  6211 6212 6293  6211 6292 6293  6212 6213 6294  6212 6293 6294  6213 6214 6295  6213 6294 6295  6214 6215 6296  6214 6295 6296  6215 6216 6297  6215 6296 6297  6216 6217 6298  6216 6297 6298  6217 6218 6299  6217 6298 6299  6218 6219 6300  6218 6299 6300  6219 6220 6301  6219 6300 6301  6220 6221 6302  6220 6301 6302  6221 6222 6303  6221 6302 6303  6222 6223 6304  6222 6303 6304  6223 6224 6305  6223 6304 6305  6224 6225 6306  6224 6305 6306  6225 6226 6307  6225 6306 6307  6226 6227 6308  6226 6307 6308  6227 6228 6309  6227 6308 6309  6228 6229 6310  6228 6309 6310  6229 6230 6311  6229 6310 6311  6230 6231 6312  6230 6311 6312  6231 6232 6313  6231 6312 6313  6232 6233 6314  6232 6313 6314  6233 6234 6315  6233 6314 6315  6234 6235 6316  6234 6315 6316  6235 6236 6317  6235 6316 6317  6237 6238 6319  6237 6318 6319  6238 6239 6320  6238 6319 6320  6239 6240 6321  6239 6320 6321  6240 6241 6322  6240 6321 6322  6241 6242 6323  6241 6322 6323  6242 6243 6324  6242 6323 6324  6243 6244 6325  6243 6324 6325  6244 6245 6326  6244 6325 6326  6245 6246 6327  6245 6326 6327  6246 6247 6328  6246 6327 6328  6247 6248 6329  6247 6328 6329  6248 6249 6330  6248 6329 6330  6249 6250 6331  6249 6330 6331  6250 6251 6332  6250 6331 6332  6251 6252 6333  6251 6332 6333  6252 6253 6334  6252 6333 6334  6253 6254 6335  6253 6334 6335  6254 6255 6336  6254 6335 6336  6255 6256 6337  6255 6336 6337  6256 6257 6338  6256 6337 6338  6257 6258 6339  6257 6338 6339  6258 6259 6340  6258 6339 6340  6259 6260 6341  6259 6340 6341  6260 6261 6342  6260 6341 6342  6261 6262 6343  6261 6342 6343  6262 6263 6344  6262 6343 6344  6263 6264 6345  6263 6344 6345  6264 6265 6346  6264 6345 6346  6265 6266 6347  6265 6346 6347  6266 6267 6348  6266 6347 6348  6267 6268 6349  6267 6348 6349  6268 6269 6350  6268 6349 6350  6269 6270 6351  6269 6350 6351  6270 6271 6352  6270 6351 6352  6271 6272 6353  6271 6352 6353  6272 6273 6354  6272 6353 6354  6273 6274 6355  6273 6354 6355  6274 6275 6356  6274 6355 6356  6275 6276 6357  6275 6356 6357  6276 6277 6358  6276 6357 6358  6277 6278 6359  6277 6358 6359  6278 6279 6360  6278 6359 6360  6279 6280 6361  6279 6360 6361  6280 6281 6362  6280 6361 6362  6281 6282 6363  6281 6362 6363  6282 6283 6364  6282 6363 6364  6283 6284 6365  6283 6364 6365  6284 6285 6366  6284 6365 6366  6285 6286 6367  6285 6366 6367  6286 6287 6368  6286 6367 6368  6287 6288 6369  6287 6368 6369  6288 6289 6370  6288 6369 6370  6289 6290 6371  6289 6370 6371  6290 6291 6372  6290 6371 6372  6291 6292 6373  6291 6372 6373  6292 6293 6374  6292 6373 6374  6293 6294 6375  6293 6374 6375  6294 6295 6376  6294 6375 6376  6295 6296 6377  6295 6376 6377  6296 6297 6378  6296 6377 6378  6297 6298 6379  6297 6378 6379  6298 6299 6380  6298 6379 6380  6299 6300 6381  6299 6380 6381  6300 6301 6382  6300 6381 6382  6301 6302 6383  6301 6382 6383  6302 6303 6384  6302 6383 6384  6303 6304 6385  6303 6384 6385  6304 6305 6386  6304 6385 6386  6305 6306 6387  6305 6386 6387  6306 6307 6388  6306 6387 6388  6307 6308 6389  6307 6388 6389  6308 6309 6390  6308 6389 6390  6309 6310 6391  6309 6390 6391  6310 6311 6392  6310 6391 6392  6311 6312 6393  6311 6392 6393  6312 6313 6394  6312 6393 6394  6313 6314 6395  6313 6394 6395  6314 6315 6396  6314 6395 6396  6315 6316 6397  6315 6396 6397  6316 6317 6398  6316 6397 6398  6318 6319 6400  6318 6399 6400  6319 6320 6401  6319 6400 6401  6320 6321 6402  6320 6401 6402  6321 6322 6403  6321 6402 6403  6322 6323 6404  6322 6403 6404  6323 6324 6405  6323 6404 6405  6324 6325 6406  6324 6405 6406  6325 6326 6407  6325 6406 6407  6326 6327 6408  6326 6407 6408  6327 6328 6409  6327 6408 6409  6328 6329 6410  6328 6409 6410  6329 6330 6411  6329 6410 6411  6330 6331 6412  6330 6411 6412  6331 6332 6413  6331 6412 6413  6332 6333 6414  6332 6413 6414  6333 6334 6415  6333 6414 6415  6334 6335 6416  6334 6415 6416  6335 6336 6417  6335 6416 6417  6336 6337 6418  6336 6417 6418  6337 6338 6419  6337 6418 6419  6338 6339 6420  6338 6419 6420  6339 6340 6421  6339 6420 6421  6340 6341 6422  6340 6421 6422  6341 6342 6423  6341 6422 6423  6342 6343 6424  6342 6423 6424  6343 6344 6425  6343 6424 6425  6344 6345 6426  6344 6425 6426  6345 6346 6427  6345 6426 6427  6346 6347 6428  6346 6427 6428  6347 6348 6429  6347 6428 6429  6348 6349 6430  6348 6429 6430  6349 6350 6431  6349 6430 6431  6350 6351 6432  6350 6431 6432  6351 6352 6433  6351 6432 6433  6352 6353 6434  6352 6433 6434  6353 6354 6435  6353 6434 6435  6354 6355 6436  6354 6435 6436  6355 6356 6437  6355 6436 6437  6356 6357 6438  6356 6437 6438  6357 6358 6439  6357 6438 6439  6358 6359 6440  6358 6439 6440  6359 6360 6441  6359 6440 6441  6360 6361 6442  6360 6441 6442  6361 6362 6443  6361 6442 6443  6362 6363 6444  6362 6443 6444  6363 6364 6445  6363 6444 6445  6364 6365 6446  6364 6445 6446  6365 6366 6447  6365 6446 6447  6366 6367 6448  6366 6447 6448  6367 6368 6449  6367 6448 6449  6368 6369 6450  6368 6449 6450  6369 6370 6451  6369 6450 6451  6370 6371 6452  6370 6451 6452  6371 6372 6453  6371 6452 6453  6372 6373 6454  6372 6453 6454  6373 6374 6455  6373 6454 6455  6374 6375 6456  6374 6455 6456  6375 6376 6457  6375 6456 6457  6376 6377 6458  6376 6457 6458  6377 6378 6459  6377 6458 6459  6378 6379 6460  6378 6459 6460  6379 6380 6461  6379 6460 6461  6380 6381 6462  6380 6461 6462  6381 6382 6463  6381 6462 6463  6382 6383 6464  6382 6463 6464  6383 6384 6465  6383 6464 6465  6384 6385 6466  6384 6465 6466  6385 6386 6467  6385 6466 6467  6386 6387 6468  6386 6467 6468  6387 6388 6469  6387 6468 6469  6388 6389 6470  6388 6469 6470  6389 6390 6471  6389 6470 6471  6390 6391 6472  6390 6471 6472  6391 6392 6473  6391 6472 6473  6392 6393 6474  6392 6473 6474  6393 6394 6475  6393 6474 6475  6394 6395 6476  6394 6475 6476  6395 6396 6477  6395 6476 6477  6396 6397 6478  6396 6477 6478  6397 6398 6479  6397 6478 6479  6399 6400 6481  6399 6480 6481  6400 6401 6482  6400 6481 6482  6401 6402 6483  6401 6482 6483  6402 6403 6484  6402 6483 6484  6403 6404 6485  6403 6484 6485  6404 6405 6486  6404 6485 6486  6405 6406 6487  6405 6486 6487  6406 6407 6488  6406 6487 6488  6407 6408 6489  6407 6488 6489  6408 6409 6490  6408 6489 6490  6409 6410 6491  6409 6490 6491  6410 6411 6492  6410 6491 6492  6411 6412 6493  6411 6492 6493  6412 6413 6494  6412 6493 6494  6413 6414 6495  6413 6494 6495  6414 6415 6496  6414 6495 6496  6415 6416 6497  6415 6496 6497  6416 6417 6498  6416 6497 6498  6417 6418 6499  6417 6498 6499  6418 6419 6500  6418 6499 6500  6419 6420 6501  6419 6500 6501  6420 6421 6502  6420 6501 6502  6421 6422 6503  6421 6502 6503  6422 6423 6504  6422 6503 6504  6423 6424 6505  6423 6504 6505  6424 6425 6506  6424 6505 6506  6425 6426 6507  6425 6506 6507  6426 6427 6508  6426 6507 6508  6427 6428 6509  6427 6508 6509  6428 6429 6510  6428 6509 6510  6429 6430 6511  6429 6510 6511  6430 6431 6512  6430 6511 6512  6431 6432 6513  6431 6512 6513  6432 6433 6514  6432 6513 6514  6433 6434 6515  6433 6514 6515  6434 6435 6516  6434 6515 6516  6435 6436 6517  6435 6516 6517  6436 6437 6518  6436 6517 6518  6437 6438 6519  6437 6518 6519  6438 6439 6520  6438 6519 6520  6439 6440 6521  6439 6520 6521  6440 6441 6522  6440 6521 6522  6441 6442 6523  6441 6522 6523  6442 6443 6524  6442 6523 6524  6443 6444 6525  6443 6524 6525  6444 6445 6526  6444 6525 6526  6445 6446 6527  6445 6526 6527  6446 6447 6528  6446 6527 6528  6447 6448 6529  6447 6528 6529  6448 6449 6530  6448 6529 6530  6449 6450 6531  6449 6530 6531  6450 6451 6532  6450 6531 6532  6451 6452 6533  6451 6532 6533  6452 6453 6534  6452 6533 6534  6453 6454 6535  6453 6534 6535  6454 6455 6536  6454 6535 6536  6455 6456 6537  6455 6536 6537  6456 6457 6538  6456 6537 6538  6457 6458 6539  6457 6538 6539  6458 6459 6540  6458 6539 6540  6459 6460 6541  6459 6540 6541  6460 6461 6542  6460 6541 6542  6461 6462 6543  6461 6542 6543  6462 6463 6544  6462 6543 6544  6463 6464 6545  6463 6544 6545  6464 6465 6546  6464 6545 6546  6465 6466 6547  6465 6546 6547  6466 6467 6548  6466 6547 6548  6467 6468 6549  6467 6548 6549  6468 6469 6550  6468 6549 6550  6469 6470 6551  6469 6550 6551  6470 6471 6552  6470 6551 6552  6471 6472 6553  6471 6552 6553  6472 6473 6554  6472 6553 6554  6473 6474 6555  6473 6554 6555  6474 6475 6556  6474 6555 6556  6475 6476 6557  6475 6556 6557  6476 6477 6558  6476 6557 6558  6477 6478 6559  6477 6558 6559  6478 6479 6560  6478 6559 6560  </DataArray>
<DataArray  type="UInt32"  Name="offsets"  format="ascii">3 6 9 12 15 18 21 24 27 30 33 36 39 42 45 48 51 54 57 60 63 66 69 72 75 78 81 84 87 90 93 96 99 102 105 108 111 114 117 120 123 126 129 132 135 138 141 144 147 150 153 156 159 162 165 168 171 174 177 180 183 186 189 192 195 198 201 204 207 210 213 216 219 222 225 228 231 234 237 240 243 246 249 252 255 258 261 264 267 270 273 276 279 282 285 288 291 294 297 300 303 306 309 312 315 318 321 324 327 330 333 336 339 342 345 348 351 354 357 360 363 366 369 372 375 378 381 384 387 390 393 396 399 402 405 408 411 414 417 420 423 426 429 432 435 438 441 444 447 450 453 456 459 462 465 468 471 474 477 480 483 486 489 492 495 498 501 504 507 510 513 516 519 522 525 528 531 534 537 540 543 546 549 552 555 558 561 564 567 570 573 576 579 582 585 588 591 594 597 600 603 606 609 612 615 618 621 624 627 630 633 636 639 642 645 648 651 654 657 660 663 666 669 672 675 678 681 684 687 690 693 696 699 702 705 708 711 714 717 720 723 726 729 732 735 738 741 744 747 750 753 756 759 762 765 768 771 774 777 780 783 786 789 792 795 798 801 804 807 810 813 816 819 822 825 828 831 834 837 840 843 846 849 852 855 858 861 864 867 870 873 876 879 882 885 888 891 894 897 900 903 906 909 912 915 918 921 924 927 930 933 936 939 942 945 948 951 954 957 960 963 966 969 972 975 978 981 984 987 990 993 996 999 1002 1005 1008 1011 1014 1017 1020 1023 1026 1029 1032 1035 1038 1041 1044 1047 1050 1053 1056 1059 1062 1065 1068 1071 1074 1077 1080 1083 1086 1089 1092 1095 1098 1101 1104 1107 1110 1113 1116 1119 1122 1125 1128 1131 1134 1137 1140 1143 1146 1149 1152 1155 1158 1161 1164 1167 1170 1173 1176 1179 1182 1185 1188 1191 1194 1197 1200 1203 1206 1209 1212 1215 1218 1221 1224 1227 1230 1233 1236 1239 1242 1245 1248 1251 1254 1257 1260 1263 1266 1269 1272 1275 1278 1281 1284 1287 1290 1293 1296 1299 1302 1305 1308 1311 1314 1317 1320 1323 1326 1329 1332 1335 1338 1341 1344 1347 1350 1353 1356 1359 1362 1365 1368 1371 1374 1377 1380 1383 1386 1389 1392 1395 1398 1401 1404 1407 1410 1413 1416 1419 1422 1425 1428 1431 1434 1437 1440 1443 1446 1449 1452 1455 1458 1461 1464 1467 1470 1473 1476 1479 1482 1485 1488 1491 1494 1497 1500 1503 1506 1509 1512 1515 1518 1521 1524 1527 1530 1533 1536 1539 1542 1545 1548 1551 1554 1557 1560 1563 1566 1569 1572 1575 1578 1581 1584 1587 1590 1593 1596 1599 1602 1605 1608 1611 1614 1617 1620 1623 1626 1629 1632 1635 1638 1641 1644 1647 1650 1653 1656 1659 1662 1665 1668 1671 1674 1677 1680 1683 1686 1689 1692 1695 1698 1701 1704 1707 1710 1713 1716 1719 1722 1725 1728 1731 1734 1737 1740 1743 1746 1749 1752 1755 1758 1761 1764 1767 1770 1773 1776 1779 1782 1785 1788 1791 1794 1797 1800 1803 1806 1809 1812 1815 1818 1821 1824 1827 1830 1833 1836 1839 1842 1845 1848 1851 1854 1857 1860 1863 1866 1869 1872 1875 1878 1881 1884 1887 1890 1893 1896 1899 1902 1905 1908 1911 1914 1917 1920 1923 1926 1929 1932 1935 1938 1941 1944 1947 1950 1953 1956 1959 1962 1965 1968 1971 1974 1977 1980 1983 1986 1989 1992 1995 1998 2001 2004 2007 2010 2013 2016 2019 2022 2025 2028 2031 2034 2037 2040 2043 2046 2049 2052 2055 2058 2061 2064 2067 2070 2073 2076 2079 2082 2085 2088 2091 2094 2097 2100 2103 2106 2109 2112 2115 2118 2121 2124 2127 2130 2133 2136 2139 2142 2145 2148 2151 2154 2157 2160 2163 2166 2169 2172 2175 2178 2181 2184 2187 2190 2193 2196 2199 2202 2205 2208 2211 2214 2217 2220 2223 2226 2229 2232 2235 2238 2241 2244 2247 2250 2253 2256 2259 2262 2265 2268 2271 2274 2277 2280 2283 2286 2289 2292 2295 2298 2301 2304 2307 2310 2313 2316 2319 2322 2325 2328 2331 2334 2337 2340 2343 2346 2349 2352 2355 2358 2361 2364 2367 2370 2373 2376 2379 2382 2385 2388 2391 2394 2397 2400 2403 2406 2409 2412 2415 2418 2421 2424 2427 2430 2433 2436 2439 2442 2445 2448 2451 2454 2457 2460 2463 2466 2469 2472 2475 2478 2481 2484 2487 2490 2493 2496 2499 2502 2505 2508 2511 2514 2517 2520 2523 2526 2529 2532 2535 2538 2541 2544 2547 2550 2553 2556 2559 2562 2565 2568 2571 2574 2577 2580 2583 2586 2589 2592 2595 2598 2601 2604 2607 2610 2613 2616 2619 2622 2625 2628 2631 2634 2637 2640 2643 2646 2649 2652 2655 2658 2661 2664 2667 2670 2673 2676 2679 2682 2685 2688 2691 2694 2697 2700 2703 2706 2709 2712 2715 2718 2721 2724 2727 2730 2733 2736 2739 2742 2745 2748 2751 2754 2757 2760 2763 2766 2769 2772 2775 2778 2781 2784 2787 2790 2793 2796 2799 2802 2805 2808 2811 2814 2817 2820 2823 2826 2829 2832 2835 2838 2841 2844 2847 2850 2853 2856 2859 2862 2865 2868 2871 2874 2877 2880 2883 2886 2889 2892 2895 2898 2901 2904 2907 2910 2913 2916 2919 2922 2925 2928 2931 2934 2937 2940 2943 2946 2949 2952 2955 2958 2961 2964 2967 2970 2973 2976 2979 2982 2985 2988 2991 2994 2997 3000 3003 3006 3009 3012 3015 3018 3021 3024 3027 3030 3033 3036 3039 3042 3045 3048 3051 3054 3057 3060 3063 3066 3069 3072 3075 3078 3081 3084 3087 3090 3093 3096 3099 3102 3105 3108 3111 3114 3117 3120 3123 3126 3129 3132 3135 3138 3141 3144 3147 3150 3153 3156 3159 3162 3165 3168 3171 3174 3177 3180 3183 3186 3189 3192 3195 3198 3201 3204 3207 3210 3213 3216 3219 3222 3225 3228 3231 3234 3237 3240 3243 3246 3249 3252 3255 3258 3261 3264 3267 3270 3273 3276 3279 3282 3285 3288 3291 3294 3297 3300 3303 3306 3309 3312 3315 3318 3321 3324 3327 3330 3333 3336 3339 3342 3345 3348 3351 3354 3357 3360 3363 3366 3369 3372 3375 3378 3381 3384 3387 3390 3393 3396 3399 3402 3405 3408 3411 3414 3417 3420 3423 3426 3429 3432 3435 3438 3441 3444 3447 3450 3453 3456 3459 3462 3465 3468 3471 3474 3477 3480 3483 3486 3489 3492 3495 3498 3501 3504 3507 3510 3513 3516 3519 3522 3525 3528 3531 3534 3537 3540 3543 3546 3549 3552 3555 3558 3561 3564 3567 3570 3573 3576 3579 3582 3585 3588 3591 3594 3597 3600 3603 3606 3609 3612 3615 3618 3621 3624 3627 3630 3633 3636 3639 3642 3645 3648 3651 3654 3657 3660 3663 3666 3669 3672 3675 3678 3681 3684 3687 3690 3693 3696 3699 3702 3705 3708 3711 3714 3717 3720 3723 3726 3729 3732 3735 3738 3741 3744 3747 3750 3753 3756 3759 3762 3765 3768 3771 3774 3777 3780 3783 3786 3789 3792 3795 3798 3801 3804 3807 3810 3813 3816 3819 3822 3825 3828 3831 3834 3837 3840 3843 3846 3849 3852 3855 3858 3861 3864 3867 3870 3873 3876 3879 3882 3885 3888 3891 3894 3897 3900 3903 3906 3909 3912 3915 3918 3921 3924 3927 3930 3933 3936 3939 3942 3945 3948 3951 3954 3957 3960 3963 3966 3969 3972 3975 3978 3981 3984 3987 3990 3993 3996 3999 4002 4005 4008 4011 4014 4017 4020 4023 4026 4029 4032 4035 4038 4041 4044 4047 4050 4053 4056 4059 4062 4065 4068 4071 4074 4077 4080 4083 4086 4089 4092 4095 4098 4101 4104 4107 4110 4113 4116 4119 4122 4125 4128 4131 4134 4137 4140 4143 4146 4149 4152 4155 4158 4161 4164 4167 4170 4173 4176 4179 4182 4185 4188 4191 4194 4197 4200 4203 4206 4209 4212 4215 4218 4221 4224 4227 4230 4233 4236 4239 4242 4245 4248 4251 4254 4257 4260 4263 4266 4269 4272 4275 4278 4281 4284 4287 4290 4293 4296 4299 4302 4305 4308 4311 4314 4317 4320 4323 4326 4329 4332 4335 4338 4341 4344 4347 4350 4353 4356 4359 4362 4365 4368 4371 4374 4377 4380 4383 4386 4389 4392 4395 4398 4401 4404 4407 4410 4413 4416 4419 4422 4425 4428 4431 4434 4437 4440 4443 4446 4449 4452 4455 4458 4461 4464 4467 4470 4473 4476 4479 4482 4485 4488 4491 4494 4497 4500 4503 4506 4509 4512 4515 4518 4521 4524 4527 4530 4533 4536 4539 4542 4545 4548 4551 4554 4557 4560 4563 4566 4569 4572 4575 4578 4581 4584 4587 4590 4593 4596 4599 4602 4605 4608 4611 4614 4617 4620 4623 4626 4629 4632 4635 4638 4641 4644 4647 4650 4653 4656 4659 4662 4665 4668 4671 4674 4677 4680 4683 4686 4689 4692 4695 4698 4701 4704 4707 4710 4713 4716 4719 4722 4725 4728 4731 4734 4737 4740 4743 4746 4749 4752 4755 4758 4761 4764 4767 4770 4773 4776 4779 4782 4785 4788 4791 4794 4797 4800 4803 4806 4809 4812 4815 4818 4821 4824 4827 4830 4833 4836 4839 4842 4845 4848 4851 4854 4857 4860 4863 4866 4869 4872 4875 4878 4881 4884 4887 4890 4893 4896 4899 4902 4905 4908 4911 4914 4917 4920 4923 4926 4929 4932 4935 4938 4941 4944 4947 4950 4953 4956 4959 4962 4965 4968 4971 4974 4977 4980 4983 4986 4989 4992 4995 4998 5001 5004 5007 5010 5013 5016 5019 5022 5025 5028 5031 5034 5037 5040 5043 5046 5049 5052 5055 5058 5061 5064 5067 5070 5073 5076 5079 5082 5085 5088 5091 5094 5097 5100 5103 5106 5109 5112 5115 5118 5121 5124 5127 5130 5133 5136 5139 5142 5145 5148 5151 5154 5157 5160 5163 5166 5169 5172 5175 5178 5181 5184 5187 5190 5193 5196 5199 5202 5205 5208 5211 5214 5217 5220 5223 5226 5229 5232 5235 5238 5241 5244 5247 5250 5253 5256 5259 5262 5265 5268 5271 5274 5277 5280 5283 5286 5289 5292 5295 5298 5301 5304 5307 5310 5313 5316 5319 5322 5325 5328 5331 5334 5337 5340 5343 5346 5349 5352 5355 5358 5361 5364 5367 5370 5373 5376 5379 5382 5385 5388 5391 5394 5397 5400 5403 5406 5409 5412 5415 5418 5421 5424 5427 5430 5433 5436 5439 5442 5445 5448 5451 5454 5457 5460 5463 5466 5469 5472 5475 5478 5481 5484 5487 5490 5493 5496 5499 5502 5505 5508 5511 5514 5517 5520 5523 5526 5529 5532 5535 5538 5541 5544 5547 5550 5553 5556 5559 5562 5565 5568 5571 5574 5577 5580 5583 5586 5589 5592 5595 5598 5601 5604 5607 5610 5613 5616 5619 5622 5625 5628 5631 5634 5637 5640 5643 5646 5649 5652 5655 5658 5661 5664 5667 5670 5673 5676 5679 5682 5685 5688 5691 5694 5697 5700 5703 5706 5709 5712 5715 5718 5721 5724 5727 5730 5733 5736 5739 5742 5745 5748 5751 5754 5757 5760 5763 5766 5769 5772 5775 5778 5781 5784 5787 5790 5793 5796 5799 5802 5805 5808 5811 5814 5817 5820 5823 5826 5829 5832 5835 5838 5841 5844 5847 5850 5853 5856 5859 5862 5865 5868 5871 5874 5877 5880 5883 5886 5889 5892 5895 5898 5901 5904 5907 5910 5913 5916 5919 5922 5925 5928 5931 5934 5937 5940 5943 5946 5949 5952 5955 5958 5961 5964 5967 5970 5973 5976 5979 5982 5985 5988 5991 5994 5997 6000 6003 6006 6009 6012 6015 6018 6021 6024 6027 6030 6033 6036 6039 6042 6045 6048 6051 6054 6057 6060 6063 6066 6069 6072 6075 6078 6081 6084 6087 6090 6093 6096 6099 6102 6105 6108 6111 6114 6117 6120 6123 6126 6129 6132 6135 6138 6141 6144 6147 6150 6153 6156 6159 6162 6165 6168 6171 6174 6177 6180 6183 6186 6189 6192 6195 6198 6201 6204 6207 6210 6213 6216 6219 6222 6225 6228 6231 6234 6237 6240 6243 6246 6249 6252 6255 6258 6261 6264 6267 6270 6273 6276 6279 6282 6285 6288 6291 6294 6297 6300 6303 6306 6309 6312 6315 6318 6321 6324 6327 6330 6333 6336 6339 6342 6345 6348 6351 6354 6357 6360 6363 6366 6369 6372 6375 6378 6381 6384 6387 6390 6393 6396 6399 6402 6405 6408 6411 6414 6417 6420 6423 6426 6429 6432 6435 6438 6441 6444 6447 6450 6453 6456 6459 6462 6465 6468 6471 6474 6477 6480 6483 6486 6489 6492 6495 6498 6501 6504 6507 6510 6513 6516 6519 6522 6525 6528 6531 6534 6537 6540 6543 6546 6549 6552 6555 6558 6561 6564 6567 6570 6573 6576 6579 6582 6585 6588 6591 6594 6597 6600 6603 6606 6609 6612 6615 6618 6621 6624 6627 6630 6633 6636 6639 6642 6645 6648 6651 6654 6657 6660 6663 6666 6669 6672 6675 6678 6681 6684 6687 6690 6693 6696 6699 6702 6705 6708 6711 6714 6717 6720 6723 6726 6729 6732 6735 6738 6741 6744 6747 6750 6753 6756 6759 6762 6765 6768 6771 6774 6777 6780 6783 6786 6789 6792 6795 6798 6801 6804 6807 6810 6813 6816 6819 6822 6825 6828 6831 6834 6837 6840 6843 6846 6849 6852 6855 6858 6861 6864 6867 6870 6873 6876 6879 6882 6885 6888 6891 6894 6897 6900 6903 6906 6909 6912 6915 6918 6921 6924 6927 6930 6933 6936 6939 6942 6945 6948 6951 6954 6957 6960 6963 6966 6969 6972 6975 6978 6981 6984 6987 6990 6993 6996 6999 7002 7005 7008 7011 7014 7017 7020 7023 7026 7029 7032 7035 7038 7041 7044 7047 7050 7053 7056 7059 7062 7065 7068 7071 7074 7077 7080 7083 7086 7089 7092 7095 7098 7101 7104 7107 7110 7113 7116 7119 7122 7125 7128 7131 7134 7137 7140 7143 7146 7149 7152 7155 7158 7161 7164 7167 7170 7173 7176 7179 7182 7185 7188 7191 7194 7197 7200 7203 7206 7209 7212 7215 7218 7221 7224 7227 7230 7233 7236 7239 7242 7245 7248 7251 7254 7257 7260 7263 7266 7269 7272 7275 7278 7281 7284 7287 7290 7293 7296 7299 7302 7305 7308 7311 7314 7317 7320 7323 7326 7329 7332 7335 7338 7341 7344 7347 7350 7353 7356 7359 7362 7365 7368 7371 7374 7377 7380 7383 7386 7389 7392 7395 7398 7401 7404 7407 7410 7413 7416 7419 7422 7425 7428 7431 7434 7437 7440 7443 7446 7449 7452 7455 7458 7461 7464 7467 7470 7473 7476 7479 7482 7485 7488 7491 7494 7497 7500 7503 7506 7509 7512 7515 7518 7521 7524 7527 7530 7533 7536 7539 7542 7545 7548 7551 7554 7557 7560 7563 7566 7569 7572 7575 7578 7581 7584 7587 7590 7593 7596 7599 7602 7605 7608 7611 7614 7617 7620 7623 7626 7629 7632 7635 7638 7641 7644 7647 7650 7653 7656 7659 7662 7665 7668 7671 7674 7677 7680 7683 7686 7689 7692 7695 7698 7701 7704 7707 7710 7713 7716 7719 7722 7725 7728 7731 7734 7737 7740 7743 7746 7749 7752 7755 7758 7761 7764 7767 7770 7773 7776 7779 7782 7785 7788 7791 7794 7797 7800 7803 7806 7809 7812 7815 7818 7821 7824 7827 7830 7833 7836 7839 7842 7845 7848 7851 7854 7857 7860 7863 7866 7869 7872 7875 7878 7881 7884 7887 7890 7893 7896 7899 7902 7905 7908 7911 7914 7917 7920 7923 7926 7929 7932 7935 7938 7941 7944 7947 7950 7953 7956 7959 7962 7965 7968 7971 7974 7977 7980 7983 7986 7989 7992 7995 7998 8001 8004 8007 8010 8013 8016 8019 8022 8025 8028 8031 8034 8037 8040 8043 8046 8049 8052 8055 8058 8061 8064 8067 8070 8073 8076 8079 8082 8085 8088 8091 8094 8097 8100 8103 8106 8109 8112 8115 8118 8121 8124 8127 8130 8133 8136 8139 8142 8145 8148 8151 8154 8157 8160 8163 8166 8169 8172 8175 8178 8181 8184 8187 8190 8193 8196 8199 8202 8205 8208 8211 8214 8217 8220 8223 8226 8229 8232 8235 8238 8241 8244 8247 8250 8253 8256 8259 8262 8265 8268 8271 8274 8277 8280 8283 8286 8289 8292 8295 8298 8301 8304 8307 8310 8313 8316 8319 8322 8325 8328 8331 8334 8337 8340 8343 8346 8349 8352 8355 8358 8361 8364 8367 8370 8373 8376 8379 8382 8385 8388 8391 8394 8397 8400 8403 8406 8409 8412 8415 8418 8421 8424 8427 8430 8433 8436 8439 8442 8445 8448 8451 8454 8457 8460 8463 8466 8469 8472 8475 8478 8481 8484 8487 8490 8493 8496 8499 8502 8505 8508 8511 8514 8517 8520 8523 8526 8529 8532 8535 8538 8541 8544 8547 8550 8553 8556 8559 8562 8565 8568 8571 8574 8577 8580 8583 8586 8589 8592 8595 8598 8601 8604 8607 8610 8613 8616 8619 8622 8625 8628 8631 8634 8637 8640 8643 8646 8649 8652 8655 8658 8661 8664 8667 8670 8673 8676 8679 8682 8685 8688 8691 8694 8697 8700 8703 8706 8709 8712 8715 8718 8721 8724 8727 8730 8733 8736 8739 8742 8745 8748 8751 8754 8757 8760 8763 8766 8769 8772 8775 8778 8781 8784 8787 8790 8793 8796 8799 8802 8805 8808 8811 8814 8817 8820 8823 8826 8829 8832 8835 8838 8841 8844 8847 8850 8853 8856 8859 8862 8865 8868 8871 8874 8877 8880 8883 8886 8889 8892 8895 8898 8901 8904 8907 8910 8913 8916 8919 8922 8925 8928 8931 8934 8937 8940 8943 8946 8949 8952 8955 8958 8961 8964 8967 8970 8973 8976 8979 8982 8985 8988 8991 8994 8997 9000 9003 9006 9009 9012 9015 9018 9021 9024 9027 9030 9033 9036 9039 9042 9045 9048 9051 9054 9057 9060 9063 9066 9069 9072 9075 9078 9081 9084 9087 9090 9093 9096 9099 9102 9105 9108 9111 9114 9117 9120 9123 9126 9129 9132 9135 9138 9141 9144 9147 9150 9153 9156 9159 9162 9165 9168 9171 9174 9177 9180 9183 9186 9189 9192 9195 9198 9201 9204 9207 9210 9213 9216 9219 9222 9225 9228 9231 9234 9237 9240 9243 9246 9249 9252 9255 9258 9261 9264 9267 9270 9273 9276 9279 9282 9285 9288 9291 9294 9297 9300 9303 9306 9309 9312 9315 9318 9321 9324 9327 9330 9333 9336 9339 9342 9345 9348 9351 9354 9357 9360 9363 9366 9369 9372 9375 9378 9381 9384 9387 9390 9393 9396 9399 9402 9405 9408 9411 9414 9417 9420 9423 9426 9429 9432 9435 9438 9441 9444 9447 9450 9453 9456 9459 9462 9465 9468 9471 9474 9477 9480 9483 9486 9489 9492 9495 9498 9501 9504 9507 9510 9513 9516 9519 9522 9525 9528 9531 9534 9537 9540 9543 9546 9549 9552 9555 9558 9561 9564 9567 9570 9573 9576 9579 9582 9585 9588 9591 9594 9597 9600 9603 9606 9609 9612 9615 9618 9621 9624 9627 9630 9633 9636 9639 9642 9645 9648 9651 9654 9657 9660 9663 9666 9669 9672 9675 9678 9681 9684 9687 9690 9693 9696 9699 9702 9705 9708 9711 9714 9717 9720 9723 9726 9729 9732 9735 9738 9741 9744 9747 9750 9753 9756 9759 9762 9765 9768 9771 9774 9777 9780 9783 9786 9789 9792 9795 9798 9801 9804 9807 9810 9813 9816 9819 9822 9825 9828 9831 9834 9837 9840 9843 9846 9849 9852 9855 9858 9861 9864 9867 9870 9873 9876 9879 9882 9885 9888 9891 9894 9897 9900 9903 9906 9909 9912 9915 9918 9921 9924 9927 9930 9933 9936 9939 9942 9945 9948 9951 9954 9957 9960 9963 9966 9969 9972 9975 9978 9981 9984 9987 9990 9993 9996 9999 10002 10005 10008 10011 10014 10017 10020 10023 10026 10029 10032 10035 10038 10041 10044 10047 10050 10053 10056 10059 10062 10065 10068 10071 10074 10077 10080 10083 10086 10089 10092 10095 10098 10101 10104 10107 10110 10113 10116 10119 10122 10125 10128 10131 10134 10137 10140 10143 10146 10149 10152 10155 10158 10161 10164 10167 10170 10173 10176 10179 10182 10185 10188 10191 10194 10197 10200 10203 10206 10209 10212 10215 10218 10221 10224 10227 10230 10233 10236 10239 10242 10245 10248 10251 10254 10257 10260 10263 10266 10269 10272 10275 10278 10281 10284 10287 10290 10293 10296 10299 10302 10305 10308 10311 10314 10317 10320 10323 10326 10329 10332 10335 10338 10341 10344 10347 10350 10353 10356 10359 10362 10365 10368 10371 10374 10377 10380 10383 10386 10389 10392 10395 10398 10401 10404 10407 10410 10413 10416 10419 10422 10425 10428 10431 10434 10437 10440 10443 10446 10449 10452 10455 10458 10461 10464 10467 10470 10473 10476 10479 10482 10485 10488 10491 10494 10497 10500 10503 10506 10509 10512 10515 10518 10521 10524 10527 10530 10533 10536 10539 10542 10545 10548 10551 10554 10557 10560 10563 10566 10569 10572 10575 10578 10581 10584 10587 10590 10593 10596 10599 10602 10605 10608 10611 10614 10617 10620 10623 10626 10629 10632 10635 10638 10641 10644 10647 10650 10653 10656 10659 10662 10665 10668 10671 10674 10677 10680 10683 10686 10689 10692 10695 10698 10701 10704 10707 10710 10713 10716 10719 10722 10725 10728 10731 10734 10737 10740 10743 10746 10749 10752 10755 10758 10761 10764 10767 10770 10773 10776 10779 10782 10785 10788 10791 10794 10797 10800 10803 10806 10809 10812 10815 10818 10821 10824 10827 10830 10833 10836 10839 10842 10845 10848 10851 10854 10857 10860 10863 10866 10869 10872 10875 10878 10881 10884 10887 10890 10893 10896 10899 10902 10905 10908 10911 10914 10917 10920 10923 10926 10929 10932 10935 10938 10941 10944 10947 10950 10953 10956 10959 10962 10965 10968 10971 10974 10977 10980 10983 10986 10989 10992 10995 10998 11001 11004 11007 11010 11013 11016 11019 11022 11025 11028 11031 11034 11037 11040 11043 11046 11049 11052 11055 11058 11061 11064 11067 11070 11073 11076 11079 11082 11085 11088 11091 11094 11097 11100 11103 11106 11109 11112 11115 11118 11121 11124 11127 11130 11133 11136 11139 11142 11145 11148 11151 11154 11157 11160 11163 11166 11169 11172 11175 11178 11181 11184 11187 11190 11193 11196 11199 11202 11205 11208 11211 11214 11217 11220 11223 11226 11229 11232 11235 11238 11241 11244 11247 11250 11253 11256 11259 11262 11265 11268 11271 11274 11277 11280 11283 11286 11289 11292 11295 11298 11301 11304 11307 11310 11313 11316 11319 11322 11325 11328 11331 11334 11337 11340 11343 11346 11349 11352 11355 11358 11361 11364 11367 11370 11373 11376 11379 11382 11385 11388 11391 11394 11397 11400 11403 11406 11409 11412 11415 11418 11421 11424 11427 11430 11433 11436 11439 11442 11445 11448 11451 11454 11457 11460 11463 11466 11469 11472 11475 11478 11481 11484 11487 11490 11493 11496 11499 11502 11505 11508 11511 11514 11517 11520 11523 11526 11529 11532 11535 11538 11541 11544 11547 11550 11553 11556 11559 11562 11565 11568 11571 11574 11577 11580 11583 11586 11589 11592 11595 11598 11601 11604 11607 11610 11613 11616 11619 11622 11625 11628 11631 11634 11637 11640 11643 11646 11649 11652 11655 11658 11661 11664 11667 11670 11673 11676 11679 11682 11685 11688 11691 11694 11697 11700 11703 11706 11709 11712 11715 11718 11721 11724 11727 11730 11733 11736 11739 11742 11745 11748 11751 11754 11757 11760 11763 11766 11769 11772 11775 11778 11781 11784 11787 11790 11793 11796 11799 11802 11805 11808 11811 11814 11817 11820 11823 11826 11829 11832 11835 11838 11841 11844 11847 11850 11853 11856 11859 11862 11865 11868 11871 11874 11877 11880 11883 11886 11889 11892 11895 11898 11901 11904 11907 11910 11913 11916 11919 11922 11925 11928 11931 11934 11937 11940 11943 11946 11949 11952 11955 11958 11961 11964 11967 11970 11973 11976 11979 11982 11985 11988 11991 11994 11997 12000 12003 12006 12009 12012 12015 12018 12021 12024 12027 12030 12033 12036 12039 12042 12045 12048 12051 12054 12057 12060 12063 12066 12069 12072 12075 12078 12081 12084 12087 12090 12093 12096 12099 12102 12105 12108 12111 12114 12117 12120 12123 12126 12129 12132 12135 12138 12141 12144 12147 12150 12153 12156 12159 12162 12165 12168 12171 12174 12177 12180 12183 12186 12189 12192 12195 12198 12201 12204 12207 12210 12213 12216 12219 12222 12225 12228 12231 12234 12237 12240 12243 12246 12249 12252 12255 12258 12261 12264 12267 12270 12273 12276 12279 12282 12285 12288 12291 12294 12297 12300 12303 12306 12309 12312 12315 12318 12321 12324 12327 12330 12333 12336 12339 12342 12345 12348 12351 12354 12357 12360 12363 12366 12369 12372 12375 12378 12381 12384 12387 12390 12393 12396 12399 12402 12405 12408 12411 12414 12417 12420 12423 12426 12429 12432 12435 12438 12441 12444 12447 12450 12453 12456 12459 12462 12465 12468 12471 12474 12477 12480 12483 12486 12489 12492 12495 12498 12501 12504 12507 12510 12513 12516 12519 12522 12525 12528 12531 12534 12537 12540 12543 12546 12549 12552 12555 12558 12561 12564 12567 12570 12573 12576 12579 12582 12585 12588 12591 12594 12597 12600 12603 12606 12609 12612 12615 12618 12621 12624 12627 12630 12633 12636 12639 12642 12645 12648 12651 12654 12657 12660 12663 12666 12669 12672 12675 12678 12681 12684 12687 12690 12693 12696 12699 12702 12705 12708 12711 12714 12717 12720 12723 12726 12729 12732 12735 12738 12741 12744 12747 12750 12753 12756 12759 12762 12765 12768 12771 12774 12777 12780 12783 12786 12789 12792 12795 12798 12801 12804 12807 12810 12813 12816 12819 12822 12825 12828 12831 12834 12837 12840 12843 12846 12849 12852 12855 12858 12861 12864 12867 12870 12873 12876 12879 12882 12885 12888 12891 12894 12897 12900 12903 12906 12909 12912 12915 12918 12921 12924 12927 12930 12933 12936 12939 12942 12945 12948 12951 12954 12957 12960 12963 12966 12969 12972 12975 12978 12981 12984 12987 12990 12993 12996 12999 13002 13005 13008 13011 13014 13017 13020 13023 13026 13029 13032 13035 13038 13041 13044 13047 13050 13053 13056 13059 13062 13065 13068 13071 13074 13077 13080 13083 13086 13089 13092 13095 13098 13101 13104 13107 13110 13113 13116 13119 13122 13125 13128 13131 13134 13137 13140 13143 13146 13149 13152 13155 13158 13161 13164 13167 13170 13173 13176 13179 13182 13185 13188 13191 13194 13197 13200 13203 13206 13209 13212 13215 13218 13221 13224 13227 13230 13233 13236 13239 13242 13245 13248 13251 13254 13257 13260 13263 13266 13269 13272 13275 13278 13281 13284 13287 13290 13293 13296 13299 13302 13305 13308 13311 13314 13317 13320 13323 13326 13329 13332 13335 13338 13341 13344 13347 13350 13353 13356 13359 13362 13365 13368 13371 13374 13377 13380 13383 13386 13389 13392 13395 13398 13401 13404 13407 13410 13413 13416 13419 13422 13425 13428 13431 13434 13437 13440 13443 13446 13449 13452 13455 13458 13461 13464 13467 13470 13473 13476 13479 13482 13485 13488 13491 13494 13497 13500 13503 13506 13509 13512 13515 13518 13521 13524 13527 13530 13533 13536 13539 13542 13545 13548 13551 13554 13557 13560 13563 13566 13569 13572 13575 13578 13581 13584 13587 13590 13593 13596 13599 13602 13605 13608 13611 13614 13617 13620 13623 13626 13629 13632 13635 13638 13641 13644 13647 13650 13653 13656 13659 13662 13665 13668 13671 13674 13677 13680 13683 13686 13689 13692 13695 13698 13701 13704 13707 13710 13713 13716 13719 13722 13725 13728 13731 13734 13737 13740 13743 13746 13749 13752 13755 13758 13761 13764 13767 13770 13773 13776 13779 13782 13785 13788 13791 13794 13797 13800 13803 13806 13809 13812 13815 13818 13821 13824 13827 13830 13833 13836 13839 13842 13845 13848 13851 13854 13857 13860 13863 13866 13869 13872 13875 13878 13881 13884 13887 13890 13893 13896 13899 13902 13905 13908 13911 13914 13917 13920 13923 13926 13929 13932 13935 13938 13941 13944 13947 13950 13953 13956 13959 13962 13965 13968 13971 13974 13977 13980 13983 13986 13989 13992 13995 13998 14001 14004 14007 14010 14013 14016 14019 14022 14025 14028 14031 14034 14037 14040 14043 14046 14049 14052 14055 14058 14061 14064 14067 14070 14073 14076 14079 14082 14085 14088 14091 14094 14097 14100 14103 14106 14109 14112 14115 14118 14121 14124 14127 14130 14133 14136 14139 14142 14145 14148 14151 14154 14157 14160 14163 14166 14169 14172 14175 14178 14181 14184 14187 14190 14193 14196 14199 14202 14205 14208 14211 14214 14217 14220 14223 14226 14229 14232 14235 14238 14241 14244 14247 14250 14253 14256 14259 14262 14265 14268 14271 14274 14277 14280 14283 14286 14289 14292 14295 14298 14301 14304 14307 14310 14313 14316 14319 14322 14325 14328 14331 14334 14337 14340 14343 14346 14349 14352 14355 14358 14361 14364 14367 14370 14373 14376 14379 14382 14385 14388 14391 14394 14397 14400 14403 14406 14409 14412 14415 14418 14421 14424 14427 14430 14433 14436 14439 14442 14445 14448 14451 14454 14457 14460 14463 14466 14469 14472 14475 14478 14481 14484 14487 14490 14493 14496 14499 14502 14505 14508 14511 14514 14517 14520 14523 14526 14529 14532 14535 14538 14541 14544 14547 14550 14553 14556 14559 14562 14565 14568 14571 14574 14577 14580 14583 14586 14589 14592 14595 14598 14601 14604 14607 14610 14613 14616 14619 14622 14625 14628 14631 14634 14637 14640 14643 14646 14649 14652 14655 14658 14661 14664 14667 14670 14673 14676 14679 14682 14685 14688 14691 14694 14697 14700 14703 14706 14709 14712 14715 14718 14721 14724 14727 14730 14733 14736 14739 14742 14745 14748 14751 14754 14757 14760 14763 14766 14769 14772 14775 14778 14781 14784 14787 14790 14793 14796 14799 14802 14805 14808 14811 14814 14817 14820 14823 14826 14829 14832 14835 14838 14841 14844 14847 14850 14853 14856 14859 14862 14865 14868 14871 14874 14877 14880 14883 14886 14889 14892 14895 14898 14901 14904 14907 14910 14913 14916 14919 14922 14925 14928 14931 14934 14937 14940 14943 14946 14949 14952 14955 14958 14961 14964 14967 14970 14973 14976 14979 14982 14985 14988 14991 14994 14997 15000 15003 15006 15009 15012 15015 15018 15021 15024 15027 15030 15033 15036 15039 15042 15045 15048 15051 15054 15057 15060 15063 15066 15069 15072 15075 15078 15081 15084 15087 15090 15093 15096 15099 15102 15105 15108 15111 15114 15117 15120 15123 15126 15129 15132 15135 15138 15141 15144 15147 15150 15153 15156 15159 15162 15165 15168 15171 15174 15177 15180 15183 15186 15189 15192 15195 15198 15201 15204 15207 15210 15213 15216 15219 15222 15225 15228 15231 15234 15237 15240 15243 15246 15249 15252 15255 15258 15261 15264 15267 15270 15273 15276 15279 15282 15285 15288 15291 15294 15297 15300 15303 15306 15309 15312 15315 15318 15321 15324 15327 15330 15333 15336 15339 15342 15345 15348 15351 15354 15357 15360 15363 15366 15369 15372 15375 15378 15381 15384 15387 15390 15393 15396 15399 15402 15405 15408 15411 15414 15417 15420 15423 15426 15429 15432 15435 15438 15441 15444 15447 15450 15453 15456 15459 15462 15465 15468 15471 15474 15477 15480 15483 15486 15489 15492 15495 15498 15501 15504 15507 15510 15513 15516 15519 15522 15525 15528 15531 15534 15537 15540 15543 15546 15549 15552 15555 15558 15561 15564 15567 15570 15573 15576 15579 15582 15585 15588 15591 15594 15597 15600 15603 15606 15609 15612 15615 15618 15621 15624 15627 15630 15633 15636 15639 15642 15645 15648 15651 15654 15657 15660 15663 15666 15669 15672 15675 15678 15681 15684 15687 15690 15693 15696 15699 15702 15705 15708 15711 15714 15717 15720 15723 15726 15729 15732 15735 15738 15741 15744 15747 15750 15753 15756 15759 15762 15765 15768 15771 15774 15777 15780 15783 15786 15789 15792 15795 15798 15801 15804 15807 15810 15813 15816 15819 15822 15825 15828 15831 15834 15837 15840 15843 15846 15849 15852 15855 15858 15861 15864 15867 15870 15873 15876 15879 15882 15885 15888 15891 15894 15897 15900 15903 15906 15909 15912 15915 15918 15921 15924 15927 15930 15933 15936 15939 15942 15945 15948 15951 15954 15957 15960 15963 15966 15969 15972 15975 15978 15981 15984 15987 15990 15993 15996 15999 16002 16005 16008 16011 16014 16017 16020 16023 16026 16029 16032 16035 16038 16041 16044 16047 16050 16053 16056 16059 16062 16065 16068 16071 16074 16077 16080 16083 16086 16089 16092 16095 16098 16101 16104 16107 16110 16113 16116 16119 16122 16125 16128 16131 16134 16137 16140 16143 16146 16149 16152 16155 16158 16161 16164 16167 16170 16173 16176 16179 16182 16185 16188 16191 16194 16197 16200 16203 16206 16209 16212 16215 16218 16221 16224 16227 16230 16233 16236 16239 16242 16245 16248 16251 16254 16257 16260 16263 16266 16269 16272 16275 16278 16281 16284 16287 16290 16293 16296 16299 16302 16305 16308 16311 16314 16317 16320 16323 16326 16329 16332 16335 16338 16341 16344 16347 16350 16353 16356 16359 16362 16365 16368 16371 16374 16377 16380 16383 16386 16389 16392 16395 16398 16401 16404 16407 16410 16413 16416 16419 16422 16425 16428 16431 16434 16437 16440 16443 16446 16449 16452 16455 16458 16461 16464 16467 16470 16473 16476 16479 16482 16485 16488 16491 16494 16497 16500 16503 16506 16509 16512 16515 16518 16521 16524 16527 16530 16533 16536 16539 16542 16545 16548 16551 16554 16557 16560 16563 16566 16569 16572 16575 16578 16581 16584 16587 16590 16593 16596 16599 16602 16605 16608 16611 16614 16617 16620 16623 16626 16629 16632 16635 16638 16641 16644 16647 16650 16653 16656 16659 16662 16665 16668 16671 16674 16677 16680 16683 16686 16689 16692 16695 16698 16701 16704 16707 16710 16713 16716 16719 16722 16725 16728 16731 16734 16737 16740 16743 16746 16749 16752 16755 16758 16761 16764 16767 16770 16773 16776 16779 16782 16785 16788 16791 16794 16797 16800 16803 16806 16809 16812 16815 16818 16821 16824 16827 16830 16833 16836 16839 16842 16845 16848 16851 16854 16857 16860 16863 16866 16869 16872 16875 16878 16881 16884 16887 16890 16893 16896 16899 16902 16905 16908 16911 16914 16917 16920 16923 16926 16929 16932 16935 16938 16941 16944 16947 16950 16953 16956 16959 16962 16965 16968 16971 16974 16977 16980 16983 16986 16989 16992 16995 16998 17001 17004 17007 17010 17013 17016 17019 17022 17025 17028 17031 17034 17037 17040 17043 17046 17049 17052 17055 17058 17061 17064 17067 17070 17073 17076 17079 17082 17085 17088 17091 17094 17097 17100 17103 17106 17109 17112 17115 17118 17121 17124 17127 17130 17133 17136 17139 17142 17145 17148 17151 17154 17157 17160 17163 17166 17169 17172 17175 17178 17181 17184 17187 17190 17193 17196 17199 17202 17205 17208 17211 17214 17217 17220 17223 17226 17229 17232 17235 17238 17241 17244 17247 17250 17253 17256 17259 17262 17265 17268 17271 17274 17277 17280 17283 17286 17289 17292 17295 17298 17301 17304 17307 17310 17313 17316 17319 17322 17325 17328 17331 17334 17337 17340 17343 17346 17349 17352 17355 17358 17361 17364 17367 17370 17373 17376 17379 17382 17385 17388 17391 17394 17397 17400 17403 17406 17409 17412 17415 17418 17421 17424 17427 17430 17433 17436 17439 17442 17445 17448 17451 17454 17457 17460 17463 17466 17469 17472 17475 17478 17481 17484 17487 17490 17493 17496 17499 17502 17505 17508 17511 17514 17517 17520 17523 17526 17529 17532 17535 17538 17541 17544 17547 17550 17553 17556 17559 17562 17565 17568 17571 17574 17577 17580 17583 17586 17589 17592 17595 17598 17601 17604 17607 17610 17613 17616 17619 17622 17625 17628 17631 17634 17637 17640 17643 17646 17649 17652 17655 17658 17661 17664 17667 17670 17673 17676 17679 17682 17685 17688 17691 17694 17697 17700 17703 17706 17709 17712 17715 17718 17721 17724 17727 17730 17733 17736 17739 17742 17745 17748 17751 17754 17757 17760 17763 17766 17769 17772 17775 17778 17781 17784 17787 17790 17793 17796 17799 17802 17805 17808 17811 17814 17817 17820 17823 17826 17829 17832 17835 17838 17841 17844 17847 17850 17853 17856 17859 17862 17865 17868 17871 17874 17877 17880 17883 17886 17889 17892 17895 17898 17901 17904 17907 17910 17913 17916 17919 17922 17925 17928 17931 17934 17937 17940 17943 17946 17949 17952 17955 17958 17961 17964 17967 17970 17973 17976 17979 17982 17985 17988 17991 17994 17997 18000 18003 18006 18009 18012 18015 18018 18021 18024 18027 18030 18033 18036 18039 18042 18045 18048 18051 18054 18057 18060 18063 18066 18069 18072 18075 18078 18081 18084 18087 18090 18093 18096 18099 18102 18105 18108 18111 18114 18117 18120 18123 18126 18129 18132 18135 18138 18141 18144 18147 18150 18153 18156 18159 18162 18165 18168 18171 18174 18177 18180 18183 18186 18189 18192 18195 18198 18201 18204 18207 18210 18213 18216 18219 18222 18225 18228 18231 18234 18237 18240 18243 18246 18249 18252 18255 18258 18261 18264 18267 18270 18273 18276 18279 18282 18285 18288 18291 18294 18297 18300 18303 18306 18309 18312 18315 18318 18321 18324 18327 18330 18333 18336 18339 18342 18345 18348 18351 18354 18357 18360 18363 18366 18369 18372 18375 18378 18381 18384 18387 18390 18393 18396 18399 18402 18405 18408 18411 18414 18417 18420 18423 18426 18429 18432 18435 18438 18441 18444 18447 18450 18453 18456 18459 18462 18465 18468 18471 18474 18477 18480 18483 18486 18489 18492 18495 18498 18501 18504 18507 18510 18513 18516 18519 18522 18525 18528 18531 18534 18537 18540 18543 18546 18549 18552 18555 18558 18561 18564 18567 18570 18573 18576 18579 18582 18585 18588 18591 18594 18597 18600 18603 18606 18609 18612 18615 18618 18621 18624 18627 18630 18633 18636 18639 18642 18645 18648 18651 18654 18657 18660 18663 18666 18669 18672 18675 18678 18681 18684 18687 18690 18693 18696 18699 18702 18705 18708 18711 18714 18717 18720 18723 18726 18729 18732 18735 18738 18741 18744 18747 18750 18753 18756 18759 18762 18765 18768 18771 18774 18777 18780 18783 18786 18789 18792 18795 18798 18801 18804 18807 18810 18813 18816 18819 18822 18825 18828 18831 18834 18837 18840 18843 18846 18849 18852 18855 18858 18861 18864 18867 18870 18873 18876 18879 18882 18885 18888 18891 18894 18897 18900 18903 18906 18909 18912 18915 18918 18921 18924 18927 18930 18933 18936 18939 18942 18945 18948 18951 18954 18957 18960 18963 18966 18969 18972 18975 18978 18981 18984 18987 18990 18993 18996 18999 19002 19005 19008 19011 19014 19017 19020 19023 19026 19029 19032 19035 19038 19041 19044 19047 19050 19053 19056 19059 19062 19065 19068 19071 19074 19077 19080 19083 19086 19089 19092 19095 19098 19101 19104 19107 19110 19113 19116 19119 19122 19125 19128 19131 19134 19137 19140 19143 19146 19149 19152 19155 19158 19161 19164 19167 19170 19173 19176 19179 19182 19185 19188 19191 19194 19197 19200 19203 19206 19209 19212 19215 19218 19221 19224 19227 19230 19233 19236 19239 19242 19245 19248 19251 19254 19257 19260 19263 19266 19269 19272 19275 19278 19281 19284 19287 19290 19293 19296 19299 19302 19305 19308 19311 19314 19317 19320 19323 19326 19329 19332 19335 19338 19341 19344 19347 19350 19353 19356 19359 19362 19365 19368 19371 19374 19377 19380 19383 19386 19389 19392 19395 19398 19401 19404 19407 19410 19413 19416 19419 19422 19425 19428 19431 19434 19437 19440 19443 19446 19449 19452 19455 19458 19461 19464 19467 19470 19473 19476 19479 19482 19485 19488 19491 19494 19497 19500 19503 19506 19509 19512 19515 19518 19521 19524 19527 19530 19533 19536 19539 19542 19545 19548 19551 19554 19557 19560 19563 19566 19569 19572 19575 19578 19581 19584 19587 19590 19593 19596 19599 19602 19605 19608 19611 19614 19617 19620 19623 19626 19629 19632 19635 19638 19641 19644 19647 19650 19653 19656 19659 19662 19665 19668 19671 19674 19677 19680 19683 19686 19689 19692 19695 19698 19701 19704 19707 19710 19713 19716 19719 19722 19725 19728 19731 19734 19737 19740 19743 19746 19749 19752 19755 19758 19761 19764 19767 19770 19773 19776 19779 19782 19785 19788 19791 19794 19797 19800 19803 19806 19809 19812 19815 19818 19821 19824 19827 19830 19833 19836 19839 19842 19845 19848 19851 19854 19857 19860 19863 19866 19869 19872 19875 19878 19881 19884 19887 19890 19893 19896 19899 19902 19905 19908 19911 19914 19917 19920 19923 19926 19929 19932 19935 19938 19941 19944 19947 19950 19953 19956 19959 19962 19965 19968 19971 19974 19977 19980 19983 19986 19989 19992 19995 19998 20001 20004 20007 20010 20013 20016 20019 20022 20025 20028 20031 20034 20037 20040 20043 20046 20049 20052 20055 20058 20061 20064 20067 20070 20073 20076 20079 20082 20085 20088 20091 20094 20097 20100 20103 20106 20109 20112 20115 20118 20121 20124 20127 20130 20133 20136 20139 20142 20145 20148 20151 20154 20157 20160 20163 20166 20169 20172 20175 20178 20181 20184 20187 20190 20193 20196 20199 20202 20205 20208 20211 20214 20217 20220 20223 20226 20229 20232 20235 20238 20241 20244 20247 20250 20253 20256 20259 20262 20265 20268 20271 20274 20277 20280 20283 20286 20289 20292 20295 20298 20301 20304 20307 20310 20313 20316 20319 20322 20325 20328 20331 20334 20337 20340 20343 20346 20349 20352 20355 20358 20361 20364 20367 20370 20373 20376 20379 20382 20385 20388 20391 20394 20397 20400 20403 20406 20409 20412 20415 20418 20421 20424 20427 20430 20433 20436 20439 20442 20445 20448 20451 20454 20457 20460 20463 20466 20469 20472 20475 20478 20481 20484 20487 20490 20493 20496 20499 20502 20505 20508 20511 20514 20517 20520 20523 20526 20529 20532 20535 20538 20541 20544 20547 20550 20553 20556 20559 20562 20565 20568 20571 20574 20577 20580 20583 20586 20589 20592 20595 20598 20601 20604 20607 20610 20613 20616 20619 20622 20625 20628 20631 20634 20637 20640 20643 20646 20649 20652 20655 20658 20661 20664 20667 20670 20673 20676 20679 20682 20685 20688 20691 20694 20697 20700 20703 20706 20709 20712 20715 20718 20721 20724 20727 20730 20733 20736 20739 20742 20745 20748 20751 20754 20757 20760 20763 20766 20769 20772 20775 20778 20781 20784 20787 20790 20793 20796 20799 20802 20805 20808 20811 20814 20817 20820 20823 20826 20829 20832 20835 20838 20841 20844 20847 20850 20853 20856 20859 20862 20865 20868 20871 20874 20877 20880 20883 20886 20889 20892 20895 20898 20901 20904 20907 20910 20913 20916 20919 20922 20925 20928 20931 20934 20937 20940 20943 20946 20949 20952 20955 20958 20961 20964 20967 20970 20973 20976 20979 20982 20985 20988 20991 20994 20997 21000 21003 21006 21009 21012 21015 21018 21021 21024 21027 21030 21033 21036 21039 21042 21045 21048 21051 21054 21057 21060 21063 21066 21069 21072 21075 21078 21081 21084 21087 21090 21093 21096 21099 21102 21105 21108 21111 21114 21117 21120 21123 21126 21129 21132 21135 21138 21141 21144 21147 21150 21153 21156 21159 21162 21165 21168 21171 21174 21177 21180 21183 21186 21189 21192 21195 21198 21201 21204 21207 21210 21213 21216 21219 21222 21225 21228 21231 21234 21237 21240 21243 21246 21249 21252 21255 21258 21261 21264 21267 21270 21273 21276 21279 21282 21285 21288 21291 21294 21297 21300 21303 21306 21309 21312 21315 21318 21321 21324 21327 21330 21333 21336 21339 21342 21345 21348 21351 21354 21357 21360 21363 21366 21369 21372 21375 21378 21381 21384 21387 21390 21393 21396 21399 21402 21405 21408 21411 21414 21417 21420 21423 21426 21429 21432 21435 21438 21441 21444 21447 21450 21453 21456 21459 21462 21465 21468 21471 21474 21477 21480 21483 21486 21489 21492 21495 21498 21501 21504 21507 21510 21513 21516 21519 21522 21525 21528 21531 21534 21537 21540 21543 21546 21549 21552 21555 21558 21561 21564 21567 21570 21573 21576 21579 21582 21585 21588 21591 21594 21597 21600 21603 21606 21609 21612 21615 21618 21621 21624 21627 21630 21633 21636 21639 21642 21645 21648 21651 21654 21657 21660 21663 21666 21669 21672 21675 21678 21681 21684 21687 21690 21693 21696 21699 21702 21705 21708 21711 21714 21717 21720 21723 21726 21729 21732 21735 21738 21741 21744 21747 21750 21753 21756 21759 21762 21765 21768 21771 21774 21777 21780 21783 21786 21789 21792 21795 21798 21801 21804 21807 21810 21813 21816 21819 21822 21825 21828 21831 21834 21837 21840 21843 21846 21849 21852 21855 21858 21861 21864 21867 21870 21873 21876 21879 21882 21885 21888 21891 21894 21897 21900 21903 21906 21909 21912 21915 21918 21921 21924 21927 21930 21933 21936 21939 21942 21945 21948 21951 21954 21957 21960 21963 21966 21969 21972 21975 21978 21981 21984 21987 21990 21993 21996 21999 22002 22005 22008 22011 22014 22017 22020 22023 22026 22029 22032 22035 22038 22041 22044 22047 22050 22053 22056 22059 22062 22065 22068 22071 22074 22077 22080 22083 22086 22089 22092 22095 22098 22101 22104 22107 22110 22113 22116 22119 22122 22125 22128 22131 22134 22137 22140 22143 22146 22149 22152 22155 22158 22161 22164 22167 22170 22173 22176 22179 22182 22185 22188 22191 22194 22197 22200 22203 22206 22209 22212 22215 22218 22221 22224 22227 22230 22233 22236 22239 22242 22245 22248 22251 22254 22257 22260 22263 22266 22269 22272 22275 22278 22281 22284 22287 22290 22293 22296 22299 22302 22305 22308 22311 22314 22317 22320 22323 22326 22329 22332 22335 22338 22341 22344 22347 22350 22353 22356 22359 22362 22365 22368 22371 22374 22377 22380 22383 22386 22389 22392 22395 22398 22401 22404 22407 22410 22413 22416 22419 22422 22425 22428 22431 22434 22437 22440 22443 22446 22449 22452 22455 22458 22461 22464 22467 22470 22473 22476 22479 22482 22485 22488 22491 22494 22497 22500 22503 22506 22509 22512 22515 22518 22521 22524 22527 22530 22533 22536 22539 22542 22545 22548 22551 22554 22557 22560 22563 22566 22569 22572 22575 22578 22581 22584 22587 22590 22593 22596 22599 22602 22605 22608 22611 22614 22617 22620 22623 22626 22629 22632 22635 22638 22641 22644 22647 22650 22653 22656 22659 22662 22665 22668 22671 22674 22677 22680 22683 22686 22689 22692 22695 22698 22701 22704 22707 22710 22713 22716 22719 22722 22725 22728 22731 22734 22737 22740 22743 22746 22749 22752 22755 22758 22761 22764 22767 22770 22773 22776 22779 22782 22785 22788 22791 22794 22797 22800 22803 22806 22809 22812 22815 22818 22821 22824 22827 22830 22833 22836 22839 22842 22845 22848 22851 22854 22857 22860 22863 22866 22869 22872 22875 22878 22881 22884 22887 22890 22893 22896 22899 22902 22905 22908 22911 22914 22917 22920 22923 22926 22929 22932 22935 22938 22941 22944 22947 22950 22953 22956 22959 22962 22965 22968 22971 22974 22977 22980 22983 22986 22989 22992 22995 22998 23001 23004 23007 23010 23013 23016 23019 23022 23025 23028 23031 23034 23037 23040 23043 23046 23049 23052 23055 23058 23061 23064 23067 23070 23073 23076 23079 23082 23085 23088 23091 23094 23097 23100 23103 23106 23109 23112 23115 23118 23121 23124 23127 23130 23133 23136 23139 23142 23145 23148 23151 23154 23157 23160 23163 23166 23169 23172 23175 23178 23181 23184 23187 23190 23193 23196 23199 23202 23205 23208 23211 23214 23217 23220 23223 23226 23229 23232 23235 23238 23241 23244 23247 23250 23253 23256 23259 23262 23265 23268 23271 23274 23277 23280 23283 23286 23289 23292 23295 23298 23301 23304 23307 23310 23313 23316 23319 23322 23325 23328 23331 23334 23337 23340 23343 23346 23349 23352 23355 23358 23361 23364 23367 23370 23373 23376 23379 23382 23385 23388 23391 23394 23397 23400 23403 23406 23409 23412 23415 23418 23421 23424 23427 23430 23433 23436 23439 23442 23445 23448 23451 23454 23457 23460 23463 23466 23469 23472 23475 23478 23481 23484 23487 23490 23493 23496 23499 23502 23505 23508 23511 23514 23517 23520 23523 23526 23529 23532 23535 23538 23541 23544 23547 23550 23553 23556 23559 23562 23565 23568 23571 23574 23577 23580 23583 23586 23589 23592 23595 23598 23601 23604 23607 23610 23613 23616 23619 23622 23625 23628 23631 23634 23637 23640 23643 23646 23649 23652 23655 23658 23661 23664 23667 23670 23673 23676 23679 23682 23685 23688 23691 23694 23697 23700 23703 23706 23709 23712 23715 23718 23721 23724 23727 23730 23733 23736 23739 23742 23745 23748 23751 23754 23757 23760 23763 23766 23769 23772 23775 23778 23781 23784 23787 23790 23793 23796 23799 23802 23805 23808 23811 23814 23817 23820 23823 23826 23829 23832 23835 23838 23841 23844 23847 23850 23853 23856 23859 23862 23865 23868 23871 23874 23877 23880 23883 23886 23889 23892 23895 23898 23901 23904 23907 23910 23913 23916 23919 23922 23925 23928 23931 23934 23937 23940 23943 23946 23949 23952 23955 23958 23961 23964 23967 23970 23973 23976 23979 23982 23985 23988 23991 23994 23997 24000 24003 24006 24009 24012 24015 24018 24021 24024 24027 24030 24033 24036 24039 24042 24045 24048 24051 24054 24057 24060 24063 24066 24069 24072 24075 24078 24081 24084 24087 24090 24093 24096 24099 24102 24105 24108 24111 24114 24117 24120 24123 24126 24129 24132 24135 24138 24141 24144 24147 24150 24153 24156 24159 24162 24165 24168 24171 24174 24177 24180 24183 24186 24189 24192 24195 24198 24201 24204 24207 24210 24213 24216 24219 24222 24225 24228 24231 24234 24237 24240 24243 24246 24249 24252 24255 24258 24261 24264 24267 24270 24273 24276 24279 24282 24285 24288 24291 24294 24297 24300 24303 24306 24309 24312 24315 24318 24321 24324 24327 24330 24333 24336 24339 24342 24345 24348 24351 24354 24357 24360 24363 24366 24369 24372 24375 24378 24381 24384 24387 24390 24393 24396 24399 24402 24405 24408 24411 24414 24417 24420 24423 24426 24429 24432 24435 24438 24441 24444 24447 24450 24453 24456 24459 24462 24465 24468 24471 24474 24477 24480 24483 24486 24489 24492 24495 24498 24501 24504 24507 24510 24513 24516 24519 24522 24525 24528 24531 24534 24537 24540 24543 24546 24549 24552 24555 24558 24561 24564 24567 24570 24573 24576 24579 24582 24585 24588 24591 24594 24597 24600 24603 24606 24609 24612 24615 24618 24621 24624 24627 24630 24633 24636 24639 24642 24645 24648 24651 24654 24657 24660 24663 24666 24669 24672 24675 24678 24681 24684 24687 24690 24693 24696 24699 24702 24705 24708 24711 24714 24717 24720 24723 24726 24729 24732 24735 24738 24741 24744 24747 24750 24753 24756 24759 24762 24765 24768 24771 24774 24777 24780 24783 24786 24789 24792 24795 24798 24801 24804 24807 24810 24813 24816 24819 24822 24825 24828 24831 24834 24837 24840 24843 24846 24849 24852 24855 24858 24861 24864 24867 24870 24873 24876 24879 24882 24885 24888 24891 24894 24897 24900 24903 24906 24909 24912 24915 24918 24921 24924 24927 24930 24933 24936 24939 24942 24945 24948 24951 24954 24957 24960 24963 24966 24969 24972 24975 24978 24981 24984 24987 24990 24993 24996 24999 25002 25005 25008 25011 25014 25017 25020 25023 25026 25029 25032 25035 25038 25041 25044 25047 25050 25053 25056 25059 25062 25065 25068 25071 25074 25077 25080 25083 25086 25089 25092 25095 25098 25101 25104 25107 25110 25113 25116 25119 25122 25125 25128 25131 25134 25137 25140 25143 25146 25149 25152 25155 25158 25161 25164 25167 25170 25173 25176 25179 25182 25185 25188 25191 25194 25197 25200 25203 25206 25209 25212 25215 25218 25221 25224 25227 25230 25233 25236 25239 25242 25245 25248 25251 25254 25257 25260 25263 25266 25269 25272 25275 25278 25281 25284 25287 25290 25293 25296 25299 25302 25305 25308 25311 25314 25317 25320 25323 25326 25329 25332 25335 25338 25341 25344 25347 25350 25353 25356 25359 25362 25365 25368 25371 25374 25377 25380 25383 25386 25389 25392 25395 25398 25401 25404 25407 25410 25413 25416 25419 25422 25425 25428 25431 25434 25437 25440 25443 25446 25449 25452 25455 25458 25461 25464 25467 25470 25473 25476 25479 25482 25485 25488 25491 25494 25497 25500 25503 25506 25509 25512 25515 25518 25521 25524 25527 25530 25533 25536 25539 25542 25545 25548 25551 25554 25557 25560 25563 25566 25569 25572 25575 25578 25581 25584 25587 25590 25593 25596 25599 25602 25605 25608 25611 25614 25617 25620 25623 25626 25629 25632 25635 25638 25641 25644 25647 25650 25653 25656 25659 25662 25665 25668 25671 25674 25677 25680 25683 25686 25689 25692 25695 25698 25701 25704 25707 25710 25713 25716 25719 25722 25725 25728 25731 25734 25737 25740 25743 25746 25749 25752 25755 25758 25761 25764 25767 25770 25773 25776 25779 25782 25785 25788 25791 25794 25797 25800 25803 25806 25809 25812 25815 25818 25821 25824 25827 25830 25833 25836 25839 25842 25845 25848 25851 25854 25857 25860 25863 25866 25869 25872 25875 25878 25881 25884 25887 25890 25893 25896 25899 25902 25905 25908 25911 25914 25917 25920 25923 25926 25929 25932 25935 25938 25941 25944 25947 25950 25953 25956 25959 25962 25965 25968 25971 25974 25977 25980 25983 25986 25989 25992 25995 25998 26001 26004 26007 26010 26013 26016 26019 26022 26025 26028 26031 26034 26037 26040 26043 26046 26049 26052 26055 26058 26061 26064 26067 26070 26073 26076 26079 26082 26085 26088 26091 26094 26097 26100 26103 26106 26109 26112 26115 26118 26121 26124 26127 26130 26133 26136 26139 26142 26145 26148 26151 26154 26157 26160 26163 26166 26169 26172 26175 26178 26181 26184 26187 26190 26193 26196 26199 26202 26205 26208 26211 26214 26217 26220 26223 26226 26229 26232 26235 26238 26241 26244 26247 26250 26253 26256 26259 26262 26265 26268 26271 26274 26277 26280 26283 26286 26289 26292 26295 26298 26301 26304 26307 26310 26313 26316 26319 26322 26325 26328 26331 26334 26337 26340 26343 26346 26349 26352 26355 26358 26361 26364 26367 26370 26373 26376 26379 26382 26385 26388 26391 26394 26397 26400 26403 26406 26409 26412 26415 26418 26421 26424 26427 26430 26433 26436 26439 26442 26445 26448 26451 26454 26457 26460 26463 26466 26469 26472 26475 26478 26481 26484 26487 26490 26493 26496 26499 26502 26505 26508 26511 26514 26517 26520 26523 26526 26529 26532 26535 26538 26541 26544 26547 26550 26553 26556 26559 26562 26565 26568 26571 26574 26577 26580 26583 26586 26589 26592 26595 26598 26601 26604 26607 26610 26613 26616 26619 26622 26625 26628 26631 26634 26637 26640 26643 26646 26649 26652 26655 26658 26661 26664 26667 26670 26673 26676 26679 26682 26685 26688 26691 26694 26697 26700 26703 26706 26709 26712 26715 26718 26721 26724 26727 26730 26733 26736 26739 26742 26745 26748 26751 26754 26757 26760 26763 26766 26769 26772 26775 26778 26781 26784 26787 26790 26793 26796 26799 26802 26805 26808 26811 26814 26817 26820 26823 26826 26829 26832 26835 26838 26841 26844 26847 26850 26853 26856 26859 26862 26865 26868 26871 26874 26877 26880 26883 26886 26889 26892 26895 26898 26901 26904 26907 26910 26913 26916 26919 26922 26925 26928 26931 26934 26937 26940 26943 26946 26949 26952 26955 26958 26961 26964 26967 26970 26973 26976 26979 26982 26985 26988 26991 26994 26997 27000 27003 27006 27009 27012 27015 27018 27021 27024 27027 27030 27033 27036 27039 27042 27045 27048 27051 27054 27057 27060 27063 27066 27069 27072 27075 27078 27081 27084 27087 27090 27093 27096 27099 27102 27105 27108 27111 27114 27117 27120 27123 27126 27129 27132 27135 27138 27141 27144 27147 27150 27153 27156 27159 27162 27165 27168 27171 27174 27177 27180 27183 27186 27189 27192 27195 27198 27201 27204 27207 27210 27213 27216 27219 27222 27225 27228 27231 27234 27237 27240 27243 27246 27249 27252 27255 27258 27261 27264 27267 27270 27273 27276 27279 27282 27285 27288 27291 27294 27297 27300 27303 27306 27309 27312 27315 27318 27321 27324 27327 27330 27333 27336 27339 27342 27345 27348 27351 27354 27357 27360 27363 27366 27369 27372 27375 27378 27381 27384 27387 27390 27393 27396 27399 27402 27405 27408 27411 27414 27417 27420 27423 27426 27429 27432 27435 27438 27441 27444 27447 27450 27453 27456 27459 27462 27465 27468 27471 27474 27477 27480 27483 27486 27489 27492 27495 27498 27501 27504 27507 27510 27513 27516 27519 27522 27525 27528 27531 27534 27537 27540 27543 27546 27549 27552 27555 27558 27561 27564 27567 27570 27573 27576 27579 27582 27585 27588 27591 27594 27597 27600 27603 27606 27609 27612 27615 27618 27621 27624 27627 27630 27633 27636 27639 27642 27645 27648 27651 27654 27657 27660 27663 27666 27669 27672 27675 27678 27681 27684 27687 27690 27693 27696 27699 27702 27705 27708 27711 27714 27717 27720 27723 27726 27729 27732 27735 27738 27741 27744 27747 27750 27753 27756 27759 27762 27765 27768 27771 27774 27777 27780 27783 27786 27789 27792 27795 27798 27801 27804 27807 27810 27813 27816 27819 27822 27825 27828 27831 27834 27837 27840 27843 27846 27849 27852 27855 27858 27861 27864 27867 27870 27873 27876 27879 27882 27885 27888 27891 27894 27897 27900 27903 27906 27909 27912 27915 27918 27921 27924 27927 27930 27933 27936 27939 27942 27945 27948 27951 27954 27957 27960 27963 27966 27969 27972 27975 27978 27981 27984 27987 27990 27993 27996 27999 28002 28005 28008 28011 28014 28017 28020 28023 28026 28029 28032 28035 28038 28041 28044 28047 28050 28053 28056 28059 28062 28065 28068 28071 28074 28077 28080 28083 28086 28089 28092 28095 28098 28101 28104 28107 28110 28113 28116 28119 28122 28125 28128 28131 28134 28137 28140 28143 28146 28149 28152 28155 28158 28161 28164 28167 28170 28173 28176 28179 28182 28185 28188 28191 28194 28197 28200 28203 28206 28209 28212 28215 28218 28221 28224 28227 28230 28233 28236 28239 28242 28245 28248 28251 28254 28257 28260 28263 28266 28269 28272 28275 28278 28281 28284 28287 28290 28293 28296 28299 28302 28305 28308 28311 28314 28317 28320 28323 28326 28329 28332 28335 28338 28341 28344 28347 28350 28353 28356 28359 28362 28365 28368 28371 28374 28377 28380 28383 28386 28389 28392 28395 28398 28401 28404 28407 28410 28413 28416 28419 28422 28425 28428 28431 28434 28437 28440 28443 28446 28449 28452 28455 28458 28461 28464 28467 28470 28473 28476 28479 28482 28485 28488 28491 28494 28497 28500 28503 28506 28509 28512 28515 28518 28521 28524 28527 28530 28533 28536 28539 28542 28545 28548 28551 28554 28557 28560 28563 28566 28569 28572 28575 28578 28581 28584 28587 28590 28593 28596 28599 28602 28605 28608 28611 28614 28617 28620 28623 28626 28629 28632 28635 28638 28641 28644 28647 28650 28653 28656 28659 28662 28665 28668 28671 28674 28677 28680 28683 28686 28689 28692 28695 28698 28701 28704 28707 28710 28713 28716 28719 28722 28725 28728 28731 28734 28737 28740 28743 28746 28749 28752 28755 28758 28761 28764 28767 28770 28773 28776 28779 28782 28785 28788 28791 28794 28797 28800 28803 28806 28809 28812 28815 28818 28821 28824 28827 28830 28833 28836 28839 28842 28845 28848 28851 28854 28857 28860 28863 28866 28869 28872 28875 28878 28881 28884 28887 28890 28893 28896 28899 28902 28905 28908 28911 28914 28917 28920 28923 28926 28929 28932 28935 28938 28941 28944 28947 28950 28953 28956 28959 28962 28965 28968 28971 28974 28977 28980 28983 28986 28989 28992 28995 28998 29001 29004 29007 29010 29013 29016 29019 29022 29025 29028 29031 29034 29037 29040 29043 29046 29049 29052 29055 29058 29061 29064 29067 29070 29073 29076 29079 29082 29085 29088 29091 29094 29097 29100 29103 29106 29109 29112 29115 29118 29121 29124 29127 29130 29133 29136 29139 29142 29145 29148 29151 29154 29157 29160 29163 29166 29169 29172 29175 29178 29181 29184 29187 29190 29193 29196 29199 29202 29205 29208 29211 29214 29217 29220 29223 29226 29229 29232 29235 29238 29241 29244 29247 29250 29253 29256 29259 29262 29265 29268 29271 29274 29277 29280 29283 29286 29289 29292 29295 29298 29301 29304 29307 29310 29313 29316 29319 29322 29325 29328 29331 29334 29337 29340 29343 29346 29349 29352 29355 29358 29361 29364 29367 29370 29373 29376 29379 29382 29385 29388 29391 29394 29397 29400 29403 29406 29409 29412 29415 29418 29421 29424 29427 29430 29433 29436 29439 29442 29445 29448 29451 29454 29457 29460 29463 29466 29469 29472 29475 29478 29481 29484 29487 29490 29493 29496 29499 29502 29505 29508 29511 29514 29517 29520 29523 29526 29529 29532 29535 29538 29541 29544 29547 29550 29553 29556 29559 29562 29565 29568 29571 29574 29577 29580 29583 29586 29589 29592 29595 29598 29601 29604 29607 29610 29613 29616 29619 29622 29625 29628 29631 29634 29637 29640 29643 29646 29649 29652 29655 29658 29661 29664 29667 29670 29673 29676 29679 29682 29685 29688 29691 29694 29697 29700 29703 29706 29709 29712 29715 29718 29721 29724 29727 29730 29733 29736 29739 29742 29745 29748 29751 29754 29757 29760 29763 29766 29769 29772 29775 29778 29781 29784 29787 29790 29793 29796 29799 29802 29805 29808 29811 29814 29817 29820 29823 29826 29829 29832 29835 29838 29841 29844 29847 29850 29853 29856 29859 29862 29865 29868 29871 29874 29877 29880 29883 29886 29889 29892 29895 29898 29901 29904 29907 29910 29913 29916 29919 29922 29925 29928 29931 29934 29937 29940 29943 29946 29949 29952 29955 29958 29961 29964 29967 29970 29973 29976 29979 29982 29985 29988 29991 29994 29997 30000 30003 30006 30009 30012 30015 30018 30021 30024 30027 30030 30033 30036 30039 30042 30045 30048 30051 30054 30057 30060 30063 30066 30069 30072 30075 30078 30081 30084 30087 30090 30093 30096 30099 30102 30105 30108 30111 30114 30117 30120 30123 30126 30129 30132 30135 30138 30141 30144 30147 30150 30153 30156 30159 30162 30165 30168 30171 30174 30177 30180 30183 30186 30189 30192 30195 30198 30201 30204 30207 30210 30213 30216 30219 30222 30225 30228 30231 30234 30237 30240 30243 30246 30249 30252 30255 30258 30261 30264 30267 30270 30273 30276 30279 30282 30285 30288 30291 30294 30297 30300 30303 30306 30309 30312 30315 30318 30321 30324 30327 30330 30333 30336 30339 30342 30345 30348 30351 30354 30357 30360 30363 30366 30369 30372 30375 30378 30381 30384 30387 30390 30393 30396 30399 30402 30405 30408 30411 30414 30417 30420 30423 30426 30429 30432 30435 30438 30441 30444 30447 30450 30453 30456 30459 30462 30465 30468 30471 30474 30477 30480 30483 30486 30489 30492 30495 30498 30501 30504 30507 30510 30513 30516 30519 30522 30525 30528 30531 30534 30537 30540 30543 30546 30549 30552 30555 30558 30561 30564 30567 30570 30573 30576 30579 30582 30585 30588 30591 30594 30597 30600 30603 30606 30609 30612 30615 30618 30621 30624 30627 30630 30633 30636 30639 30642 30645 30648 30651 30654 30657 30660 30663 30666 30669 30672 30675 30678 30681 30684 30687 30690 30693 30696 30699 30702 30705 30708 30711 30714 30717 30720 30723 30726 30729 30732 30735 30738 30741 30744 30747 30750 30753 30756 30759 30762 30765 30768 30771 30774 30777 30780 30783 30786 30789 30792 30795 30798 30801 30804 30807 30810 30813 30816 30819 30822 30825 30828 30831 30834 30837 30840 30843 30846 30849 30852 30855 30858 30861 30864 30867 30870 30873 30876 30879 30882 30885 30888 30891 30894 30897 30900 30903 30906 30909 30912 30915 30918 30921 30924 30927 30930 30933 30936 30939 30942 30945 30948 30951 30954 30957 30960 30963 30966 30969 30972 30975 30978 30981 30984 30987 30990 30993 30996 30999 31002 31005 31008 31011 31014 31017 31020 31023 31026 31029 31032 31035 31038 31041 31044 31047 31050 31053 31056 31059 31062 31065 31068 31071 31074 31077 31080 31083 31086 31089 31092 31095 31098 31101 31104 31107 31110 31113 31116 31119 31122 31125 31128 31131 31134 31137 31140 31143 31146 31149 31152 31155 31158 31161 31164 31167 31170 31173 31176 31179 31182 31185 31188 31191 31194 31197 31200 31203 31206 31209 31212 31215 31218 31221 31224 31227 31230 31233 31236 31239 31242 31245 31248 31251 31254 31257 31260 31263 31266 31269 31272 31275 31278 31281 31284 31287 31290 31293 31296 31299 31302 31305 31308 31311 31314 31317 31320 31323 31326 31329 31332 31335 31338 31341 31344 31347 31350 31353 31356 31359 31362 31365 31368 31371 31374 31377 31380 31383 31386 31389 31392 31395 31398 31401 31404 31407 31410 31413 31416 31419 31422 31425 31428 31431 31434 31437 31440 31443 31446 31449 31452 31455 31458 31461 31464 31467 31470 31473 31476 31479 31482 31485 31488 31491 31494 31497 31500 31503 31506 31509 31512 31515 31518 31521 31524 31527 31530 31533 31536 31539 31542 31545 31548 31551 31554 31557 31560 31563 31566 31569 31572 31575 31578 31581 31584 31587 31590 31593 31596 31599 31602 31605 31608 31611 31614 31617 31620 31623 31626 31629 31632 31635 31638 31641 31644 31647 31650 31653 31656 31659 31662 31665 31668 31671 31674 31677 31680 31683 31686 31689 31692 31695 31698 31701 31704 31707 31710 31713 31716 31719 31722 31725 31728 31731 31734 31737 31740 31743 31746 31749 31752 31755 31758 31761 31764 31767 31770 31773 31776 31779 31782 31785 31788 31791 31794 31797 31800 31803 31806 31809 31812 31815 31818 31821 31824 31827 31830 31833 31836 31839 31842 31845 31848 31851 31854 31857 31860 31863 31866 31869 31872 31875 31878 31881 31884 31887 31890 31893 31896 31899 31902 31905 31908 31911 31914 31917 31920 31923 31926 31929 31932 31935 31938 31941 31944 31947 31950 31953 31956 31959 31962 31965 31968 31971 31974 31977 31980 31983 31986 31989 31992 31995 31998 32001 32004 32007 32010 32013 32016 32019 32022 32025 32028 32031 32034 32037 32040 32043 32046 32049 32052 32055 32058 32061 32064 32067 32070 32073 32076 32079 32082 32085 32088 32091 32094 32097 32100 32103 32106 32109 32112 32115 32118 32121 32124 32127 32130 32133 32136 32139 32142 32145 32148 32151 32154 32157 32160 32163 32166 32169 32172 32175 32178 32181 32184 32187 32190 32193 32196 32199 32202 32205 32208 32211 32214 32217 32220 32223 32226 32229 32232 32235 32238 32241 32244 32247 32250 32253 32256 32259 32262 32265 32268 32271 32274 32277 32280 32283 32286 32289 32292 32295 32298 32301 32304 32307 32310 32313 32316 32319 32322 32325 32328 32331 32334 32337 32340 32343 32346 32349 32352 32355 32358 32361 32364 32367 32370 32373 32376 32379 32382 32385 32388 32391 32394 32397 32400 32403 32406 32409 32412 32415 32418 32421 32424 32427 32430 32433 32436 32439 32442 32445 32448 32451 32454 32457 32460 32463 32466 32469 32472 32475 32478 32481 32484 32487 32490 32493 32496 32499 32502 32505 32508 32511 32514 32517 32520 32523 32526 32529 32532 32535 32538 32541 32544 32547 32550 32553 32556 32559 32562 32565 32568 32571 32574 32577 32580 32583 32586 32589 32592 32595 32598 32601 32604 32607 32610 32613 32616 32619 32622 32625 32628 32631 32634 32637 32640 32643 32646 32649 32652 32655 32658 32661 32664 32667 32670 32673 32676 32679 32682 32685 32688 32691 32694 32697 32700 32703 32706 32709 32712 32715 32718 32721 32724 32727 32730 32733 32736 32739 32742 32745 32748 32751 32754 32757 32760 32763 32766 32769 32772 32775 32778 32781 32784 32787 32790 32793 32796 32799 32802 32805 32808 32811 32814 32817 32820 32823 32826 32829 32832 32835 32838 32841 32844 32847 32850 32853 32856 32859 32862 32865 32868 32871 32874 32877 32880 32883 32886 32889 32892 32895 32898 32901 32904 32907 32910 32913 32916 32919 32922 32925 32928 32931 32934 32937 32940 32943 32946 32949 32952 32955 32958 32961 32964 32967 32970 32973 32976 32979 32982 32985 32988 32991 32994 32997 33000 33003 33006 33009 33012 33015 33018 33021 33024 33027 33030 33033 33036 33039 33042 33045 33048 33051 33054 33057 33060 33063 33066 33069 33072 33075 33078 33081 33084 33087 33090 33093 33096 33099 33102 33105 33108 33111 33114 33117 33120 33123 33126 33129 33132 33135 33138 33141 33144 33147 33150 33153 33156 33159 33162 33165 33168 33171 33174 33177 33180 33183 33186 33189 33192 33195 33198 33201 33204 33207 33210 33213 33216 33219 33222 33225 33228 33231 33234 33237 33240 33243 33246 33249 33252 33255 33258 33261 33264 33267 33270 33273 33276 33279 33282 33285 33288 33291 33294 33297 33300 33303 33306 33309 33312 33315 33318 33321 33324 33327 33330 33333 33336 33339 33342 33345 33348 33351 33354 33357 33360 33363 33366 33369 33372 33375 33378 33381 33384 33387 33390 33393 33396 33399 33402 33405 33408 33411 33414 33417 33420 33423 33426 33429 33432 33435 33438 33441 33444 33447 33450 33453 33456 33459 33462 33465 33468 33471 33474 33477 33480 33483 33486 33489 33492 33495 33498 33501 33504 33507 33510 33513 33516 33519 33522 33525 33528 33531 33534 33537 33540 33543 33546 33549 33552 33555 33558 33561 33564 33567 33570 33573 33576 33579 33582 33585 33588 33591 33594 33597 33600 33603 33606 33609 33612 33615 33618 33621 33624 33627 33630 33633 33636 33639 33642 33645 33648 33651 33654 33657 33660 33663 33666 33669 33672 33675 33678 33681 33684 33687 33690 33693 33696 33699 33702 33705 33708 33711 33714 33717 33720 33723 33726 33729 33732 33735 33738 33741 33744 33747 33750 33753 33756 33759 33762 33765 33768 33771 33774 33777 33780 33783 33786 33789 33792 33795 33798 33801 33804 33807 33810 33813 33816 33819 33822 33825 33828 33831 33834 33837 33840 33843 33846 33849 33852 33855 33858 33861 33864 33867 33870 33873 33876 33879 33882 33885 33888 33891 33894 33897 33900 33903 33906 33909 33912 33915 33918 33921 33924 33927 33930 33933 33936 33939 33942 33945 33948 33951 33954 33957 33960 33963 33966 33969 33972 33975 33978 33981 33984 33987 33990 33993 33996 33999 34002 34005 34008 34011 34014 34017 34020 34023 34026 34029 34032 34035 34038 34041 34044 34047 34050 34053 34056 34059 34062 34065 34068 34071 34074 34077 34080 34083 34086 34089 34092 34095 34098 34101 34104 34107 34110 34113 34116 34119 34122 34125 34128 34131 34134 34137 34140 34143 34146 34149 34152 34155 34158 34161 34164 34167 34170 34173 34176 34179 34182 34185 34188 34191 34194 34197 34200 34203 34206 34209 34212 34215 34218 34221 34224 34227 34230 34233 34236 34239 34242 34245 34248 34251 34254 34257 34260 34263 34266 34269 34272 34275 34278 34281 34284 34287 34290 34293 34296 34299 34302 34305 34308 34311 34314 34317 34320 34323 34326 34329 34332 34335 34338 34341 34344 34347 34350 34353 34356 34359 34362 34365 34368 34371 34374 34377 34380 34383 34386 34389 34392 34395 34398 34401 34404 34407 34410 34413 34416 34419 34422 34425 34428 34431 34434 34437 34440 34443 34446 34449 34452 34455 34458 34461 34464 34467 34470 34473 34476 34479 34482 34485 34488 34491 34494 34497 34500 34503 34506 34509 34512 34515 34518 34521 34524 34527 34530 34533 34536 34539 34542 34545 34548 34551 34554 34557 34560 34563 34566 34569 34572 34575 34578 34581 34584 34587 34590 34593 34596 34599 34602 34605 34608 34611 34614 34617 34620 34623 34626 34629 34632 34635 34638 34641 34644 34647 34650 34653 34656 34659 34662 34665 34668 34671 34674 34677 34680 34683 34686 34689 34692 34695 34698 34701 34704 34707 34710 34713 34716 34719 34722 34725 34728 34731 34734 34737 34740 34743 34746 34749 34752 34755 34758 34761 34764 34767 34770 34773 34776 34779 34782 34785 34788 34791 34794 34797 34800 34803 34806 34809 34812 34815 34818 34821 34824 34827 34830 34833 34836 34839 34842 34845 34848 34851 34854 34857 34860 34863 34866 34869 34872 34875 34878 34881 34884 34887 34890 34893 34896 34899 34902 34905 34908 34911 34914 34917 34920 34923 34926 34929 34932 34935 34938 34941 34944 34947 34950 34953 34956 34959 34962 34965 34968 34971 34974 34977 34980 34983 34986 34989 34992 34995 34998 35001 35004 35007 35010 35013 35016 35019 35022 35025 35028 35031 35034 35037 35040 35043 35046 35049 35052 35055 35058 35061 35064 35067 35070 35073 35076 35079 35082 35085 35088 35091 35094 35097 35100 35103 35106 35109 35112 35115 35118 35121 35124 35127 35130 35133 35136 35139 35142 35145 35148 35151 35154 35157 35160 35163 35166 35169 35172 35175 35178 35181 35184 35187 35190 35193 35196 35199 35202 35205 35208 35211 35214 35217 35220 35223 35226 35229 35232 35235 35238 35241 35244 35247 35250 35253 35256 35259 35262 35265 35268 35271 35274 35277 35280 35283 35286 35289 35292 35295 35298 35301 35304 35307 35310 35313 35316 35319 35322 35325 35328 35331 35334 35337 35340 35343 35346 35349 35352 35355 35358 35361 35364 35367 35370 35373 35376 35379 35382 35385 35388 35391 35394 35397 35400 35403 35406 35409 35412 35415 35418 35421 35424 35427 35430 35433 35436 35439 35442 35445 35448 35451 35454 35457 35460 35463 35466 35469 35472 35475 35478 35481 35484 35487 35490 35493 35496 35499 35502 35505 35508 35511 35514 35517 35520 35523 35526 35529 35532 35535 35538 35541 35544 35547 35550 35553 35556 35559 35562 35565 35568 35571 35574 35577 35580 35583 35586 35589 35592 35595 35598 35601 35604 35607 35610 35613 35616 35619 35622 35625 35628 35631 35634 35637 35640 35643 35646 35649 35652 35655 35658 35661 35664 35667 35670 35673 35676 35679 35682 35685 35688 35691 35694 35697 35700 35703 35706 35709 35712 35715 35718 35721 35724 35727 35730 35733 35736 35739 35742 35745 35748 35751 35754 35757 35760 35763 35766 35769 35772 35775 35778 35781 35784 35787 35790 35793 35796 35799 35802 35805 35808 35811 35814 35817 35820 35823 35826 35829 35832 35835 35838 35841 35844 35847 35850 35853 35856 35859 35862 35865 35868 35871 35874 35877 35880 35883 35886 35889 35892 35895 35898 35901 35904 35907 35910 35913 35916 35919 35922 35925 35928 35931 35934 35937 35940 35943 35946 35949 35952 35955 35958 35961 35964 35967 35970 35973 35976 35979 35982 35985 35988 35991 35994 35997 36000 36003 36006 36009 36012 36015 36018 36021 36024 36027 36030 36033 36036 36039 36042 36045 36048 36051 36054 36057 36060 36063 36066 36069 36072 36075 36078 36081 36084 36087 36090 36093 36096 36099 36102 36105 36108 36111 36114 36117 36120 36123 36126 36129 36132 36135 36138 36141 36144 36147 36150 36153 36156 36159 36162 36165 36168 36171 36174 36177 36180 36183 36186 36189 36192 36195 36198 36201 36204 36207 36210 36213 36216 36219 36222 36225 36228 36231 36234 36237 36240 36243 36246 36249 36252 36255 36258 36261 36264 36267 36270 36273 36276 36279 36282 36285 36288 36291 36294 36297 36300 36303 36306 36309 36312 36315 36318 36321 36324 36327 36330 36333 36336 36339 36342 36345 36348 36351 36354 36357 36360 36363 36366 36369 36372 36375 36378 36381 36384 36387 36390 36393 36396 36399 36402 36405 36408 36411 36414 36417 36420 36423 36426 36429 36432 36435 36438 36441 36444 36447 36450 36453 36456 36459 36462 36465 36468 36471 36474 36477 36480 36483 36486 36489 36492 36495 36498 36501 36504 36507 36510 36513 36516 36519 36522 36525 36528 36531 36534 36537 36540 36543 36546 36549 36552 36555 36558 36561 36564 36567 36570 36573 36576 36579 36582 36585 36588 36591 36594 36597 36600 36603 36606 36609 36612 36615 36618 36621 36624 36627 36630 36633 36636 36639 36642 36645 36648 36651 36654 36657 36660 36663 36666 36669 36672 36675 36678 36681 36684 36687 36690 36693 36696 36699 36702 36705 36708 36711 36714 36717 36720 36723 36726 36729 36732 36735 36738 36741 36744 36747 36750 36753 36756 36759 36762 36765 36768 36771 36774 36777 36780 36783 36786 36789 36792 36795 36798 36801 36804 36807 36810 36813 36816 36819 36822 36825 36828 36831 36834 36837 36840 36843 36846 36849 36852 36855 36858 36861 36864 36867 36870 36873 36876 36879 36882 36885 36888 36891 36894 36897 36900 36903 36906 36909 36912 36915 36918 36921 36924 36927 36930 36933 36936 36939 36942 36945 36948 36951 36954 36957 36960 36963 36966 36969 36972 36975 36978 36981 36984 36987 36990 36993 36996 36999 37002 37005 37008 37011 37014 37017 37020 37023 37026 37029 37032 37035 37038 37041 37044 37047 37050 37053 37056 37059 37062 37065 37068 37071 37074 37077 37080 37083 37086 37089 37092 37095 37098 37101 37104 37107 37110 37113 37116 37119 37122 37125 37128 37131 37134 37137 37140 37143 37146 37149 37152 37155 37158 37161 37164 37167 37170 37173 37176 37179 37182 37185 37188 37191 37194 37197 37200 37203 37206 37209 37212 37215 37218 37221 37224 37227 37230 37233 37236 37239 37242 37245 37248 37251 37254 37257 37260 37263 37266 37269 37272 37275 37278 37281 37284 37287 37290 37293 37296 37299 37302 37305 37308 37311 37314 37317 37320 37323 37326 37329 37332 37335 37338 37341 37344 37347 37350 37353 37356 37359 37362 37365 37368 37371 37374 37377 37380 37383 37386 37389 37392 37395 37398 37401 37404 37407 37410 37413 37416 37419 37422 37425 37428 37431 37434 37437 37440 37443 37446 37449 37452 37455 37458 37461 37464 37467 37470 37473 37476 37479 37482 37485 37488 37491 37494 37497 37500 37503 37506 37509 37512 37515 37518 37521 37524 37527 37530 37533 37536 37539 37542 37545 37548 37551 37554 37557 37560 37563 37566 37569 37572 37575 37578 37581 37584 37587 37590 37593 37596 37599 37602 37605 37608 37611 37614 37617 37620 37623 37626 37629 37632 37635 37638 37641 37644 37647 37650 37653 37656 37659 37662 37665 37668 37671 37674 37677 37680 37683 37686 37689 37692 37695 37698 37701 37704 37707 37710 37713 37716 37719 37722 37725 37728 37731 37734 37737 37740 37743 37746 37749 37752 37755 37758 37761 37764 37767 37770 37773 37776 37779 37782 37785 37788 37791 37794 37797 37800 37803 37806 37809 37812 37815 37818 37821 37824 37827 37830 37833 37836 37839 37842 37845 37848 37851 37854 37857 37860 37863 37866 37869 37872 37875 37878 37881 37884 37887 37890 37893 37896 37899 37902 37905 37908 37911 37914 37917 37920 37923 37926 37929 37932 37935 37938 37941 37944 37947 37950 37953 37956 37959 37962 37965 37968 37971 37974 37977 37980 37983 37986 37989 37992 37995 37998 38001 38004 38007 38010 38013 38016 38019 38022 38025 38028 38031 38034 38037 38040 38043 38046 38049 38052 38055 38058 38061 38064 38067 38070 38073 38076 38079 38082 38085 38088 38091 38094 38097 38100 38103 38106 38109 38112 38115 38118 38121 38124 38127 38130 38133 38136 38139 38142 38145 38148 38151 38154 38157 38160 38163 38166 38169 38172 38175 38178 38181 38184 38187 38190 38193 38196 38199 38202 38205 38208 38211 38214 38217 38220 38223 38226 38229 38232 38235 38238 38241 38244 38247 38250 38253 38256 38259 38262 38265 38268 38271 38274 38277 38280 38283 38286 38289 38292 38295 38298 38301 38304 38307 38310 38313 38316 38319 38322 38325 38328 38331 38334 38337 38340 38343 38346 38349 38352 38355 38358 38361 38364 38367 38370 38373 38376 38379 38382 38385 38388 38391 38394 38397 38400 </DataArray>
<DataArray  type="UInt8"  Name="types"  format="ascii">5 5 5 5 5 5 5 5 5 5 5 5 5 5 5 5 5 5 5 5 5 5 5 5 5 5 5 5 5 5 5 5 5 5 5 5 5 5 5 5 5 5 5 5 5 5 5 5 5 5 5 5 5 5 5 5 5 5 5 5 5 5 5 5 5 5 5 5 5 5 5 5 5 5 5 5 5 5 5 5 5 5 5 5 5 5 5 5 5 5 5 5 5 5 5 5 5 5 5 5 5 5 5 5 5 5 5 5 5 5 5 5 5 5 5 5 5 5 5 5 5 5 5 5 5 5 5 5 5 5 5 5 5 5 5 5 5 5 5 5 5 5 5 5 5 5 5 5 5 5 5 5 5 5 5 5 5 5 5 5 5 5 5 5 5 5 5 5 5 5 5 5 5 5 5 5 5 5 5 5 5 5 5 5 5 5 5 5 5 5 5 5 5 5 5 5 5 5 5 5 5 5 5 5 5 5 5 5 5 5 5 5 5 5 5 5 5 5 5 5 5 5 5 5 5 5 5 5 5 5 5 5 5 5 5 5 5 5 5 5 5 5 5 5 5 5 5 5 5 5 5 5 5 5 5 5 5 5 5 5 5 5 5 5 5 5 5 5 5 5 5 5 5 5 5 5 5 5 5 5 5 5 5 5 5 5 5 5 5 5 5 5 5 5 5 5 5 5 5 5 5 5 5 5 5 5 5 5 5 5 5 5 5 5 5 5 5 5 5 5 5 5 5 5 5 5 5 5 5 5 5 5 5 5 5 5 5 5 5 5 5 5 5 5 5 5 5 5 5 5 5 5 5 5 5 5 5 5 5 5 5 5 5 5 5 5 5 5 5 5 5 5 5 5 5 5 5 5 5 5 5 5 5 5 5 5 5 5 5 5 5 5 5 5 5 5 5 5 5 5 5 5 5 5 5 5 5 5 5 5 5 5 5 5 5 5 5 5 5 5 5 5 5 5 5 5 5 5 5 5 5 5 5 5 5 5 5 5 5 5 5 5 5 5 5 5 5 5 5 5 5 5 5 5 5 5 5 5 5 5 5 5 5 5 5 5 5 5 5 5 5 5 5 5 5 5 5 5 5 5 5 5 5 5 5 5 5 5 5 5 5 5 5 5 5 5 5 5 5 5 5 5 5 5 5 5 5 5 5 5 5 5 5 5 5 5 5 5 5 5 5 5 5 5 5 5 5 5 5 5 5 5 5 5 5 5 5 5 5 5 5 5 5 5 5 5 5 5 5 5 5 5 5 5 5 5 5 5 5 5 5 5 5 5 5 5 5 5 5 5 5 5 5 5 5 5 5 5 5 5 5 5 5 5 5 5 5 5 5 5 5 5 5 5 5 5 5 5 5 5 5 5 5 5 5 5 5 5 5 5 5 5 5 5 5 5 5 5 5 5 5 5 5 5 5 5 5 5 5 5 5 5 5 5 5 5 5 5 5 5 5 5 5 5 5 5 5 5 5 5 5 5 5 5 5 5 5 5 5 5 5 5 5 5 5 5 5 5 5 5 5 5 5 5 5 5 5 5 5 5 5 5 5 5 5 5 5 5 5 5 5 5 5 5 5 5 5 5 5 5 5 5 5 5 5 5 5 5 5 5 5 5 5 5 5 5 5 5 5 5 5 5 5 5 5 5 5 5 5 5 5 5 5 5 5 5 5 5 5 5 5 5 5 5 5 5 5 5 5 5 5 5 5 5 5 5 5 5 5 5 5 5 5 5 5 5 5 5 5 5 5 5 5 5 5 5 5 5 5 5 5 5 5 5 5 5 5 5 5 5 5 5 5 5 5 5 5 5 5 5 5 5 5 5 5 5 5 5 5 5 5 5 5 5 5 5 5 5 5 5 5 5 5 5 5 5 5 5 5 5 5 5 5 5 5 5 5 5 5 5 5 5 5 5 5 5 5 5 5 5 5 5 5 5 5 5 5 5 5 5 5 5 5 5 5 5 5 5 5 5 5 5 5 5 5 5 5 5 5 5 5 5 5 5 5 5 5 5 5 5 5 5 5 5 5 5 5 5 5 5 5 5 5 5 5 5 5 5 5 5 5 5 5 5 5 5 5 5 5 5 5 5 5 5 5 5 5 5 5 5 5 5 5 5 5 5 5 5 5 5 5 5 5 5 5 5 5 5 5 5 5 5 5 5 5 5 5 5 5 5 5 5 5 5 5 5 5 5 5 5 5 5 5 5 5 5 5 5 5 5 5 5 5 5 5 5 5 5 5 5 5 5 5 5 5 5 5 5 5 5 5 5 5 5 5 5 5 5 5 5 5 5 5 5 5 5 5 5 5 5 5 5 5 5 5 5 5 5 5 5 5 5 5 5 5 5 5 5 5 5 5 5 5 5 5 5 5 5 5 5 5 5 5 5 5 5 5 5 5 5 5 5 5 5 5 5 5 5 5 5 5 5 5 5 5 5 5 5 5 5 5 5 5 5 5 5 5 5 5 5 5 5 5 5 5 5 5 5 5 5 5 5 5 5 5 5 5 5 5 5 5 5 5 5 5 5 5 5 5 5 5 5 5 5 5 5 5 5 5 5 5 5 5 5 5 5 5 5 5 5 5 5 5 5 5 5 5 5 5 5 5 5 5 5 5 5 5 5 5 5 5 5 5 5 5 5 5 5 5 5 5 5 5 5 5 5 5 5 5 5 5 5 5 5 5 5 5 5 5 5 5 5 5 5 5 5 5 5 5 5 5 5 5 5 5 5 5 5 5 5 5 5 5 5 5 5 5 5 5 5 5 5 5 5 5 5 5 5 5 5 5 5 5 5 5 5 5 5 5 5 5 5 5 5 5 5 5 5 5 5 5 5 5 5 5 5 5 5 5 5 5 5 5 5 5 5 5 5 5 5 5 5 5 5 5 5 5 5 5 5 5 5 5 5 5 5 5 5 5 5 5 5 5 5 5 5 5 5 5 5 5 5 5 5 5 5 5 5 5 5 5 5 5 5 5 5 5 5 5 5 5 5 5 5 5 5 5 5 5 5 5 5 5 5 5 5 5 5 5 5 5 5 5 5 5 5 5 5 5 5 5 5 5 5 5 5 5 5 5 5 5 5 5 5 5 5 5 5 5 5 5 5 5 5 5 5 5 5 5 5 5 5 5 5 5 5 5 5 5 5 5 5 5 5 5 5 5 5 5 5 5 5 5 5 5 5 5 5 5 5 5 5 5 5 5 5 5 5 5 5 5 5 5 5 5 5 5 5 5 5 5 5 5 5 5 5 5 5 5 5 5 5 5 5 5 5 5 5 5 5 5 5 5 5 5 5 5 5 5 5 5 5 5 5 5 5 5 5 5 5 5 5 5 5 5 5 5 5 5 5 5 5 5 5 5 5 5 5 5 5 5 5 5 5 5 5 5 5 5 5 5 5 5 5 5 5 5 5 5 5 5 5 5 5 5 5 5 5 5 5 5 5 5 5 5 5 5 5 5 5 5 5 5 5 5 5 5 5 5 5 5 5 5 5 5 5 5 5 5 5 5 5 5 5 5 5 5 5 5 5 5 5 5 5 5 5 5 5 5 5 5 5 5 5 5 5 5 5 5 5 5 5 5 5 5 5 5 5 5 5 5 5 5 5 5 5 5 5 5 5 5 5 5 5 5 5 5 5 5 5 5 5 5 5 5 5 5 5 5 5 5 5 5 5 5 5 5 5 5 5 5 5 5 5 5 5 5 5 5 5 5 5 5 5 5 5 5 5 5 5 5 5 5 5 5 5 5 5 5 5 5 5 5 5 5 5 5 5 5 5 5 5 5 5 5 5 5 5 5 5 5 5 5 5 5 5 5 5 5 5 5 5 5 5 5 5 5 5 5 5 5 5 5 5 5 5 5 5 5 5 5 5 5 5 5 5 5 5 5 5 5 5 5 5 5 5 5 5 5 5 5 5 5 5 5 5 5 5 5 5 5 5 5 5 5 5 5 5 5 5 5 5 5 5 5 5 5 5 5 5 5 5 5 5 5 5 5 5 5 5 5 5 5 5 5 5 5 5 5 5 5 5 5 5 5 5 5 5 5 5 5 5 5 5 5 5 5 5 5 5 5 5 5 5 5 5 5 5 5 5 5 5 5 5 5 5 5 5 5 5 5 5 5 5 5 5 5 5 5 5 5 5 5 5 5 5 5 5 5 5 5 5 5 5 5 5 5 5 5 5 5 5 5 5 5 5 5 5 5 5 5 5 5 5 5 5 5 5 5 5 5 5 5 5 5 5 5 5 5 5 5 5 5 5 5 5 5 5 5 5 5 5 5 5 5 5 5 5 5 5 5 5 5 5 5 5 5 5 5 5 5 5 5 5 5 5 5 5 5 5 5 5 5 5 5 5 5 5 5 5 5 5 5 5 5 5 5 5 5 5 5 5 5 5 5 5 5 5 5 5 5 5 5 5 5 5 5 5 5 5 5 5 5 5 5 5 5 5 5 5 5 5 5 5 5 5 5 5 5 5 5 5 5 5 5 5 5 5 5 5 5 5 5 5 5 5 5 5 5 5 5 5 5 5 5 5 5 5 5 5 5 5 5 5 5 5 5 5 5 5 5 5 5 5 5 5 5 5 5 5 5 5 5 5 5 5 5 5 5 5 5 5 5 5 5 5 5 5 5 5 5 5 5 5 5 5 5 5 5 5 5 5 5 5 5 5 5 5 5 5 5 5 5 5 5 5 5 5 5 5 5 5 5 5 5 5 5 5 5 5 5 5 5 5 5 5 5 5 5 5 5 5 5 5 5 5 5 5 5 5 5 5 5 5 5 5 5 5 5 5 5 5 5 5 5 5 5 5 5 5 5 5 5 5 5 5 5 5 5 5 5 5 5 5 5 5 5 5 5 5 5 5 5 5 5 5 5 5 5 5 5 5 5 5 5 5 5 5 5 5 5 5 5 5 5 5 5 5 5 5 5 5 5 5 5 5 5 5 5 5 5 5 5 5 5 5 5 5 5 5 5 5 5 5 5 5 5 5 5 5 5 5 5 5 5 5 5 5 5 5 5 5 5 5 5 5 5 5 5 5 5 5 5 5 5 5 5 5 5 5 5 5 5 5 5 5 5 5 5 5 5 5 5 5 5 5 5 5 5 5 5 5 5 5 5 5 5 5 5 5 5 5 5 5 5 5 5 5 5 5 5 5 5 5 5 5 5 5 5 5 5 5 5 5 5 5 5 5 5 5 5 5 5 5 5 5 5 5 5 5 5 5 5 5 5 5 5 5 5 5 5 5 5 5 5 5 5 5 5 5 5 5 5 5 5 5 5 5 5 5 5 5 5 5 5 5 5 5 5 5 5 5 5 5 5 5 5 5 5 5 5 5 5 5 5 5 5 5 5 5 5 5 5 5 5 5 5 5 5 5 5 5 5 5 5 5 5 5 5 5 5 5 5 5 5 5 5 5 5 5 5 5 5 5 5 5 5 5 5 5 5 5 5 5 5 5 5 5 5 5 5 5 5 5 5 5 5 5 5 5 5 5 5 5 5 5 5 5 5 5 5 5 5 5 5 5 5 5 5 5 5 5 5 5 5 5 5 5 5 5 5 5 5 5 5 5 5 5 5 5 5 5 5 5 5 5 5 5 5 5 5 5 5 5 5 5 5 5 5 5 5 5 5 5 5 5 5 5 5 5 5 5 5 5 5 5 5 5 5 5 5 5 5 5 5 5 5 5 5 5 5 5 5 5 5 5 5 5 5 5 5 5 5 5 5 5 5 5 5 5 5 5 5 5 5 5 5 5 5 5 5 5 5 5 5 5 5 5 5 5 5 5 5 5 5 5 5 5 5 5 5 5 5 5 5 5 5 5 5 5 5 5 5 5 5 5 5 5 5 5 5 5 5 5 5 5 5 5 5 5 5 5 5 5 5 5 5 5 5 5 5 5 5 5 5 5 5 5 5 5 5 5 5 5 5 5 5 5 5 5 5 5 5 5 5 5 5 5 5 5 5 5 5 5 5 5 5 5 5 5 5 5 5 5 5 5 5 5 5 5 5 5 5 5 5 5 5 5 5 5 5 5 5 5 5 5 5 5 5 5 5 5 5 5 5 5 5 5 5 5 5 5 5 5 5 5 5 5 5 5 5 5 5 5 5 5 5 5 5 5 5 5 5 5 5 5 5 5 5 5 5 5 5 5 5 5 5 5 5 5 5 5 5 5 5 5 5 5 5 5 5 5 5 5 5 5 5 5 5 5 5 5 5 5 5 5 5 5 5 5 5 5 5 5 5 5 5 5 5 5 5 5 5 5 5 5 5 5 5 5 5 5 5 5 5 5 5 5 5 5 5 5 5 5 5 5 5 5 5 5 5 5 5 5 5 5 5 5 5 5 5 5 5 5 5 5 5 5 5 5 5 5 5 5 5 5 5 5 5 5 5 5 5 5 5 5 5 5 5 5 5 5 5 5 5 5 5 5 5 5 5 5 5 5 5 5 5 5 5 5 5 5 5 5 5 5 5 5 5 5 5 5 5 5 5 5 5 5 5 5 5 5 5 5 5 5 5 5 5 5 5 5 5 5 5 5 5 5 5 5 5 5 5 5 5 5 5 5 5 5 5 5 5 5 5 5 5 5 5 5 5 5 5 5 5 5 5 5 5 5 5 5 5 5 5 5 5 5 5 5 5 5 5 5 5 5 5 5 5 5 5 5 5 5 5 5 5 5 5 5 5 5 5 5 5 5 5 5 5 5 5 5 5 5 5 5 5 5 5 5 5 5 5 5 5 5 5 5 5 5 5 5 5 5 5 5 5 5 5 5 5 5 5 5 5 5 5 5 5 5 5 5 5 5 5 5 5 5 5 5 5 5 5 5 5 5 5 5 5 5 5 5 5 5 5 5 5 5 5 5 5 5 5 5 5 5 5 5 5 5 5 5 5 5 5 5 5 5 5 5 5 5 5 5 5 5 5 5 5 5 5 5 5 5 5 5 5 5 5 5 5 5 5 5 5 5 5 5 5 5 5 5 5 5 5 5 5 5 5 5 5 5 5 5 5 5 5 5 5 5 5 5 5 5 5 5 5 5 5 5 5 5 5 5 5 5 5 5 5 5 5 5 5 5 5 5 5 5 5 5 5 5 5 5 5 5 5 5 5 5 5 5 5 5 5 5 5 5 5 5 5 5 5 5 5 5 5 5 5 5 5 5 5 5 5 5 5 5 5 5 5 5 5 5 5 5 5 5 5 5 5 5 5 5 5 5 5 5 5 5 5 5 5 5 5 5 5 5 5 5 5 5 5 5 5 5 5 5 5 5 5 5 5 5 5 5 5 5 5 5 5 5 5 5 5 5 5 5 5 5 5 5 5 5 5 5 5 5 5 5 5 5 5 5 5 5 5 5 5 5 5 5 5 5 5 5 5 5 5 5 5 5 5 5 5 5 5 5 5 5 5 5 5 5 5 5 5 5 5 5 5 5 5 5 5 5 5 5 5 5 5 5 5 5 5 5 5 5 5 5 5 5 5 5 5 5 5 5 5 5 5 5 5 5 5 5 5 5 5 5 5 5 5 5 5 5 5 5 5 5 5 5 5 5 5 5 5 5 5 5 5 5 5 5 5 5 5 5 5 5 5 5 5 5 5 5 5 5 5 5 5 5 5 5 5 5 5 5 5 5 5 5 5 5 5 5 5 5 5 5 5 5 5 5 5 5 5 5 5 5 5 5 5 5 5 5 5 5 5 5 5 5 5 5 5 5 5 5 5 5 5 5 5 5 5 5 5 5 5 5 5 5 5 5 5 5 5 5 5 5 5 5 5 5 5 5 5 5 5 5 5 5 5 5 5 5 5 5 5 5 5 5 5 5 5 5 5 5 5 5 5 5 5 5 5 5 5 5 5 5 5 5 5 5 5 5 5 5 5 5 5 5 5 5 5 5 5 5 5 5 5 5 5 5 5 5 5 5 5 5 5 5 5 5 5 5 5 5 5 5 5 5 5 5 5 5 5 5 5 5 5 5 5 5 5 5 5 5 5 5 5 5 5 5 5 5 5 5 5 5 5 5 5 5 5 5 5 5 5 5 5 5 5 5 5 5 5 5 5 5 5 5 5 5 5 5 5 5 5 5 5 5 5 5 5 5 5 5 5 5 5 5 5 5 5 5 5 5 5 5 5 5 5 5 5 5 5 5 5 5 5 5 5 5 5 5 5 5 5 5 5 5 5 5 5 5 5 5 5 5 5 5 5 5 5 5 5 5 5 5 5 5 5 5 5 5 5 5 5 5 5 5 5 5 5 5 5 5 5 5 5 5 5 5 5 5 5 5 5 5 5 5 5 5 5 5 5 5 5 5 5 5 5 5 5 5 5 5 5 5 5 5 5 5 5 5 5 5 5 5 5 5 5 5 5 5 5 5 5 5 5 5 5 5 5 5 5 5 5 5 5 5 5 5 5 5 5 5 5 5 5 5 5 5 5 5 5 5 5 5 5 5 5 5 5 5 5 5 5 5 5 5 5 5 5 5 5 5 5 5 5 5 5 5 5 5 5 5 5 5 5 5 5 5 5 5 5 5 5 5 5 5 5 5 5 5 5 5 5 5 5 5 5 5 5 5 5 5 5 5 5 5 5 5 5 5 5 5 5 5 5 5 5 5 5 5 5 5 5 5 5 5 5 5 5 5 5 5 5 5 5 5 5 5 5 5 5 5 5 5 5 5 5 5 5 5 5 5 5 5 5 5 5 5 5 5 5 5 5 5 5 5 5 5 5 5 5 5 5 5 5 5 5 5 5 5 5 5 5 5 5 5 5 5 5 5 5 5 5 5 5 5 5 5 5 5 5 5 5 5 5 5 5 5 5 5 5 5 5 5 5 5 5 5 5 5 5 5 5 5 5 5 5 5 5 5 5 5 5 5 5 5 5 5 5 5 5 5 5 5 5 5 5 5 5 5 5 5 5 5 5 5 5 5 5 5 5 5 5 5 5 5 5 5 5 5 5 5 5 5 5 5 5 5 5 5 5 5 5 5 5 5 5 5 5 5 5 5 5 5 5 5 5 5 5 5 5 5 5 5 5 5 5 5 5 5 5 5 5 5 5 5 5 5 5 5 5 5 5 5 5 5 5 5 5 5 5 5 5 5 5 5 5 5 5 5 5 5 5 5 5 5 5 5 5 5 5 5 5 5 5 5 5 5 5 5 5 5 5 5 5 5 5 5 5 5 5 5 5 5 5 5 5 5 5 5 5 5 5 5 5 5 5 5 5 5 5 5 5 5 5 5 5 5 5 5 5 5 5 5 5 5 5 5 5 5 5 5 5 5 5 5 5 5 5 5 5 5 5 5 5 5 5 5 5 5 5 5 5 5 5 5 5 5 5 5 5 5 5 5 5 5 5 5 5 5 5 5 5 5 5 5 5 5 5 5 5 5 5 5 5 5 5 5 5 5 5 5 5 5 5 5 5 5 5 5 5 5 5 5 5 5 5 5 5 5 5 5 5 5 5 5 5 5 5 5 5 5 5 5 5 5 5 5 5 5 5 5 5 5 5 5 5 5 5 5 5 5 5 5 5 5 5 5 5 5 5 5 5 5 5 5 5 5 5 5 5 5 5 5 5 5 5 5 5 5 5 5 5 5 5 5 5 5 5 5 5 5 5 5 5 5 5 5 5 5 5 5 5 5 5 5 5 5 5 5 5 5 5 5 5 5 5 5 5 5 5 5 5 5 5 5 5 5 5 5 5 5 5 5 5 5 5 5 5 5 5 5 5 5 5 5 5 5 5 5 5 5 5 5 5 5 5 5 5 5 5 5 5 5 5 5 5 5 5 5 5 5 5 5 5 5 5 5 5 5 5 5 5 5 5 5 5 5 5 5 5 5 5 5 5 5 5 5 5 5 5 5 5 5 5 5 5 5 5 5 5 5 5 5 5 5 5 5 5 5 5 5 5 5 5 5 5 5 5 5 5 5 5 5 5 5 5 5 5 5 5 5 5 5 5 5 5 5 5 5 5 5 5 5 5 5 5 5 5 5 5 5 5 5 5 5 5 5 5 5 5 5 5 5 5 5 5 5 5 5 5 5 5 5 5 5 5 5 5 5 5 5 5 5 5 5 5 5 5 5 5 5 5 5 5 5 5 5 5 5 5 5 5 5 5 5 5 5 5 5 5 5 5 5 5 5 5 5 5 5 5 5 5 5 5 5 5 5 5 5 5 5 5 5 5 5 5 5 5 5 5 5 5 5 5 5 5 5 5 5 5 5 5 5 5 5 5 5 5 5 5 5 5 5 5 5 5 5 5 5 5 5 5 5 5 5 5 5 5 5 5 5 5 5 5 5 5 5 5 5 5 5 5 5 5 5 5 5 5 5 5 5 5 5 5 5 5 5 5 5 5 5 5 5 5 5 5 5 5 5 5 5 5 5 5 5 5 5 5 5 5 5 5 5 5 5 5 5 5 5 5 5 5 5 5 5 5 5 5 5 5 5 5 5 5 5 5 5 5 5 5 5 5 5 5 5 5 5 5 5 5 5 5 5 5 5 5 5 5 5 5 5 5 5 5 5 5 5 5 5 5 5 5 5 5 5 5 5 5 5 5 5 5 5 5 5 5 5 5 5 5 5 5 5 5 5 5 5 5 5 5 5 5 5 5 5 5 5 5 5 5 5 5 5 5 5 5 5 5 5 5 5 5 5 5 5 5 5 5 5 5 5 5 5 5 5 5 5 5 5 5 5 5 5 5 5 5 5 5 5 5 5 5 5 5 5 5 5 5 5 5 5 5 5 5 5 5 5 5 5 5 5 5 5 5 5 5 5 5 5 5 5 5 5 5 5 5 5 5 5 5 5 5 5 5 5 5 5 5 5 5 5 5 5 5 5 5 5 5 5 5 5 5 5 5 5 5 5 5 5 5 5 5 5 5 5 5 5 5 5 5 5 5 5 5 5 5 5 5 5 5 5 5 5 5 5 5 5 5 5 5 5 5 5 5 5 5 5 5 5 5 5 5 5 5 5 5 5 5 5 5 5 5 5 5 5 5 5 5 5 5 5 5 5 5 5 5 5 5 5 5 5 5 5 5 5 5 5 5 5 5 5 5 5 5 5 5 5 5 5 5 5 5 5 5 5 5 5 5 5 5 5 5 5 5 5 5 5 5 5 5 5 5 5 5 5 5 5 5 5 5 5 5 5 5 5 5 5 5 5 5 5 5 5 5 5 5 5 5 5 5 5 5 5 5 5 5 5 5 5 5 5 5 5 5 5 5 5 5 5 5 5 5 5 5 5 5 5 5 5 5 5 5 5 5 5 5 5 5 5 5 5 5 5 5 5 5 5 5 5 5 5 5 5 5 5 5 5 5 5 5 5 5 5 5 5 5 5 5 5 5 5 5 5 5 5 5 5 5 5 5 5 5 5 5 5 5 5 5 5 5 5 5 5 5 5 5 5 5 5 5 5 5 5 5 5 5 5 5 5 5 5 5 5 5 5 5 5 5 5 5 5 5 5 5 5 5 5 5 5 5 5 5 5 5 5 5 5 5 5 5 5 5 5 5 5 5 5 5 5 5 5 5 5 5 5 5 5 5 5 5 5 5 5 5 5 5 5 5 5 5 5 5 5 5 5 5 5 5 5 5 5 5 5 5 5 5 5 5 5 5 5 5 5 5 5 5 5 5 5 5 5 5 5 5 5 5 5 5 5 5 5 5 5 5 5 5 5 5 5 5 5 5 5 5 5 5 5 5 5 5 5 5 5 5 5 5 5 5 5 5 5 5 5 5 5 5 5 5 5 5 5 5 5 5 5 5 5 5 5 5 5 5 5 5 5 5 5 5 5 5 5 5 5 5 5 5 5 5 5 5 5 5 5 5 5 5 5 5 5 5 5 5 5 5 5 5 5 5 5 5 5 5 5 5 5 5 5 5 5 5 5 5 5 5 5 5 5 5 5 5 5 5 5 5 5 5 5 5 5 5 5 5 5 5 5 5 5 5 5 5 5 5 5 5 5 5 5 5 5 5 5 5 5 5 5 5 5 5 5 5 5 5 5 5 5 5 5 5 5 5 5 5 5 5 5 5 5 5 5 5 5 5 5 5 5 5 5 5 5 5 5 5 5 5 5 5 5 5 5 5 5 5 5 5 5 5 5 5 5 5 5 5 5 5 5 5 5 5 5 5 5 5 5 5 5 5 5 5 5 5 5 5 5 5 5 5 5 5 5 5 5 5 5 5 5 5 5 5 5 5 5 5 5 5 5 5 5 5 5 5 5 5 5 5 5 5 5 5 5 5 5 5 5 5 5 5 5 5 5 5 5 5 5 5 5 5 5 5 5 5 5 5 5 5 5 5 5 5 5 5 5 5 5 5 5 5 5 5 5 5 5 5 5 5 5 5 5 5 5 5 5 5 5 5 5 5 5 5 5 5 5 5 5 5 5 5 5 5 5 5 5 5 5 5 5 5 5 5 5 5 5 5 5 5 5 5 5 5 5 5 5 5 5 5 5 5 5 5 5 5 5 5 5 5 5 5 5 5 5 5 5 5 5 5 5 5 5 5 5 5 5 5 5 5 5 5 5 5 5 5 5 5 5 5 5 5 5 5 5 5 5 5 5 5 5 5 5 5 5 5 5 5 5 5 5 5 5 5 5 5 5 5 5 5 5 5 5 5 5 5 5 5 5 5 5 5 5 5 5 5 5 5 5 5 5 5 5 5 5 5 5 5 5 5 5 5 5 5 5 5 5 5 5 5 5 5 5 5 5 5 5 5 5 5 5 5 5 5 5 5 5 5 5 5 5 5 5 5 5 5 5 5 5 5 5 5 5 5 5 5 5 5 5 5 5 5 5 5 5 5 5 5 5 5 5 5 5 5 5 5 5 5 5 5 5 5 5 5 5 5 5 5 5 5 5 5 5 5 5 5 5 5 5 5 5 5 5 5 5 5 5 5 5 5 5 5 5 5 5 5 5 5 5 5 5 5 5 5 5 5 5 5 5 5 5 5 5 5 5 5 5 5 5 5 5 5 5 5 5 5 5 5 5 5 5 5 5 5 5 5 5 5 5 5 5 5 5 5 5 5 5 5 5 5 5 5 5 5 5 5 5 5 5 5 5 5 5 5 5 5 5 5 5 5 5 5 5 5 5 5 5 5 5 5 5 5 5 5 5 5 5 5 5 5 5 5 5 5 5 5 5 5 5 5 5 5 5 5 5 5 5 5 5 5 5 5 5 5 5 5 5 5 5 5 5 5 5 5 5 5 5 5 5 5 5 5 5 5 5 5 5 5 5 5 5 5 5 5 5 5 5 5 5 5 5 5 5 5 5 5 5 5 5 5 5 5 5 5 5 5 5 5 5 5 5 5 5 5 5 5 5 5 5 5 5 5 5 5 5 5 5 5 5 5 5 5 5 5 5 5 5 5 5 5 5 5 5 5 5 5 5 5 5 5 5 5 5 5 5 5 5 5 5 5 5 5 5 5 5 5 5 5 5 5 5 5 5 5 5 5 5 5 5 5 5 5 5 5 5 5 5 5 5 5 5 5 5 5 5 5 5 5 5 5 5 5 5 5 5 5 5 5 5 5 5 5 5 5 5 5 5 5 5 5 5 5 5 5 5 5 5 5 5 5 5 5 5 5 5 5 5 5 5 5 5 5 5 5 5 5 5 5 5 5 5 5 5 5 5 5 5 5 5 5 5 5 5 5 5 5 5 5 5 5 5 5 5 5 5 5 5 5 5 5 5 5 5 5 5 5 5 5 5 5 5 5 5 5 5 5 5 5 5 5 5 5 5 5 5 5 5 5 5 5 5 5 5 5 5 5 5 5 5 5 5 5 5 5 5 5 5 5 5 5 5 5 5 5 5 5 5 5 5 5 5 5 5 5 5 5 5 5 5 5 5 5 5 5 5 5 5 5 5 5 5 5 5 5 5 5 5 5 5 5 5 5 5 5 5 5 5 5 5 5 5 5 5 5 5 5 5 5 5 5 5 5 5 5 5 5 5 5 5 5 5 5 5 5 5 5 5 5 5 5 5 5 5 5 5 5 5 5 5 5 5 5 5 5 5 5 5 5 5 5 5 5 5 5 5 5 5 5 5 5 5 5 5 5 5 5 5 5 5 5 5 5 5 5 5 5 5 5 5 5 5 5 5 5 5 5 5 5 5 5 5 5 5 5 5 5 5 5 5 5 5 5 5 5 5 5 5 5 5 5 5 5 5 5 5 5 5 5 5 5 5 5 5 5 5 5 5 5 5 5 5 5 5 5 5 5 5 5 5 5 5 5 5 5 5 5 5 5 5 5 5 5 5 5 5 5 5 5 5 5 5 5 5 5 5 5 5 5 5 5 5 5 5 5 5 5 5 5 5 5 5 5 5 5 5 5 5 5 5 5 5 5 5 5 5 5 5 5 5 5 5 5 5 5 5 5 5 5 5 5 5 5 5 5 5 5 5 5 5 5 5 5 5 5 5 5 5 5 5 5 5 5 5 5 5 5 5 5 5 5 5 5 5 5 5 5 5 5 5 5 5 5 5 5 5 5 5 5 5 5 5 5 5 5 5 5 5 5 5 5 5 5 5 5 5 5 5 5 5 5 5 5 5 5 5 5 5 5 5 5 5 5 5 5 5 5 5 5 5 5 5 5 5 5 5 5 5 5 5 5 5 5 5 5 5 5 5 5 5 5 5 5 5 5 5 5 5 5 5 5 5 5 5 5 5 5 5 5 5 5 5 5 5 5 5 5 5 5 5 5 5 5 5 5 5 5 5 5 5 5 5 5 5 5 5 5 5 5 5 5 5 5 5 5 5 5 5 5 5 5 5 5 5 5 5 5 5 5 5 5 5 5 5 5 5 5 5 5 5 5 5 5 5 5 5 5 5 5 5 5 5 5 5 5 5 5 5 5 5 5 5 5 5 5 5 5 5 5 5 5 5 5 5 5 5 5 5 5 5 5 5 5 5 5 5 5 5 5 5 5 5 5 5 5 5 5 5 5 5 5 5 5 5 5 5 5 5 5 5 5 5 5 5 5 5 5 5 5 5 5 5 5 5 5 5 5 5 5 5 5 5 5 5 5 5 5 5 5 5 5 5 5 5 5 5 5 5 5 5 5 5 5 5 5 5 5 5 5 5 5 5 5 5 5 5 5 5 5 5 5 5 5 5 5 5 5 5 5 5 5 5 5 5 5 5 5 5 5 5 5 5 5 5 5 5 5 5 5 5 5 5 5 5 5 5 5 5 5 5 5 5 5 5 5 5 5 5 5 5 5 5 5 5 5 5 5 5 5 5 5 5 5 5 5 5 5 5 5 5 5 5 5 5 5 5 5 5 5 5 5 5 5 5 5 5 5 5 5 5 5 5 5 5 5 5 5 5 5 5 5 5 5 5 5 5 5 5 5 5 5 5 5 5 5 5 5 5 5 5 5 5 5 5 5 5 5 5 5 5 5 5 5 5 5 5 5 5 5 5 5 5 5 5 5 5 5 5 5 5 5 5 5 5 5 5 5 5 5 5 5 5 5 5 5 5 5 5 5 5 5 5 5 5 5 5 5 5 5 5 5 5 5 5 5 5 5 5 5 5 5 5 5 5 5 5 5 5 5 5 5 5 5 5 5 5 5 5 5 5 5 5 5 5 5 5 5 5 5 5 5 5 5 5 5 5 5 5 5 5 5 5 5 5 5 5 5 5 5 5 5 5 5 5 5 5 5 5 5 5 5 5 5 5 5 5 5 5 5 5 5 5 5 5 5 5 5 5 5 5 5 5 5 5 5 5 5 5 5 5 5 5 5 5 5 5 5 5 5 5 5 5 5 5 5 5 5 5 5 5 5 5 5 5 5 5 5 5 5 5 5 5 5 5 5 5 5 5 5 5 5 5 5 5 5 5 5 5 5 5 5 5 5 5 5 5 5 5 5 5 5 5 5 5 5 5 5 5 5 5 5 5 5 5 5 5 5 5 5 5 5 5 5 5 5 5 5 5 5 5 5 5 5 5 5 5 5 5 5 5 5 5 5 5 5 5 5 5 5 5 5 5 5 5 5 5 5 5 5 5 5 5 5 5 5 5 5 5 5 5 5 5 5 5 5 5 5 5 5 5 5 5 5 5 5 5 5 5 5 5 5 5 5 5 5 5 5 5 5 5 5 5 5 5 5 5 5 5 5 5 5 5 5 5 5 5 5 5 5 5 5 5 5 5 5 5 5 5 5 5 5 5 5 5 5 5 5 5 5 5 5 5 5 5 5 5 5 5 5 5 5 5 5 5 5 5 5 5 5 5 5 5 5 5 5 5 5 5 5 5 5 5 5 5 5 5 5 5 5 5 5 5 5 5 5 5 5 5 5 5 5 5 5 5 5 5 5 5 5 5 5 5 5 5 5 5 5 5 5 5 5 5 5 5 5 5 5 5 5 5 5 5 5 5 5 5 5 5 5 5 5 5 5 5 5 5 5 5 5 5 5 5 5 5 5 5 5 5 5 5 5 5 5 5 5 5 5 5 5 5 5 5 5 5 5 5 5 5 5 5 5 5 5 5 5 5 5 5 5 5 5 5 5 5 5 5 5 5 5 5 5 5 5 5 5 5 5 5 5 5 5 5 5 5 5 5 5 5 5 5 5 5 5 5 5 5 5 5 5 5 5 5 5 5 5 5 5 5 5 5 5 5 5 5 5 5 5 5 5 5 5 5 5 5 5 5 5 5 5 5 5 5 5 5 5 5 5 5 5 5 5 5 5 5 5 5 5 5 5 5 5 5 5 5 5 5 5 5 5 5 5 5 5 5 5 5 5 5 5 5 5 5 5 5 5 5 5 5 5 5 5 5 5 5 5 5 5 5 5 5 5 5 5 5 5 5 5 5 5 5 5 5 5 5 5 5 5 5 5 5 5 5 5 5 5 5 5 5 5 5 5 5 5 5 5 5 5 5 5 5 5 5 5 5 5 5 5 5 5 5 5 5 5 5 5 5 5 5 5 5 5 5 5 5 5 5 5 5 5 5 5 5 5 5 5 5 5 5 5 5 5 5 5 5 5 5 5 5 5 5 5 5 5 5 5 5 5 5 5 5 5 5 5 5 5 5 5 5 5 5 5 5 5 5 5 5 5 5 5 5 5 5 5 5 5 5 5 5 5 5 5 5 5 5 5 5 5 5 5 5 5 5 5 5 5 5 5 5 5 5 5 5 5 5 5 5 5 5 5 5 5 5 5 5 5 5 5 5 5 5 5 5 5 5 5 5 5 5 5 5 5 5 5 5 5 5 5 5 5 5 5 5 5 5 5 5 5 5 5 5 5 5 5 5 5 5 5 5 5 5 5 5 5 5 5 5 5 5 5 5 5 5 5 5 5 5 5 5 5 5 5 5 5 5 5 5 5 5 5 5 5 5 5 5 5 5 5 5 5 5 5 5 5 5 5 5 5 5 5 5 5 5 5 5 5 5 5 5 5 5 5 5 5 5 5 5 5 5 5 5 5 5 5 5 5 5 5 5 5 5 5 5 5 5 5 5 5 5 5 5 5 5 5 5 5 5 5 5 5 5 5 5 5 5 5 5 5 5 5 5 5 5 5 5 5 5 5 5 5 5 5 5 5 5 5 5 5 5 5 5 5 5 5 5 5 5 5 5 5 5 5 5 5 5 5 5 5 5 5 5 5 5 5 5 5 5 5 5 5 5 5 5 5 5 5 5 5 5 5 5 5 5 5 5 5 5 5 5 5 5 5 5 5 5 5 5 5 5 5 5 5 5 5 5 5 5 5 5 5 5 5 5 5 5 5 5 5 5 5 5 5 5 5 5 5 5 5 5 5 5 5 5 5 5 5 5 5 5 5 5 5 5 5 5 5 5 5 5 5 5 5 5 5 5 5 5 5 5 5 5 5 5 5 5 5 5 5 5 5 5 5 5 5 5 5 5 5 5 5 5 5 5 5 5 5 5 5 5 5 5 5 5 5 5 5 5 5 5 5 5 5 5 5 5 5 5 5 5 5 5 5 5 5 5 5 5 5 5 5 5 5 5 5 5 5 5 5 5 5 5 5 5 5 5 5 5 5 5 5 5 5 5 5 5 5 5 5 5 5 5 5 5 5 5 5 5 5 5 5 5 5 5 5 5 5 5 5 5 5 5 5 5 5 5 5 5 5 5 5 5 5 5 5 5 5 5 5 5 5 5 5 5 5 5 5 5 5 5 5 5 5 5 5 5 5 5 5 5 5 5 5 5 5 5 5 5 5 5 5 5 5 5 5 5 5 5 5 5 5 5 5 5 5 5 5 5 5 5 5 5 5 5 5 5 5 5 5 5 5 5 5 5 5 5 5 5 5 5 5 5 5 5 5 5 5 5 5 5 5 5 5 5 5 5 5 5 5 5 5 5 5 5 5 5 5 5 5 5 5 5 5 5 5 5 5 5 5 5 5 5 5 5 5 5 5 5 5 5 5 5 5 5 5 5 5 5 5 5 5 5 5 5 5 5 5 5 5 5 5 5 5 5 5 5 5 5 5 5 5 5 5 5 5 5 5 5 5 5 5 5 5 5 5 5 5 5 5 5 5 5 5 5 5 5 5 5 5 5 5 5 5 5 5 5 5 5 5 5 5 5 5 5 5 5 5 5 5 5 5 5 5 5 5 5 5 5 5 5 5 5 5 5 5 5 5 5 5 5 5 5 5 5 5 5 5 5 5 5 5 5 5 5 5 5 5 5 5 5 5 5 5 5 5 5 5 5 5 5 5 5 5 5 5 5 5 5 5 5 5 5 5 5 5 5 5 5 5 5 5 5 5 5 5 5 5 5 5 5 5 5 5 5 5 5 5 5 5 5 5 5 5 5 5 5 5 5 5 5 5 5 5 5 5 5 5 5 5 5 5 5 5 5 5 5 5 5 5 5 5 5 5 5 5 5 5 5 5 5 5 5 5 5 5 5 5 5 5 5 5 5 5 5 5 5 5 5 5 5 5 5 5 5 5 5 5 5 5 5 5 5 5 5 5 5 5 5 5 5 5 5 5 5 5 5 5 5 5 5 5 5 5 5 5 5 5 5 5 5 5 5 5 5 5 5 5 5 5 5 5 5 5 5 5 5 5 5 5 5 5 5 5 5 5 5 5 5 5 5 5 5 5 5 5 5 5 5 5 5 5 5 5 5 5 5 5 5 5 5 5 5 5 5 5 5 5 5 5 5 5 5 5 5 5 5 5 5 5 5 5 5 5 5 5 5 5 5 5 5 5 5 5 5 5 5 5 5 5 5 5 5 5 5 5 5 5 5 5 5 5 5 5 5 5 5 5 5 5 5 5 5 5 5 5 5 5 5 5 5 5 5 5 5 5 5 5 5 5 5 5 5 5 5 5 5 5 5 5 5 5 5 5 5 5 5 5 5 5 5 5 5 5 5 5 5 5 5 5 5 5 5 5 5 5 5 5 5 5 5 5 5 5 5 5 5 5 5 5 5 5 5 5 5 5 5 5 5 5 5 5 5 5 5 5 5 5 5 5 5 5 5 5 5 5 5 5 5 5 5 5 5 5 5 5 5 5 5 5 5 5 5 5 5 5 5 5 5 5 5 5 5 5 5 5 5 5 5 5 5 5 5 5 5 5 5 5 5 5 5 5 5 5 5 5 5 5 5 5 5 5 5 5 5 5 5 5 5 5 5 5 5 5 5 5 5 5 5 5 5 5 5 5 5 5 5 5 5 5 5 5 5 5 5 5 5 5 5 5 5 5 5 5 5 5 5 5 5 5 5 5 5 5 5 5 5 5 5 5 5 5 5 5 5 5 5 5 5 5 5 5 5 5 5 5 5 5 5 5 5 5 5 5 5 5 5 5 5 5 5 5 5 5 5 5 5 5 5 5 5 5 5 5 5 5 5 5 5 5 5 5 5 5 5 5 5 5 5 5 5 5 5 5 5 5 5 5 5 5 5 5 5 5 5 5 5 5 5 5 5 5 5 5 5 5 5 5 5 5 5 5 5 5 5 5 5 5 5 5 5 5 5 5 5 5 5 5 5 5 5 5 5 5 5 5 5 5 5 5 5 5 5 5 5 5 5 5 5 5 5 5 5 5 5 5 5 5 5 5 5 5 5 5 5 5 5 5 5 5 5 5 5 5 5 5 5 5 5 5 5 5 5 5 5 5 5 5 5 5 5 5 5 5 5 5 5 5 5 5 5 5 5 5 5 5 5 5 5 5 5 5 5 5 5 5 5 5 5 5 5 5 5 5 5 5 5 5 5 5 5 5 5 5 5 5 5 5 5 5 5 5 5 5 5 5 5 5 5 5 5 5 5 5 5 5 5 5 5 5 5 5 5 5 5 5 5 5 5 5 5 5 5 5 5 5 5 5 5 5 5 5 5 5 5 5 5 5 5 5 5 5 5 5 5 5 5 5 5 5 5 5 5 5 5 5 5 5 5 5 5 5 5 5 5 5 5 5 5 5 5 5 5 5 5 5 5 5 5 5 5 5 5 5 5 5 5 5 5 5 5 5 5 5 5 5 5 5 5 5 5 5 5 5 5 5 5 5 5 5 5 5 5 5 5 5 5 5 5 5 5 5 5 5 5 5 5 5 5 5 5 5 5 5 5 5 5 5 5 5 5 5 5 5 5 5 5 5 5 5 5 5 5 5 5 5 5 5 5 5 5 5 5 5 5 5 5 5 5 5 5 5 5 5 5 5 5 5 5 5 5 5 5 5 5 5 5 5 5 5 5 5 5 5 5 5 5 5 5 5 5 5 5 5 5 5 5 5 5 5 5 5 5 5 5 5 5 5 5 5 5 5 5 5 5 5 5 5 5 5 5 5 5 5 5 5 5 5 5 5 5 5 5 5 5 5 5 5 5 5 5 5 5 5 5 5 5 5 5 5 5 5 5 5 5 5 5 5 5 5 5 5 5 5 5 5 5 5 5 5 5 5 5 5 5 5 5 5 5 5 5 5 5 5 5 5 5 5 5 5 5 5 5 5 5 5 5 5 5 5 5 5 5 5 5 5 5 5 5 5 5 5 5 5 5 5 5 5 5 5 5 5 5 5 5 5 5 5 5 5 5 5 5 5 5 5 5 5 5 5 5 5 5 5 5 5 5 5 5 5 5 5 5 5 5 5 5 5 5 5 5 5 5 5 5 5 5 5 5 5 5 5 5 5 5 5 5 5 5 5 5 5 5 5 5 5 5 5 5 5 5 5 5 5 5 5 5 5 5 5 5 5 5 5 5 5 5 5 5 5 5 5 5 5 5 5 5 5 5 5 5 5 5 5 5 5 5 5 5 5 5 5 5 5 5 5 5 5 5 5 5 5 5 5 5 5 5 5 5 5 5 5 5 5 5 5 5 5 5 5 5 5 5 5 5 5 5 5 5 5 5 5 5 5 5 5 5 5 5 5 5 5 5 5 5 5 5 5 5 5 5 5 5 5 5 5 5 5 5 5 5 5 5 5 5 5 5 5 5 5 5 5 5 5 5 5 5 5 5 5 5 5 5 5 5 5 5 5 5 5 5 5 5 5 5 5 5 5 5 5 5 5 5 5 5 5 5 5 5 5 5 5 5 5 5 5 5 5 5 5 5 5 5 5 5 5 5 5 5 5 5 5 5 5 5 5 5 5 5 5 5 5 5 5 5 5 5 5 5 5 5 5 5 5 5 5 5 5 5 5 5 5 5 5 5 5 5 5 5 5 5 5 5 5 5 5 5 5 5 5 5 5 5 5 5 5 5 5 5 5 5 5 5 5 5 5 5 5 5 5 5 5 5 5 5 5 5 5 5 5 5 5 5 5 5 5 5 5 5 5 5 5 5 5 5 5 5 5 5 5 5 5 5 5 5 5 5 5 5 5 5 5 5 5 5 5 5 5 5 5 5 5 5 5 5 5 5 5 5 5 5 5 5 5 5 5 5 5 5 5 5 5 5 5 5 5 5 5 5 5 5 5 5 5 5 5 5 5 5 5 5 5 5 5 5 5 5 5 5 5 5 5 5 5 5 5 5 5 5 5 5 5 5 5 5 5 5 5 5 5 5 5 5 5 5 5 5 5 5 5 5 5 5 5 5 5 5 5 5 5 5 5 5 5 5 5 5 5 5 5 5 5 5 5 5 5 5 5 5 5 5 5 5 5 5 5 5 5 5 5 5 5 5 5 5 5 5 5 5 5 5 5 5 5 5 5 5 5 5 5 5 5 5 5 5 5 5 5 5 5 5 5 5 5 5 5 5 5 5 5 5 5 5 5 5 5 5 5 5 5 5 5 5 5 5 5 5 5 5 5 5 5 5 5 5 5 5 5 5 5 5 5 5 5 5 5 5 5 5 5 5 5 5 5 5 5 5 5 5 5 5 5 5 5 5 5 5 5 5 5 5 5 5 5 5 5 5 5 5 5 5 5 5 5 5 5 5 5 5 5 5 5 5 5 5 5 5 5 5 5 5 5 5 5 5 5 5 5 5 5 5 5 5 5 5 5 5 5 5 5 5 5 5 5 5 5 5 5 5 5 5 5 5 5 5 5 5 5 5 5 5 5 5 5 5 5 5 5 5 5 5 5 5 5 5 5 5 5 5 5 5 5 5 5 5 5 5 5 5 5 5 5 5 5 5 5 5 5 5 5 5 5 5 5 5 5 5 5 5 5 5 5 5 5 5 5 5 5 5 5 5 5 5 5 5 5 5 5 5 5 5 5 5 5 5 5 5 5 5 5 5 5 5 5 5 5 5 5 5 5 5 5 5 5 5 5 5 5 5 5 5 5 5 5 5 5 5 5 5 5 5 5 5 5 5 5 5 5 5 5 5 5 5 5 5 5 5 5 5 5 5 5 5 5 5 5 5 5 5 5 5 5 5 5 5 5 5 5 5 5 5 5 5 5 5 5 5 5 5 5 5 5 5 5 5 5 5 5 5 5 5 5 5 5 5 5 5 5 5 5 5 5 5 5 5 5 5 5 5 5 5 5 5 5 5 5 5 5 5 5 5 5 5 5 5 5 5 5 5 5 5 5 5 5 5 5 5 5 5 5 5 5 5 5 5 5 5 5 5 5 5 5 5 5 5 5 5 5 5 5 5 5 5 5 5 5 5 5 5 5 5 5 5 5 5 5 5 5 5 5 5 5 5 5 5 5 5 5 5 5 5 5 5 5 5 5 5 5 5 5 5 5 5 5 5 5 5 5 5 5 5 5 5 5 5 5 5 5 5 5 5 5 5 5 5 5 5 5 5 5 5 5 5 5 5 5 5 5 5 5 5 5 5 5 5 5 5 5 5 5 5 5 5 5 5 5 5 5 5 5 5 5 5 5 5 5 5 5 5 5 5 5 5 5 5 5 5 5 5 5 5 5 5 5 5 5 5 5 5 5 5 5 5 5 5 5 5 5 5 5 5 5 5 5 5 5 5 5 5 5 5 5 5 5 5 5 5 5 5 5 5 5 5 5 5 5 5 5 5 5 5 5 5 5 5 5 5 5 5 5 5 5 5 5 5 5 5 5 5 5 5 5 5 5 5 5 5 5 5 5 5 5 5 5 5 5 5 5 5 5 5 5 5 5 5 5 5 5 5 5 5 5 5 5 5 5 5 5 5 5 5 5 5 5 5 5 5 5 5 5 5 5 5 5 5 5 5 5 5 5 5 5 5 5 5 5 5 5 5 5 5 5 5 5 5 5 5 5 5 5 5 5 5 5 5 5 5 5 5 5 5 5 5 5 5 5 5 5 5 5 5 5 5 5 5 5 5 5 5 5 5 5 5 5 5 5 5 5 5 5 5 5 5 5 5 5 5 5 5 5 5 5 5 5 5 5 5 5 5 5 5 5 5 5 5 5 5 5 5 5 5 5 5 5 5 5 5 5 5 5 5 5 5 5 5 5 5 5 5 5 5 5 5 5 5 5 5 5 5 5 5 5 5 5 5 5 5 5 5 5 5 5 5 5 5 5 5 5 5 5 5 5 5 5 5 5 5 5 5 5 5 5 5 5 5 5 5 5 5 5 5 5 5 5 5 5 5 5 5 5 5 5 5 5 5 5 5 5 5 5 5 5 5 5 5 5 5 5 5 5 5 5 5 5 5 5 5 5 5 5 5 5 5 5 5 5 5 5 5 5 5 5 5 5 5 5 5 5 5 5 5 5 5 5 5 5 5 5 5 5 5 5 5 5 5 5 5 5 5 5 5 5 5 5 5 5 5 5 5 5 5 5 5 5 5 5 5 5 5 5 5 5 5 5 5 5 5 5 5 5 5 5 5 5 5 5 5 5 5 5 5 5 5 5 5 5 5 5 5 5 5 5 5 5 5 5 5 5 5 5 5 5 5 5 5 5 5 5 5 5 5 5 5 5 5 5 5 5 5 5 5 5 5 5 5 5 5 5 5 5 5 5 5 5 5 5 5 5 5 5 5 5 5 5 5 5 5 5 5 5 5 5 5 5 5 5 5 5 5 5 5 5 5 5 5 5 5 5 5 5 5 5 5 5 5 5 5 5 5 5 5 5 5 5 5 5 5 5 5 5 5 5 5 5 5 5 5 5 5 5 5 5 5 5 5 5 5 5 5 5 5 5 5 5 5 5 5 5 5 5 5 5 5 5 5 5 5 5 5 5 5 5 5 5 5 5 5 5 5 5 5 5 5 5 5 5 5 5 5 5 5 5 5 5 5 5 5 5 5 5 5 5 5 5 5 5 5 5 5 5 5 5 5 5 5 5 5 5 5 5 5 5 5 5 5 5 5 5 5 5 5 5 5 5 5 5 5 5 5 5 5 5 5 5 5 5 5 5 5 5 5 5 5 5 5 5 5 5 5 5 5 5 5 5 5 5 5 5 5 5 5 5 5 5 5 5 5 5 5 5 5 5 5 5 5 5 5 5 5 5 5 5 5 5 5 5 5 5 5 5 5 5 5 5 5 5 5 5 5 5 5 5 5 5 5 5 5 5 5 5 5 5 5 5 5 5 5 5 5 5 5 5 5 5 5 5 5 5 5 5 5 5 5 5 5 5 5 5 5 5 5 5 5 5 5 5 5 5 5 5 5 5 5 5 5 5 5 5 5 5 5 5 5 5 5 5 5 5 5 5 5 5 5 5 5 5 5 5 5 5 5 5 5 5 5 5 5 5 5 5 5 5 5 5 5 5 5 5 5 5 5 5 5 5 5 5 5 5 5 5 5 5 5 5 5 5 5 5 5 5 5 5 5 5 5 5 5 5 5 5 5 5 5 5 5 5 5 5 5 5 5 5 5 5 5 5 5 5 5 5 5 5 5 5 5 5 5 5 5 5 5 5 5 5 5 5 5 5 5 5 5 5 5 5 5 5 5 5 5 5 5 5 5 5 5 5 5 5 5 5 5 5 5 5 5 5 5 5 5 5 5 5 5 5 5 5 5 5 5 5 5 5 5 5 5 5 5 5 5 5 5 5 5 5 5 5 5 5 5 5 5 5 5 5 5 5 5 5 5 5 5 5 5 5 5 5 5 5 5 5 5 5 5 5 5 5 5 5 5 5 5 5 5 5 5 5 5 5 5 5 5 5 5 5 5 5 5 5 5 5 5 5 5 5 5 5 5 5 5 5 5 5 5 5 5 5 5 5 5 5 5 5 5 5 5 5 5 5 5 5 5 5 5 5 5 5 5 5 5 5 5 5 5 5 5 5 5 5 5 5 5 5 5 5 5 5 5 5 5 5 5 5 5 5 5 5 5 5 5 5 5 5 5 5 5 5 5 5 5 5 5 5 5 5 5 5 5 5 5 5 5 5 5 5 5 5 5 5 5 5 5 5 5 5 5 5 5 5 5 5 5 5 5 5 5 5 5 5 5 5 5 5 5 5 5 5 5 5 5 5 5 5 5 5 5 5 5 5 5 5 5 5 5 5 5 5 5 5 5 5 5 5 5 5 5 5 5 5 5 5 5 5 5 5 5 5 5 5 5 5 5 5 5 5 5 5 5 5 5 5 5 5 5 5 5 5 5 5 5 5 5 5 5 5 5 5 5 5 5 5 5 5 5 5 5 5 5 5 5 5 5 5 5 5 5 5 5 5 5 5 5 5 5 5 5 5 5 5 5 5 5 5 5 5 5 5 5 5 5 5 5 5 5 5 5 5 5 5 5 5 5 5 5 5 5 5 5 5 5 5 5 5 5 5 5 5 5 5 5 5 5 5 5 5 5 5 5 5 5 5 5 5 5 5 5 5 5 5 5 5 5 5 5 5 5 5 5 5 5 5 5 5 5 5 5 5 5 5 5 5 5 5 5 5 5 5 5 5 5 5 5 5 5 5 5 5 5 5 5 5 5 5 5 5 5 5 5 5 5 5 5 5 5 5 5 5 5 5 5 5 5 5 5 5 5 5 5 5 5 5 5 5 5 5 5 5 5 5 5 5 5 5 5 5 5 5 5 5 5 5 5 5 5 5 5 5 5 5 5 5 5 5 5 5 5 5 5 5 5 5 5 5 5 5 5 5 5 5 5 5 5 5 5 5 5 5 5 5 5 5 5 5 5 5 5 5 5 5 5 5 5 5 5 5 5 5 5 5 5 5 5 5 5 5 5 5 5 5 5 5 5 5 5 5 5 5 5 5 5 5 5 5 5 5 5 5 5 5 5 5 5 5 5 5 5 5 5 5 5 5 5 5 5 5 5 5 5 5 5 5 5 5 5 5 5 5 5 5 5 5 5 5 5 5 5 5 5 5 5 5 5 5 5 5 5 5 5 5 5 5 5 5 5 5 5 5 5 5 5 5 5 5 5 5 5 5 5 5 5 5 5 5 5 5 5 5 5 5 5 5 5 5 5 5 5 5 5 5 5 5 5 5 5 5 5 5 5 5 5 5 5 5 5 5 5 5 5 5 5 5 5 5 5 5 5 5 5 5 5 5 5 5 5 5 5 5 5 5 5 5 5 5 5 5 5 5 5 5 5 5 5 5 5 5 5 5 5 5 5 5 5 5 5 5 5 5 5 5 5 5 5 5 5 5 5 5 5 5 5 5 5 5 5 5 5 5 5 5 5 5 5 5 5 5 5 5 5 5 5 5 5 5 5 5 5 5 5 5 5 5 5 5 5 5 5 5 5 5 5 5 5 5 5 5 5 5 5 5 5 5 5 5 5 5 5 5 5 5 5 5 5 5 5 5 5 5 5 5 5 5 5 5 5 5 5 5 5 5 5 5 5 5 5 5 5 5 5 5 5 5 5 5 5 5 5 5 5 5 5 5 5 5 5 5 5 5 5 5 5 5 5 5 5 5 5 5 5 5 5 5 5 5 5 5 5 5 5 5 5 5 5 5 5 5 5 5 5 5 5 5 5 5 5 5 5 5 5 5 5 5 5 5 5 5 5 5 5 5 5 5 5 5 5 5 5 5 5 5 5 5 5 5 5 5 5 5 5 5 5 5 5 5 5 5 5 5 5 5 5 5 5 5 5 5 5 5 5 5 5 5 5 5 5 5 5 5 5 5 5 5 5 5 5 5 5 5 5 5 5 5 5 5 5 5 5 5 5 5 5 5 5 5 5 5 5 5 5 5 5 5 5 5 5 5 5 5 5 5 5 5 5 5 5 5 5 5 5 5 5 5 5 5 5 5 5 5 5 5 5 5 5 5 5 5 5 5 5 5 5 5 5 5 5 5 5 5 5 5 5 5 5 5 5 5 5 5 5 5 5 5 5 5 5 5 5 5 5 5 5 5 5 5 5 5 5 5 5 5 5 5 5 5 5 5 5 5 5 5 5 5 5 5 5 5 5 5 5 5 5 5 5 5 5 5 5 5 5 5 5 5 5 5 5 5 5 5 5 5 5 5 5 5 5 5 5 5 5 5 5 5 5 5 5 5 5 5 5 5 5 5 5 5 5 5 5 5 5 5 5 5 5 5 5 5 5 5 5 5 5 5 5 5 5 5 5 5 5 5 5 5 5 5 5 5 5 5 5 5 5 5 5 5 5 5 5 5 5 5 5 5 5 5 5 5 5 5 5 5 5 5 5 5 5 5 5 5 5 5 5 5 5 5 5 5 5 5 5 5 5 5 5 5 5 5 5 5 5 5 5 5 5 5 5 5 5 5 5 5 5 5 5 5 5 5 5 5 5 5 5 5 5 5 5 5 5 5 5 5 5 5 5 5 5 5 5 5 5 5 5 5 5 5 5 5 5 5 5 5 5 5 5 5 5 5 5 5 5 5 5 5 5 5 5 5 5 5 5 5 5 5 5 5 5 5 5 5 5 5 5 5 5 5 5 5 5 5 5 5 5 5 5 5 5 5 5 5 5 5 5 5 5 5 5 5 5 5 5 5 5 5 5 5 5 5 5 5 5 5 5 5 5 5 5 5 5 5 5 5 5 5 5 5 5 5 5 5 5 5 5 5 5 5 5 5 5 5 5 5 5 5 5 5 5 5 5 5 5 5 5 5 5 5 5 5 5 5 5 5 5 5 5 5 5 5 5 5 5 5 5 5 5 5 5 5 5 5 5 5 5 5 5 5 5 5 5 5 5 5 5 5 5 5 5 5 5 5 5 5 5 5 5 5 5 5 5 5 5 5 5 5 5 5 5 5 5 5 5 5 5 5 5 5 5 5 5 5 5 5 5 5 5 5 5 5 5 5 5 5 5 5 5 5 5 5 5 5 5 5 5 5 5 5 5 5 5 5 5 5 5 5 5 5 5 5 5 5 5 5 5 5 5 5 5 5 5 5 5 5 5 5 5 5 5 5 5 5 5 5 5 5 5 5 5 5 5 5 5 5 5 5 5 5 5 5 5 5 5 5 5 5 5 5 5 5 5 5 5 5 5 5 5 5 5 5 5 5 5 5 5 5 5 5 5 5 5 5 5 5 5 5 5 5 5 5 5 5 5 5 5 5 5 5 5 5 5 5 5 5 5 5 5 5 5 5 5 5 5 5 5 5 5 5 5 </DataArray>
</Cells>
<PointData  Scalars="f_22441"> 
<DataArray  type="Float64"  Name="f_22441"  format="ascii">0.0000000000000000e+00  1.6104030223410310e-26  5.1378230328534166e-26  1.4193275861147933e-25  3.6999701696315417e-25  9.1814336845238704e-25  2.1705573538918653e-24  4.8882740655066229e-24  1.0485957837247888e-23  2.1425053063714508e-23  4.1713791202577083e-23  7.7548412580712420e-23  1.3884059214570273e-22  2.4788036275496925e-22  5.0012819654337926e-22  1.4881719117415796e-21  7.1853676949204962e-21  4.4008584098976823e-20  2.8272058152658275e-19  1.7873626085546454e-18  1.0945968979781113e-17  6.3971550984529667e-17  3.6256208417138202e-16  1.9141918460172725e-15  9.3554041784975432e-15  2.3974259461655899e-14  5.7737618800515765e-14  1.4908099786381635e-13  3.9220313705586538e-13  1.0399686223669327e-12  2.7561958984749835e-12  7.2647846511044456e-12  1.8979558734165011e-11  4.9029708280662250e-11  1.2501905953501812e-10  3.1423569874683173e-10  7.7775796700125983e-10  1.8940115440785406e-09  4.5350009552531495e-09  1.0670557698665130e-08  2.4660916000005484e-08  5.5959185711200462e-08  1.2463081653371352e-07  2.7235944776059688e-07  5.8386067725865126e-07  1.2275117643336075e-06  2.5304783474434566e-06  5.1139963177339411e-06  1.0130422274433592e-05  1.9667080885518278e-05  3.7414506106344243e-05  6.9739147632704148e-05  1.2735160088304224e-04  2.2781573679899939e-04  3.9919090775401671e-04  6.8512055323446432e-04  1.1516501071626938e-03  1.8959432430249571e-03  3.0568358983613635e-03  4.8268002419359461e-03  7.4643918286518823e-03  1.1305684423520550e-02  1.6772720567403598e-02  2.4376956659673540e-02  3.4716665494223871e-02  4.8470210163223539e-02  6.6393022928589215e-02  8.9334901741127445e-02  1.1830180909694513e-01  1.5458055717197811e-01  1.9990407979720820e-01  2.5654026819984244e-01  3.2705662314779349e-01  4.1344862484138717e-01  5.1550906895291704e-01  6.2889447453848246e-01  7.4411988221112524e-01  8.4799313647302010e-01  9.2797234107636428e-01  9.7767513341723078e-01  1.0000000000000000e+00  0.0000000000000000e+00  1.6406729629250057e-26  5.2027799176307877e-26  1.4331373516630963e-25  3.7276930018354046e-25  9.2325398749629636e-25  2.1790135348839370e-24  4.9003541863974288e-24  1.0499592563099577e-23  2.1434303848840346e-23  4.1715997033662108e-23  7.7615517528332528e-23  1.3961185310979025e-22  2.5381570997416090e-22  5.4082684181101353e-22  1.7560900932531593e-21  8.9029283837380646e-21  5.4698741775920897e-20  3.4684326279774066e-19  2.1559222122591938e-18  1.2940310744166929e-17  7.4280736537478256e-17  4.0785217799167350e-16  2.1034978296199812e-15  9.0165651267001970e-15  2.4100854178156925e-14  5.8656528679419739e-14  1.5221591797091930e-13  4.0091339597599134e-13  1.0633831355032182e-12  2.8172759452518318e-12  7.4208371435113357e-12  1.9370636333541271e-11  4.9991575473633368e-11  1.2734072480774140e-10  3.1973353751792933e-10  7.9052620325767247e-10  1.9230814487096408e-09  4.5998579484188352e-09  1.0812300433792093e-08  2.4964242581470630e-08  5.6594552963236604e-08  1.2593304140866990e-07  2.7497003222170996e-07  5.8897777905550243e-07  1.2373154045749128e-06  2.5488296503950331e-06  5.1475466484193932e-06  1.0190305341029449e-05  1.9771386103261485e-05  3.7591724170352780e-05  7.0032709402399165e-05  1.2782546140435247e-04  2.2856065110478510e-04  4.0033058238626433e-04  6.8681625221507807e-04  1.1541016221371938e-03  1.8993835761898512e-03  3.0615168491657427e-03  4.8329667999313375e-03  7.4722455879799622e-03  1.1315341331540829e-02  1.6784177973284766e-02  2.4390100584039152e-02  3.4731369696382221e-02  4.8486589976286951e-02  6.6411867886989912e-02  8.9358147209507813e-02  1.1833255446143892e-01  1.5462169279976620e-01  1.9995453024087445e-01  2.5658908808765557e-01  3.2707827148587948e-01  4.1340629556810060e-01  5.1537244277068217e-01  6.2866862136238943e-01  7.4386547221129051e-01  8.4781012219250884e-01  9.2793868582537720e-01  9.7776950928584072e-01  1.0000000000000000e+00  0.0000000000000000e+00  1.6431184109629745e-26  5.1944950473297011e-26  1.4284117288435457e-25  3.7104585709056899e-25  9.1795268264537621e-25  2.1644732557065151e-24  4.8640672721129733e-24  1.0416637451099574e-23  2.1261689078367860e-23  4.1402010910875428e-23  7.7213910532900820e-23  1.4004778096143144e-22  2.6174206572816666e-22  5.9931802518131974e-22  2.1365862688104455e-21  1.1275975030366215e-20  6.9008316657926150e-20  4.2966209021676825e-19  2.6106088779095088e-18  1.5261948993453788e-17  8.5025093291761085e-17  4.4711496696837359e-16  2.1587203275569696e-15  8.4466037242338502e-15  2.3262773393007331e-14  5.8766911575276594e-14  1.5406737243320733e-13  4.0743328285358326e-13  1.0826439843250946e-12  2.8697896630647142e-12  7.5584634506293011e-12  1.9720844391475833e-11  5.0861386454307611e-11  1.2945382918337928e-10  3.2475958119814580e-10  8.0223447745253728e-10  1.9497956139752304e-09  4.6595509663659239e-09  1.0942902977172324e-08  2.5243958596555578e-08  5.7180825223368466e-08  1.2713521800797670e-07  2.7738098549632349e-07  5.9370515896807173e-07  1.2463751882966854e-06  2.5657936936067025e-06  5.1785705770657291e-06  1.0245698140460128e-05  1.9867907091251577e-05  3.7755787733521770e-05  7.0304615301723265e-05  1.2826461431259358e-04  2.2925145312703227e-04  4.0138825572499204e-04  6.8839128825874912e-04  1.1563809289235135e-03  1.9025858648769468e-03  3.0658796322129193e-03  4.8387229931349468e-03  7.4795897730882792e-03  1.1324390283337999e-02  1.6794938603123286e-02  2.4402472455332048e-02  3.4745227319622464e-02  4.8502000441668816e-02  6.6429467811336823e-02  8.9379567611783034e-02  1.1836048958850828e-01  1.5465883592992039e-01  2.0000053839349052e-01  2.5663571668923285e-01  3.2710531919622349e-01  4.1338390731075275e-01  5.1527498041804010e-01  6.2849759859678678e-01  7.4366564764843290e-01  8.4765626151765683e-01  9.2788632886396161e-01  9.7779764073544517e-01  1.0000000000000000e+00  0.0000000000000000e+00  1.6235945907163706e-26  5.1239456230324823e-26  1.4075314408999100e-25  3.6532829192984398e-25  9.0323154822171956e-25  2.1287595294972271e-24  4.7824893624710679e-24  1.0241764637115526e-23  2.0913352207980844e-23  4.0778194042343618e-23  7.6346744987299406e-23  1.4013481608633271e-22  2.7149407674536347e-22  6.7376969523093250e-22  2.6112579445139644e-21  1.4139021930729863e-20  8.5585244528577645e-20  5.2100328800332684e-19  3.0813045695766695e-18  1.7461030032045629e-17  9.3738938412555037e-17  4.6937039826160290e-16  2.1162848412672909e-15  7.8264963219234460e-15  2.2190147688034539e-14  5.8225242087294546e-14  1.5459804783465936e-13  4.1162033195527705e-13  1.0972237350077234e-12  2.9126171493543873e-12  7.6753300194928813e-12  2.0025527044033655e-11  5.1630149759724889e-11  1.3134152241931574e-10  3.2928336105488591e-10  8.1283005502475060e-10  1.9740679303010926e-09  4.7139508841392751e-09  1.1062198119481895e-08  2.5499912462183893e-08  5.7718047814332485e-08  1.2823806416999007e-07  2.7959479817913886e-07  5.9804942295955487e-07  1.2547065174039789e-06  2.5814035386625571e-06  5.2071348205828461e-06  1.0296728630208802e-05  1.9956878559831426e-05  3.7907110084184344e-05  7.0555565468064034e-05  1.2867020205937601e-04  2.2988993928759862e-04  4.0236664932626699e-04  6.8984963080916540e-04  1.1584935932774521e-03  1.9055575944570478e-03  3.0699338699244120e-03  4.8440805816610723e-03  7.4864379351684057e-03  1.1332845814175400e-02  1.6805016715325059e-02  2.4414084913185915e-02  3.4758249184266968e-02  4.8516454200432498e-02  6.6445848794217638e-02  8.9399224808667022e-02  1.1838573711793132e-01  1.5469216243331743e-01  2.0004221695846230e-01  2.5667987928039282e-01  3.2713653760345884e-01  4.1337865027281895e-01  5.1521210814952123e-01  6.2837604029075256e-01  7.4351691653404028e-01  8.4753445906109515e-01  9.2783143621267006e-01  9.7779748197972782e-01  1.0000000000000000e+00  0.0000000000000000e+00  1.5858527949891856e-26  4.9995536026499276e-26  1.3724545705754045e-25  3.5605801694436336e-25  8.8003966474665943e-25  2.0738150639846470e-24  4.6594105196476333e-24  9.9820499276337031e-24  2.0402081709349435e-23  3.9867624841883534e-23  7.5058444187466170e-23  1.3997022264576773e-22  2.8327880856763358e-22  7.6407684779634669e-22  3.1723574437079226e-21  1.7404607817223903e-20  1.0369104641785444e-19  6.1559400196330200e-19  3.5358814761289808e-18  1.9378322276684818e-17  1.0003393128409267e-16  4.7733703987036907e-16  2.0353095506829256e-15  7.2735447079900023e-15  2.1130721599687245e-14  5.7181274952538751e-14  1.5403367636246843e-13  4.1357189149301963e-13  1.1070826411500547e-12  2.9455016449675621e-12  7.7706637229929226e-12  2.0283006000806346e-11  5.2294580092663437e-11  1.3299799598898605e-10  3.3329579422943588e-10  8.2230148492878724e-10  1.9958914635325903e-09  4.7630790459921467e-09  1.1170301468410552e-08  2.5732477517724085e-08  5.8207226967841761e-08  1.2924403086474615e-07  2.8161703824236467e-07  6.0202255251335605e-07  1.2623340254213318e-06  2.5957078248265945e-06  5.2333319098692921e-06  1.0343566752673207e-05  2.0038602201997301e-05  3.8046209267456711e-05  7.0786420523768974e-05  1.2904360772532486e-04  2.3047825877131717e-04  4.0326898976814063e-04  6.9119595430957215e-04  1.1604461389037324e-03  1.9083075145947470e-03  3.0736908016003451e-03  4.8490533250143599e-03  7.4928060148446440e-03  1.1340725232460602e-02  1.6814429750186387e-02  2.4424954357225571e-02  3.4770450963015370e-02  4.8529970935453345e-02  6.6461047878085336e-02  8.9417197112441837e-02  1.1840844047549359e-01  1.5472186315666095e-01  2.0007965695146895e-01  2.5672117351781981e-01  3.2717033890229597e-01  4.1338694361901224e-01  5.1517788914102414e-01  6.2829657145091422e-01  7.4341329917667565e-01  8.4744464798422969e-01  9.2778430104199472e-01  9.7778816069735952e-01  1.0000000000000000e+00  0.0000000000000000e+00  1.5327547803708530e-26  4.8287543092761956e-26  1.3250242153230921e-25  3.4367442089724301e-25  8.4937927092127593e-25  2.0018264718816061e-24  4.4994001853424673e-24  9.6466743046453929e-24  1.9745784584076230e-23  3.8705004573666984e-23  7.3418994724154257e-23  1.3970849298172674e-22  2.9744485995809197e-22  8.7059621892525158e-22  3.8146872787493574e-21  2.1006980289428704e-20  1.2279366505509999e-19  7.1003640732616022e-19  3.9576736980335077e-18  2.0970371254126402e-17  1.0418686553233741e-16  4.7610944325080543e-16  1.9447504247707951e-15  6.8054277698203750e-15  2.0144778345841516e-14  5.5853506596388793e-14  1.5265466042998691e-13  4.1353394802112206e-13  1.1125549163340081e-12  2.9687914862184238e-12  7.8448567265724803e-12  2.0493799570025280e-11  5.2855564653666319e-11  1.3442543189116533e-10  3.3680306651573281e-10  8.3066637578499354e-10  2.0153141679916612e-09  4.8070594341965924e-09  1.1267518264452117e-08  2.5942372730677535e-08  5.8649989578808747e-08  1.3015666612818464e-07  2.8345518095250989e-07  6.0563978879140934e-07  1.2692878203369069e-06  2.6087642241018753e-06  5.2572690165595634e-06  1.0386405761580757e-05  2.0113416173706427e-05  3.8173659361243463e-05  7.0998125685608433e-05  1.2938633985028894e-04  2.3101874348493507e-04  4.0409876481417155e-04  6.9243529927496747e-04  1.1622455919171790e-03  1.9108450490075083e-03  3.0771625490494080e-03  4.8536561091532251e-03  7.4987113569348948e-03  1.1348047570159323e-02  1.6823197273527286e-02  2.4435099912038568e-02  3.4781852084837257e-02  4.8542575905902344e-02  6.6475110635818721e-02  8.9433575398845666e-02  1.1842875956667154e-01  1.5474814569571441e-01  2.0011295493773953e-01  2.5675916459132891e-01  3.2720501119577866e-01  4.1340489877797948e-01  5.1516576358433885e-01  6.2825071857396508e-01  7.4334701195052832e-01  8.4738365776821811e-01  9.2774917350929698e-01  9.7777826723268502e-01  1.0000000000000000e+00  0.0000000000000000e+00  1.4668279431634090e-26  4.6187533732482682e-26  1.2671050451648429e-25  3.2863766635087893e-25  8.1233499174672288e-25  1.9152360500562875e-24  4.3077175881141801e-24  9.2465011182339213e-24  1.8966154158100376e-23  3.7332994891831600e-23  7.1513997399488392e-23  1.3953105895322703e-22  3.1436819739786446e-22  9.9361629393823145e-22  4.5327761127658240e-21  2.4885492400219794e-20  1.4245883540100837e-19  8.0200251637285381e-19  4.3389183409263929e-18  2.2250424087123971e-17  1.0667833972300207e-16  4.6970502369812195e-16  1.8569976272873866e-15  6.4112781368975851e-15  1.9248380202358651e-14  5.4401300801688036e-14  1.5069537827603610e-13  4.1186612343888171e-13  1.1141736741354678e-12  2.9832377462738519e-12  7.8991269227825605e-12  2.0659974422426635e-11  5.3316961214064106e-11  1.3563165446538348e-10  3.3982201780700520e-10  8.3796230132711170e-10  2.0324210078288036e-09  4.8460837677754317e-09  1.1354275902659327e-08  2.6130533762856759e-08  5.9048340136293044e-08  1.3098016356686077e-07  2.8511778356204999e-07  6.0891814961781883e-07  1.2756008676408232e-06  2.6206349108076571e-06  5.2790602663161877e-06  1.0425449452744261e-05  2.0181674346662849e-05  3.8290057542215819e-05  7.1191659749144249e-05  1.2969995541998856e-04  2.3151379492361020e-04  4.0485956196416908e-04  6.9357284892680379e-04  1.1638991819984197e-03  1.9131799100244398e-03  3.0803616392619500e-03  4.8579043817368736e-03  7.5041720754997713e-03  1.1354832906330334e-02  1.6831340286328246e-02  2.4444542714766499e-02  3.4792474889680382e-02  4.8554298669811265e-02  6.6488088966895897e-02  8.9448459662632318e-02  1.1844686738000230e-01  1.5477123748713129e-01  2.0014224091700261e-01  2.5679347734205754e-01  3.2723894200507492e-01  4.1342876048428462e-01  5.1516927168022975e-01  6.2822988388336354e-01  7.4330952527224603e-01  8.4734625980410427e-01  9.2772612204079874e-01  9.7777086879907782e-01  1.0000000000000000e+00  0.0000000000000000e+00  1.3904952866145647e-26  4.3768054946479120e-26  1.2006199052096496e-25  3.1143107211929958e-25  7.7006481714531795e-25  1.8166899205124602e-24  4.0901349016862350e-24  8.7935809769236486e-24  1.8087426998018275e-23  3.5799258377159485e-23  6.9437522555950791e-23  1.3962721146531932e-22  3.3439268094343740e-22  1.1331510610213585e-21  5.3201498206829581e-21  2.8981705425592623e-20  1.6232920610027604e-19  8.8998264075482964e-19  4.6777474098920519e-18  2.3258844694574088e-17  1.0797971085262326e-16  4.6076127476225585e-16  1.7765789850727992e-15  6.0773416242896583e-15  1.8442373883568359e-14  5.2924562094526201e-14  1.4836461465131891e-13  4.0895099020425714e-13  1.1125449820213480e-12  2.9898487232874464e-12  7.9352155289365384e-12  2.0784639437740504e-11  5.3684667001711076e-11  1.3662835491137355e-10  3.4237673825411725e-10  8.4424020739166686e-10  2.0473211990161728e-09  4.8803869347848156e-09  1.1431077015132510e-08  2.6298024346442202e-08  5.9404495463026427e-08  1.3171905861618684e-07  2.8661393577924123e-07  6.1187545192941358e-07  1.2813072822728584e-06  2.6313836329816229e-06  5.2988218161109837e-06  1.0460904059602152e-05  2.0243733252978930e-05  3.8396003529724774e-05  7.1368003489090268e-05  1.2998601250128908e-04  2.3196581504850988e-04  4.0555497041057349e-04  6.9461379431400786e-04  1.1654141628948697e-03  1.9153218682584714e-03  3.0833007206079797e-03  4.8618138179233718e-03  7.5092066791873063e-03  1.1361101966177367e-02  1.6838880803801252e-02  2.4453305442497571e-02  3.4802343978942885e-02  4.8565171970762759e-02  6.6500039072310738e-02  8.9461955780809010e-02  1.1846294651977632e-01  1.5479138714901750e-01  2.0016769876952181e-01  2.5682386659239342e-01  3.2727079129531894e-01  4.1345525267738670e-01  5.1518263530718167e-01  6.2822617902850220e-01  7.4329261519372580e-01  8.4732649008805538e-01  9.2771303881324951e-01  9.7776641824550004e-01  1.0000000000000000e+00  0.0000000000000000e+00  1.3061431939779085e-26  4.1102240866896637e-26  1.1275309114601583e-25  2.9255236773326056e-25  7.2377066307127979e-25  1.7089531623278685e-24  3.8527172316247920e-24  8.3006258268773995e-24  1.7135199338908549e-23  3.4153879217387271e-23  6.7286416820003816e-23  1.4018073957532973e-22  3.5779764191606122e-22  1.2888795279790460e-21  6.1693966411719809e-21  3.3240517951970620e-20  1.8212214128263197e-19  9.7312934366293556e-19  4.9760512356196454e-18  2.4044912376914481e-17  1.0847751473590715e-16  4.5086508729464577e-16  1.7046740925447832e-15  5.7922208906645671e-15  1.7721803738953301e-14  5.1483037904213190e-14  1.4582759233030777e-13  4.0513142151559166e-13  1.1082898285901105e-12  2.9897486457416147e-12  7.9551454507341001e-12  2.0871550211965640e-11  5.3965882672974646e-11  1.3742974660471231e-10  3.4449605324052077e-10  8.4955966392847868e-10  2.0601392419362518e-09  4.9102301004239676e-09  1.1498467877060098e-08  2.6445977774640499e-08  5.9720777671702071e-08  1.3237803541396535e-07  2.8795291664154336e-07  6.1452971213490884e-07  1.2864412989056057e-06  2.6410739763954128e-06  5.3166689833677945e-06  1.0492973599954674e-05  2.0299944699066116e-05  3.8492088115122387e-05  7.1528122247904992e-05  1.3024604444123979e-04  2.3237716901486618e-04  4.0618852863958277e-04  6.9556326277829322e-04  1.1667977178461790e-03  1.9172806319396566e-03  3.0859924148769580e-03  4.8654001467210934e-03  7.5138338762962336e-03  1.1366875908802077e-02  1.6845841618493899e-02  2.4461412006547473e-02  3.4811485713733777e-02  4.8575230771253829e-02  6.6511019596330337e-02  8.9474172364212887e-02  1.1847718511773149e-01  1.5480886232305335e-01  2.0018957472620863e-01  2.5685025539504802e-01  3.2729959297531896e-01  4.1348178955472920e-01  5.1520112651951289e-01  6.2823298477989953e-01  7.4328913996447854e-01  8.4731871574025042e-01  9.2770712269813427e-01  9.7776434135083423e-01  1.0000000000000000e+00  0.0000000000000000e+00  1.2161104127887727e-26  3.8262523947107033e-26  1.0497928707723954e-25  2.7249964181575513e-25  6.7465981280329798e-25  1.5948117832656813e-24  3.6015896531975677e-24  7.7804872651515228e-24  1.6135313648283923e-23  3.2447053177636847e-23  6.5155508133304135e-23  1.4135991524103455e-22  3.8478011292566883e-22  1.4601514778693727e-21  7.0724835642052012e-21  3.7611804289955185e-20  2.0162615295534734e-19  1.0511029932134790e-18  5.2378003649244293e-18  2.4656582357659786e-17  1.0846137984790673e-16  4.4092203093733074e-16  1.6411164936988999e-15  5.5471301814030600e-15  1.7079537323844223e-14  5.0110208181484047e-14  1.4320678144000922e-13  4.0069933232244175e-13  1.1019961936925822e-12  2.9840665926287079e-12  7.9610510189883188e-12  2.0924792893806609e-11  5.4168546073289307e-11  1.3805155667255520e-10  3.4621167949612782e-10  8.5398549592479067e-10  2.0710087530085798e-09  4.9358894492498761e-09  1.1557018007733427e-08  2.6575560303666187e-08  5.9999549313666372e-08  1.3296181351405459e-07  2.8914399971570399e-07  6.1689881677015901e-07  1.2910367249564463e-06  2.6497684727374337e-06  5.3327148192986277e-06  1.0521857637538271e-05  2.0350652322180071e-05  3.8578887969773844e-05  7.1672958265977163e-05  1.3048154877285545e-04  2.3275016947242510e-04  4.0676370272534838e-04  6.9642628869221292e-04  1.1680569212263836e-03  1.9190657982026376e-03  3.0884492575835674e-03  4.8686790805314416e-03  7.5180724940014983e-03  1.1372176233614162e-02  1.6852246179235864e-02  2.4468887356375160e-02  3.4819927825348609e-02  4.8584511427377533e-02  6.6521089957323115e-02  8.9485217717636414e-02  1.1848977206590061e-01  1.5482394375076555e-01  2.0020817322473045e-01  2.5687274006145372e-01  3.2732478306101270e-01  4.1350654824376487e-01  5.1522121238998753e-01  6.2824520199520750e-01  7.4329344540345832e-01  8.4731826397749777e-01  9.2770574775541725e-01  9.7776382787812643e-01  1.0000000000000000e+00  0.0000000000000000e+00  1.1226425858741766e-26  3.5318768179955076e-26  9.6929650237721984e-26  2.5175568145098832e-25  6.2390453801567870e-25  1.4769747642023408e-24  3.3427128082591597e-24  7.2456687474291085e-24  1.5112843991667863e-23  3.0727038939891984e-23  6.3133536190399987e-23  1.4330986097288238e-22  4.1544594521589909e-22  1.6460220997601729e-21  8.0210972886952817e-21  4.2051445425950585e-20  2.2069257195802508e-19  1.1239203001047604e-18  5.4678280867028405e-18  2.5135679432536361e-17  1.0813715961236440e-16  4.3142318918115689e-16  1.5852449890086028e-15  5.3352991909027139e-15  1.6507879515051820e-14  4.8823212352116689e-14  1.4058896613761203e-13  3.9589095008574545e-13  1.0941865664931082e-12  2.9738719988190919e-12  7.9550514862496351e-12  2.0948541042969368e-11  5.4300909226179895e-11  1.3851026901556590e-10  3.4755688002907131e-10  8.5758540746197523e-10  2.0800682761103755e-09  4.9576488654924785e-09  1.1607307517619622e-08  2.6687949587684589e-08  6.0243177246691291e-08  1.3347508852454450e-07  2.9019635769717515e-07  6.1900037284225875e-07  1.2951267118725861e-06  2.6575282596621706e-06  5.3470696181546273e-06  1.0547750594579071e-05  2.0396190656064879e-05  3.8656964411391787e-05  7.1803429094225162e-05  1.3069398521239550e-04  2.3308707406427675e-04  4.0728388319952028e-04  6.9720780948497431e-04  1.1691987333917724e-03  1.9206868462780442e-03  3.0906836888502484e-03  4.8716663027213569e-03  7.5219414604573874e-03  1.1377024750948572e-02  1.6858118533222399e-02  2.4475757349132755e-02  3.4827699111399331e-02  4.8593051006103206e-02  6.6530308912273517e-02  8.9495197035748389e-02  1.1850089190710000e-01  1.5483691650755615e-01  2.0022384262227733e-01  2.5689156801787705e-01  3.2734616758017954e-01  4.1352842740467183e-01  5.1524051361741063e-01  6.2825923832914010e-01  7.4330143596784881e-01  8.4732164815176947e-01  9.2770684746036258e-01  9.7776417003712857e-01  1.0000000000000000e+00  0.0000000000000000e+00  1.0278366649559911e-26  3.2336321822019952e-26  8.8781244212156288e-26  2.3077305640399606e-25  5.7260464394698419e-25  1.3579850802560775e-24  3.0816824599619327e-24  6.7078958241236756e-24  1.4091213282178471e-23  2.9038405351693751e-23  6.1299799341966739e-23  1.4614694149459905e-22  4.4980695041905481e-22  1.8452972921675084e-21  9.0069238261264205e-21  4.6521583815984308e-20  2.3922406044977732e-19  1.1918219672083976e-18  5.6710408398495275e-18  2.5516402926453442e-17  1.0764607645193375e-16  4.2261488375572894e-16  1.5362582788662804e-15  5.1514173845133944e-15  1.5999328695708085e-14  4.7629188339254014e-14  1.3803308934532439e-13  3.9089057668070185e-13  1.0853073386190918e-12  2.9601371276787912e-12  7.9391611560440449e-12  2.0946884430922826e-11  5.4371225795355296e-11  1.3882256237845908e-10  3.4856548810384224e-10  8.6042830405284593e-10  2.0874584473507225e-09  4.9757952367061763e-09  1.1649919508924055e-08  2.6784322746915632e-08  6.0454014604739204e-08  1.3392250620603752e-07  2.9111902774433713e-07  6.2085166629009117e-07  1.2987437149612531e-06  2.6644130626332689e-06  5.3598409634624600e-06  1.0570841939624817e-05  2.0436885588722403e-05  3.8726864328426249e-05  7.1920429263084052e-05  1.3088477843237593e-04  2.3339008972058178e-04  4.0775239127874616e-04  6.9791267410704468e-04  1.1702300114257943e-03  1.9221531501174552e-03  3.0927080668565255e-03  4.8743774798742732e-03  7.5254598121425624e-03  1.1381443577150482e-02  1.6863483292863031e-02  2.4482048652626077e-02  3.4834829197780033e-02  4.8600886747662053e-02  6.6538733404524444e-02  8.9504210010357077e-02  1.1851071992910064e-01  1.5484805997805240e-01  2.0023695495646213e-01  2.5690709843802850e-01  3.2736385116092542e-01  4.1354693045645985e-01  5.1525763886400311e-01  6.2827281584201777e-01  7.4331041410974630e-01  8.4732651447788898e-01  9.2770899127216933e-01  9.7776486402118978e-01  1.0000000000000000e+00  0.0000000000000000e+00  9.3358871055006453e-27  2.9374288959484621e-26  8.0694274785378441e-26  2.0996140735379373e-25  5.2175593787577767e-25  1.2401455028060775e-24  2.8235635636076036e-24  6.1777624700947541e-24  1.3091471547634681e-23  2.7420617916543957e-23  5.9721561486515410e-23  1.4995504476291144e-22  4.8778248810390832e-22  2.0565808012463720e-21  1.0021845685343853e-20  5.0990273126366561e-20  2.5716232766213374e-19  1.2551688202187505e-18  5.8519694584147864e-18  2.5825561045712808e-17  1.0708229662485116e-16  4.1460130876822415e-16  1.4933591282096329e-15  4.9912376086569918e-15  1.5546911261447590e-14  4.6529252842340178e-14  1.3557739404581681e-13  3.8583778248366151e-13  1.0757281852611317e-12  2.9437182131297656e-12  7.9152355978763410e-12  2.0923713768018502e-11  5.4387525388731989e-11  1.3900490162681699e-10  3.4927119645112613e-10  8.6258309262381891e-10  2.0933200408335079e-09  4.9906153880341637e-09  1.1685435496455662e-08  2.6865849987449816e-08  6.0634392847511552e-08  1.3430865458633064e-07  2.9192090843047114e-07  6.2246967481862396e-07  1.3019195447017523e-06  2.6704813271298512e-06  5.3711340153668444e-06  1.0591316752003371e-05  2.0473055392392566e-05  3.8789121948419655e-05  7.2024833157062289e-05  1.3105532249729849e-04  2.3366137915698071e-04  4.0817248788512449e-04  6.9854565484226750e-04  1.1711575236172138e-03  1.9234739947711138e-03  3.0945346844487207e-03  4.8768282757788162e-03  7.5286467007308110e-03  1.1385455127083144e-02  1.6868365601155965e-02  2.4487788658931579e-02  3.4841348350599759e-02  4.8608055671021402e-02  6.6546417730658322e-02  8.9512349009601283e-02  1.1851941801984346e-01  1.5485763825647791e-01  2.0024788424007231e-01  2.5691975621745805e-01  3.2737814828698847e-01  4.1356201368448137e-01  5.1527195936216774e-01  6.2828468992102338e-01  7.4331880047878274e-01  8.4733144094619206e-01  9.2771130265241819e-01  9.7776560239081334e-01  1.0000000000000000e+00  0.0000000000000000e+00  8.4155231823676884e-27  2.6484187783638791e-26  7.2808369805814029e-26  1.8967776585678282e-25  4.7222633959397600e-25  1.1254625730825688e-24  2.5727652353425542e-24  5.6644650649296017e-24  1.2131755534689625e-23  2.5906998325466680e-23  5.8452258639387005e-23  1.5478366816687207e-22  5.2920450390630455e-22  2.2783192397855784e-21  1.1058064490390549e-20  5.5430771053545850e-20  2.7447680634754223e-19  1.3143675738912601e-18  6.0145590175617682e-18  2.6083545300519464e-17  1.0650681523241848e-16  4.0740541800735765e-16  1.4558094477112467e-15  4.8513058812884208e-15  1.5144304893698346e-14  4.5520986610175148e-14  1.3324517940909605e-13  3.8083542431688281e-13  1.0657478942160605e-12  2.9253515539325709e-12  7.8849443476878289e-12  2.0882647870425640e-11  5.4357459302478476e-11  1.3907324539193513e-10  3.4970703598282318e-10  8.6411780169534950e-10  2.0977925570649625e-09  5.0023939422461915e-09  1.1714432406345422e-08  2.6933690881344378e-08  6.0786618219506793e-08  1.3463806320779159e-07  2.9261076787271356e-07  6.2387109755329055e-07  1.3046854420757973e-06  2.6757903827691300e-06  5.3810518359604260e-06  1.0609356322935219e-05  2.0505011770783703e-05  3.8844260567604456e-05  7.2117497728093049e-05  1.3120698490432368e-04  2.3390306656906681e-04  4.0854738119423106e-04  6.9911145661434419e-04  1.1719879599143231e-03  1.9246585866168737e-03  3.0961757767813433e-03  4.8790343529645413e-03  7.5315213837214966e-03  1.1389082087528110e-02  1.6872791079273766e-02  2.4493005393366914e-02  3.4847287324235691e-02  4.8614594312316413e-02  6.6553413035896597e-02  8.9519697927317843e-02  1.1852713170040333e-01  1.5486589232829914e-01  2.0025698699997652e-01  2.5692998807460626e-01  3.2738949541613005e-01  4.1357393228077366e-01  5.1528337637559418e-01  6.2829435285105484e-01  7.4332582561019411e-01  8.4733568996752462e-01  9.2771331980096949e-01  9.7776622739424823e-01  1.0000000000000000e+00  0.0000000000000000e+00  7.5311104156740129e-27  2.3709072714894051e-26  6.5240157660257455e-26  1.7022026545846857e-25  4.2474036251647720e-25  1.0156101626077038e-24  2.3329592851072756e-24  5.1756289802189565e-24  1.1226938766617018e-23  2.4524072150237094e-23  5.7530514433640010e-23  1.6064770071442645e-22  5.7382529120721633e-22  2.5088436022947763e-21  1.2108167384935274e-20  5.9820692201788252e-20  2.9115522209943180e-19  1.3698223573933974e-18  6.1621087385571316e-18  2.6305504243045383e-17  1.0595769559166520e-16  4.0100486559309060e-16  1.4229475124568732e-15  4.7287751297448843e-15  1.4785857524762833e-14  4.4599986739724372e-14  1.3104919998061023e-13  3.7595723956846157e-13  1.0556031373329364e-12  2.9056584207249293e-12  7.8497620528195072e-12  2.0826994216024874e-11  5.4288201683809154e-11  1.3904284083553253e-10  3.4990499128808162e-10  8.6509891190550737e-10  2.1010131264254933e-09  5.0114116383674640e-09  1.1737480203170489e-08  2.6988991417600350e-08  6.0912968936872558e-08  1.3491520248904380e-07  2.9319724995708178e-07  6.2507237768434165e-07  1.3070721355006579e-06  2.6803965656179621e-06  5.3896956275178367e-06  1.0625138586310243e-05  2.0533060589702338e-05  3.8892793717387991e-05  7.2199264246479412e-05  1.3134110903930966e-04  2.3411724080899324e-04  4.0888023031824535e-04  6.9961472055832578e-04  1.1727279341502345e-03  1.9257160521740902e-03  3.0976435136695671e-03  4.8810113545437652e-03  7.5341031909318982e-03  1.1392347363227740e-02  1.6876785747824290e-02  2.4497727409248018e-02  3.4852677232675558e-02  4.8620538577133755e-02  6.6559767116278937e-02  8.9526331716434399e-02  1.1853398853380266e-01  1.5487303483753170e-01  2.0026458744122025e-01  2.5693822658509169e-01  3.2739837607740974e-01  4.1358310624035849e-01  5.1529211607626113e-01  6.2830176968582407e-01  7.4333125105173359e-01  8.4733897738493869e-01  9.2771485657519459e-01  9.7776667965120634e-01  1.0000000000000000e+00  0.0000000000000000e+00  6.6936566588504876e-27  2.1083133402775119e-26  5.8082159815293967e-26  1.5182524893051868e-25  3.7987191566558203e-25  9.1191240736778633e-25  2.1070417265045424e-24  4.7172264762468045e-24  1.0388469433396213e-23  2.3291297852984112e-23  5.6979933578370863e-23  1.6752873962472200e-22  6.2132736833036526e-22  2.7464071403565857e-21  1.3165156643229880e-20  6.4141173251240769e-20  3.0719633476357987e-19  1.4219062299792612e-18  6.2972967236844438e-18  2.6502458943437295e-17  1.0545735974206208e-16  3.9535322569173040e-16  1.3941892345572248e-15  4.6212732215209401e-15  1.4466557028625508e-14  4.3760836412457233e-14  1.2899492101927570e-13  3.7125442839817048e-13  1.0454780671529588e-12  2.8851550361346029e-12  7.8109722832793621e-12  2.0759733778546721e-11  5.4186392117327971e-11  1.3892808455957813e-10  3.4989571555910967e-10  8.6559082523466241e-10  2.1031155880992540e-09  5.0179438296082279e-09  1.1755139590638319e-08  2.7032880738795775e-08  6.1015691019233510e-08  1.3514447929182117e-07  2.9368887149247497e-07  6.2608970527538635e-07  1.3091098569767345e-06  2.6843552605951592e-06  5.3971648204752283e-06  1.0638838277205055e-05  2.0557502131119839e-05  3.8935225523835012e-05  7.2270958728683910e-05  1.3145901453138459e-04  2.3430595532847166e-04  4.0917414416848644e-04  7.0006002063075683e-04  1.1733839765332519e-03  1.9266554237424179e-03  3.0989499747079022e-03  4.8827748643374205e-03  7.5364114648506448e-03  1.1395273993532601e-02  1.6880375919131798e-02  2.4501983663306061e-02  3.4857549432243860e-02  4.8625923680305765e-02  6.6565524478311364e-02  8.9532316538833909e-02  1.1854009788385796e-01  1.5487924766233635e-01  2.0027096821113066e-01  2.5694486484385248e-01  3.2740526483962240e-01  4.1359001691264313e-01  5.1529856879489211e-01  6.2830716954328680e-01  7.4333514769913311e-01  8.4734128730799219e-01  9.2771588941539784e-01  9.7776695616319531e-01  1.0000000000000000e+00  0.0000000000000000e+00  5.9113552051521640e-27  1.8631738605958998e-26  5.1402901489822300e-26  1.3466751261844142e-25  3.3804477830808982e-25  8.1534450333355343e-25  1.8971339642797560e-24  4.2935791268715313e-24  9.6243826213425025e-24  2.2221148929505161e-23  5.6809602246769356e-23  1.7537772431775311e-22  6.7133490972808041e-22  2.9892199324177113e-21  1.4222458627363251e-20  6.8376138661920712e-20  3.2260472743220777e-19  1.4709469645881468e-18  6.4222463510911643e-18  2.6682260303107036e-17  1.0501768512943641e-16  3.9039252208353238e-16  1.3690230315771463e-15  4.5268066614630133e-15  1.4181979777233553e-14  4.2997707826814924e-14  1.2708287888694252e-13  3.6676107659407494e-13  1.0355135481664677e-12  2.8642648270889700e-12  7.7696789953860640e-12  2.0683522589019140e-11  5.4058108899943541e-11  1.3874243355047748e-10  3.4970831922563987e-10  8.6565543047286927e-10  2.1042296691296743e-09  5.0222590214826201e-09  1.1767959526994477e-08  2.7066467082819456e-08  6.1096991888665624e-08  1.3533022712678920e-07  2.9409400757636578e-07  6.2693899566945152e-07  1.3108283100406436e-06  2.6877208524073597e-06  5.4035569939146986e-06  1.0650626793743511e-05  2.0578630838352620e-05  3.8972050221033826e-05  7.2333391001041888e-05  1.3156199547503859e-04  2.3447122488933839e-04  4.0943217556809396e-04  7.0045185345565938e-04  1.1739625168053348e-03  1.9274856125746222e-03  3.1001071082811965e-03  4.8843403469183344e-03  7.5384654769873995e-03  1.1397885042007798e-02  1.6883588062145266e-02  2.4505803370125482e-02  3.4861935405255645e-02  4.8630784143088336e-02  6.6570726588377815e-02  8.9537710403629817e-02  1.1854555182110732e-01  1.5488468204708880e-01  2.0027636658161829e-01  2.5695024190412019e-01  3.2741059102417469e-01  4.1359513621042249e-01  5.1530317600048015e-01  6.2831089700522202e-01  7.4333773723244112e-01  8.4734273964128937e-01  9.2771647680236169e-01  9.7776708098316401e-01  1.0000000000000000e+00  0.0000000000000000e+00  5.1897194452717129e-27  1.6371862875635652e-26  4.5248068280141150e-26  1.1886324386113583e-25  2.9953966828068465e-25  7.2654888692875608e-25  1.7046182772829072e-24  3.9074336183292424e-24  8.9394643968635092e-24  2.1319502912281040e-23  5.7015190526968741e-23  1.8411862513575972e-22  7.2342618465764647e-22  3.2354805187302890e-21  1.5273923541876260e-20  7.2511705148314367e-20  3.3738732187659968e-19  1.5172223063097527e-18  6.5386080787997626e-18  2.6850367150285071e-17  1.0464353416014241e-16  3.8606059563841374e-16  1.3470024953672451e-15  4.4436884108570821e-15  1.3928232233841279e-14  4.2304732104234382e-14  1.2531036803649332e-13  3.6249847681033707e-13  1.0258154234617104e-12  2.8433311529368700e-12  7.7268221301663847e-12  2.0600704294873869e-11  5.3908864368746636e-11  1.3849835391396043e-10  3.4937021566249333e-10  8.6535174232296243e-10  2.1044802325762248e-09  5.0246174085411022e-09  1.1776474502054311e-08  2.7090832871068828e-08  6.1159031699674326e-08  1.3547669106703946e-07  2.9442086555266504e-07  6.2763584465434273e-07  1.3122565924559701e-06  2.6905465916838263e-06  5.4089676426491630e-06  1.0660671790464218e-05  2.0596734605983778e-05  3.9003750916149383e-05  7.2387352570790105e-05  1.3165131680890614e-04  2.3461501951198120e-04  4.0965731135253312e-04  7.0079462252242361e-04  1.1744698596962895e-03  1.9282153718686434e-03  3.1011266775472540e-03  4.8857230715293326e-03  7.5402843249968632e-03  1.1400203464212874e-02  1.6886448644506388e-02  2.4509215836743627e-02  3.4865866636355318e-02  4.8635153817850725e-02  6.6575412237308396e-02  8.9542564134438091e-02  1.1855042686749689e-01  1.5488946073753906e-01  2.0028097511131066e-01  2.5695463746611841e-01  3.2741471975515468e-01  4.1359888482502172e-01  5.1530635982818163e-01  6.2831331707162119e-01  7.4333928973831853e-01  8.4734350467691322e-01  9.2771670797169914e-01  9.7776708714060512e-01  1.0000000000000000e+00  0.0000000000000000e+00  4.5318140157988650e-27  1.4312816216785670e-26  3.9642490723045528e-26  1.0447509379910871e-25  2.6450655363820885e-25  6.4586369818467172e-25  1.5302008157288452e-24  3.5600967219109622e-24  8.3355387875843681e-24  2.0586277728576823e-23  5.7580527901710055e-23  1.9365289488368843e-22  7.7714646564474011e-22  3.4834048077560541e-21  1.6313822920670681e-20  7.6535729556005834e-20  3.5155124043528136e-19  1.5609610688486120e-18  6.6476419614989605e-18  2.7010458751389848e-17  1.0433518662330655e-16  3.8229538076956331e-16  1.3277387056576623e-15  4.3704825333061590e-15  1.3701892565026124e-14  4.1676220138005767e-14  1.2367263256948174e-13  3.5847849373877792e-13  1.0164615960867190e-12  2.8226294489288501e-12  7.6831948938941652e-12  2.0513329351033310e-11  5.3743615627822730e-11  1.3820729843857327e-10  3.4890701329616353e-10  8.6473560406623760e-10  2.1039865917489512e-09  5.0252694289389189e-09  1.1781201651368169e-08  2.7107029149061055e-08  6.1203912891650588e-08  1.3558800846079981e-07  2.9467744987234346e-07  6.2819546509699368e-07  1.3134230829308245e-06  2.6928843940801924e-06  5.4134898239138231e-06  1.0669136562746499e-05  2.0612093718904197e-05  3.9030797783871006e-05  7.2433613598211347e-05  1.3172820932274499e-04  2.3473925639575367e-04  4.0985245956614051e-04  7.0109261835610487e-04  1.1749121549665328e-03  1.9288532527121879e-03  3.1020201975154697e-03  4.8869380250771933e-03  7.5418868167891643e-03  1.1402251960487001e-02  1.6888983958144844e-02  2.4512250280749166e-02  3.4869374476180756e-02  4.8639065914277323e-02  6.6579617949380401e-02  8.9546922503522988e-02  1.1855478623893827e-01  1.5489368144128440e-01  2.0028494549913928e-01  2.5695827347628208e-01  3.2741794633328503e-01  4.1360161306086263e-01  5.1530848595853307e-01  6.2831476204466508e-01  7.4334006509626382e-01  8.4734375406089124e-01  9.2771667395982671e-01  9.7776700690161578e-01  1.0000000000000000e+00  0.0000000000000000e+00  3.9385547736369989e-27  1.2457189431500264e-26  3.4592719195196492e-26  9.1518777921484253e-26  2.3298073313285678e-25  5.7336012365157881e-25  1.3739946204414662e-24  3.2516135995522266e-24  7.8118450444016615e-24  2.0016248308347251e-23  5.8479509776599267e-23  2.0386438124733258e-22  8.3202088762081884e-22  3.7312522460551772e-21  1.7336848153335248e-20  8.0437485280979552e-20  3.6510265297589925e-19  1.6023474929987767e-18  6.7502934749743148e-18  2.7164907426344363e-17  1.0409001108340518e-16  3.7903731758903778e-16  1.3108929661379221e-15  4.3059609219055906e-15  1.3499955568454686e-14  4.1106787832676826e-14  1.2216369847270450e-13  3.5470614157983265e-13  1.0075079175269063e-12  2.8023782333961161e-12  7.6394611432178505e-12  2.0423177753907355e-11  5.3566785735019956e-11  1.3787970634682594e-10  3.4834244717334757e-10  8.6385945091585746e-10  2.1028619024159531e-09  5.0244543877988983e-09  1.1782637850145104e-08  2.7116069723196077e-08  6.1233668729273548e-08  1.3566818706293901e-07  2.9487152115395047e-07  6.2863261154579323e-07  1.3143553043043001e-06  2.6947845955210055e-06  5.4172137256606341e-06  1.0676179296395324e-05  2.0624979567732597e-05  3.9053645902912122e-05  7.2472919315523019e-05  1.3179386383866491e-04  2.3484579064947264e-04  4.1002043500340372e-04  7.0134999646459897e-04  1.1752953645645622e-03  1.9294075564008377e-03  3.1027988676919391e-03  4.8879998198155441e-03  7.5432913483372086e-03  1.1404052821217517e-02  1.6891219935724490e-02  2.4514935636881587e-02  3.4872489990222556e-02  4.8642553007481083e-02  6.6583378376979169e-02  8.9550825390305094e-02  1.1855868227033332e-01  1.5489742095378636e-01  2.0028839431592491e-01  2.5696132016554585e-01  3.2742049960150582e-01  4.1360359734628649e-01  5.1530984989358486e-01  6.2831550789832169e-01  7.4334028499392846e-01  8.4734363693474690e-01  9.2771645380303136e-01  9.7776686747137020e-01  1.0000000000000000e+00  0.0000000000000000e+00  3.4090501159325641e-27  1.0801928713352997e-26  3.0089953801455825e-26  7.9970601048078501e-26  2.0490121584803735e-25  5.0888520838061847e-25  1.2356150997042992e-24  2.9809733089492871e-24  7.3654716912943053e-24  1.9599974414121711e-23  5.9678191395504926e-23  2.1462440739462619e-22  8.8756677594467343e-22  3.9773490673244108e-21  1.8338110815796808e-20  8.4207443274387781e-20  3.7804630156182591e-19  1.6415271412050726e-18  6.8472595577171779e-18  2.7315138429982682e-17  1.0390361004683867e-16  3.7623063452266977e-16  1.2961702529714681e-15  4.2490689269585078e-15  1.3319782328638027e-14  4.0591420197638204e-14  1.2077694788305341e-13  3.5118153382981608e-13  9.9899298519066630e-13  2.7827487604552424e-12  7.5961719391458865e-12  2.0331783209523987e-11  5.3382291727689556e-11  1.3752502028144490e-10  3.4769834526749601e-10  8.6277213435379628e-10  2.1012126502458592e-09  5.0223992107643653e-09  1.1781256950743844e-08  2.7118925379980594e-08  6.1250251679199013e-08  1.3572108235926297e-07  2.9501055301566290e-07  6.2896149976442556e-07  1.3150797763894817e-06  2.6962956878792732e-06  5.4202262000433947e-06  1.0681952258528985e-05  2.0635653270143338e-05  3.9072732949067184e-05  7.2505986238197498e-05  1.3184942510847567e-04  2.3493640565769498e-04  4.1016394431726296e-04  7.0157075481903691e-04  1.1756252293467372e-03  1.9298862864333983e-03  3.1034735046021511e-03  4.8889226011372298e-03  7.5445157817029332e-03  1.1405627771984230e-02  1.6893181965519703e-02  2.4517300358266051e-02  3.4875243793921040e-02  4.8645647016008320e-02  6.6586726638601074e-02  8.9554308854798509e-02  1.1856215876969244e-01  1.5490073939962917e-01  2.0029140948491533e-01  2.5696390435739036e-01  3.2742255045790369e-01  4.1360504624944755e-01  5.1531067783468065e-01  6.2831576926359345e-01  7.4334012426895213e-01  8.4734327178621272e-01  9.2771610996786291e-01  9.7776668986054316e-01  1.0000000000000000e+00  0.0000000000000000e+00  2.9409584448762396e-27  9.3394602937461783e-27  2.6113113180740606e-26  6.9775350981448458e-26  1.8013003990009902e-25  4.5210696212605670e-25  1.1142808721159678e-24  2.7463262616889906e-24  6.9918154824550024e-24  1.9324773884454193e-23  6.1136933939327241e-23  2.2579675455478805e-22  9.4330502047816836e-22  4.2201083384014403e-21  1.9313144034470064e-20  8.7837131408284233e-20  3.9038545959044905e-19  1.6786132314026018e-18  6.9390441743176818e-18  2.7461901414541729e-17  1.0377060119892308e-16  3.7382394653376614e-16  1.2833134438311244e-15  4.1988976918515260e-15  1.3159055050611533e-14  4.0125496749807442e-14  1.1950550969747013e-13  3.4790134432275919e-13  9.9094199648368002e-13  2.7638733013854103e-12  7.5537807801624760e-12  2.0240457371174622e-11  5.3193576896782170e-11  1.3715171677048069e-10  3.4699462588983394e-10  8.6151880825237624e-10  2.0991382498235017e-09  5.0193173851565529e-09  1.1777507317286713e-08  2.7116518550935497e-08  6.1255522421613167e-08  1.3575037575212290e-07  2.9510169002965439e-07  6.2919572770522132e-07  1.3156218707398004e-06  2.6974640575740181e-06  5.4226103021929226e-06  1.0686600999414641e-05  2.0644364315890268e-05  3.9088476938795677e-05  7.2533498479638865e-05  1.3189598591211959e-04  2.3501280381847447e-04  4.1028557177936412e-04  7.0175871242184247e-04  1.1759072375216312e-03  1.9302971031021725e-03  3.1040544780056257e-03  4.8897199602962651e-03  7.5455773291429398e-03  1.1406997825363174e-02  1.6894894712006055e-02  2.4519372219014825e-02  3.4877665877779240e-02  4.8648379145205679e-02  6.6589694575429820e-02  8.9557406054429189e-02  1.1856525312536070e-01  1.5490368418992034e-01  2.0029405666588204e-01  2.5696611838589900e-01  3.2742422253951053e-01  4.1360611120510932e-01  5.1531113535483253e-01  6.2831570469683518e-01  7.4333971303801694e-01  8.4734274699689927e-01  9.2771568874726740e-01  9.7776648934907751e-01  1.0000000000000000e+00  0.0000000000000000e+00  2.5308402816639235e-27  8.0587975732164833e-27  2.2631857412566270e-26  6.0854083602200988e-26  1.5847135652755652e-25  4.0255900351380290e-25  1.0089137755101255e-24  2.5452002038954569e-24  6.6850370019411858e-24  1.9175682882002957e-23  6.2812484238940114e-23  2.3724232055667700e-22  9.9877015151085138e-22  4.4580465087542025e-21  2.0257903384801899e-20  9.1319047721300458e-20  4.0212214318198666e-19  1.7136927544429781e-18  7.0260039316376180e-18  2.7605473647373253e-17  1.0368514650491033e-16  3.7177044150526173e-16  1.2720982981982399e-15  4.1546616470080045e-15  1.3015737034606380e-14  3.9704792958908689e-14  1.1834252050510741e-13  3.4485989412777607e-13  9.8336981638037410e-13  2.7458521486315013e-12  7.5126573178761736e-12  2.0150313315343176e-11  5.3003645475810543e-11  1.3676734722515919e-10  3.4624932297312141e-10  8.6014087654537828e-10  2.0967307669521322e-09  5.0154081335793878e-09  1.1771809781701728e-08  2.7109718723061498e-08  6.1251240163449679e-08  1.3575955500907005e-07  2.9515170962112857e-07  6.2934820340448301e-07  1.3160056776563029e-06  2.6983337459430746e-06  5.4244448677998984e-06  1.0690263623232145e-05  2.0651349333173743e-05  3.9101274183444690e-05  7.2556104424807046e-05  1.3193458175431966e-04  2.3507659825304972e-04  4.1038776657548534e-04  7.0191749022589474e-04  1.1761465965762273e-03  1.9306472830537109e-03  3.1045516539221331e-03  4.8904048560351196e-03  7.5464924481988991e-03  1.1408183145216771e-02  1.6896381948740585e-02  2.4521178125006610e-02  3.4879785428299170e-02  4.8650779797866250e-02  6.6592312917703983e-02  8.9560147968609824e-02  1.1856799806653691e-01  1.5490629345105683e-01  2.0029638499606162e-01  2.5696802851182088e-01  3.2742560303949203e-01  4.1360689863628908e-01  5.1531133915038607e-01  6.2831542649307714e-01  7.4333914380609656e-01  8.4734212541156706e-01  9.2771522286260388e-01  9.7776627658272119e-01  1.0000000000000000e+00  0.0000000000000000e+00  2.1744880470496600e-27  6.9465773345723498e-27  1.9609418511829728e-26  5.3111419447247810e-26  1.3968934005722890e-25  3.5968252172402348e-25  9.1823301107607524e-25  2.3747037397694375e-24  6.4384896607481894e-24  1.9136355101398224e-23  6.4659891890377048e-23  2.4882327772934232e-22  1.0535188661988247e-21  4.6897962333571063e-21  2.1168765676897402e-20  9.4646606822512161e-20  4.1325744477387569e-19  1.7468320161783882e-18  7.1083848278685747e-18  2.7745811061003124e-17  1.0364130624649936e-16  3.7002782314167225e-16  1.2623291211280345e-15  4.1156800402796447e-15  1.2888037515682817e-14  3.9325467431272633e-14  1.1728129478611313e-13  3.4204995579251002e-13  9.7628340573149418e-13  2.7287594881208894e-12  7.4730995385577094e-12  2.0062287790260871e-11  5.2815098455572268e-11  1.3637858707492169e-10  3.4547863602191433e-10  8.5867600044660406e-10  2.0940747696473207e-09  5.0108558482535799e-09  1.1764556107102984e-08  2.7099338811493359e-08  6.1239054747120680e-08  1.3575189802790474e-07  2.9516699005023430e-07  6.2943108396962842e-07  1.3162538932912880e-06  2.6989462457341972e-06  5.4258041549388829e-06  1.0693070171618308e-05  2.0656831049918223e-05  3.9111497574242204e-05  7.2574413953771651e-05  1.3196618645505424e-04  2.3512930593298597e-04  4.1047283228995109e-04  7.0205049533931542e-04  1.1763482099851452e-03  1.9309436855858310e-03  3.1049743468061705e-03  4.8909895481340790e-03  7.5472767515729917e-03  1.1409202928137222e-02  1.6897666409103503e-02  2.4522743939263417e-02  3.4881630651738861e-02  4.8652878458895134e-02  6.6594611364883802e-02  8.9562563925127833e-02  1.1857042304169522e-01  1.5490859881315164e-01  2.0029843190251417e-01  2.5696968220754662e-01  3.2742675244788688e-01  4.1360748144710074e-01  5.1531136895833363e-01  6.2831501149508373e-01  7.4333847999560787e-01  8.4734145011698048e-01  9.2771473466579502e-01  9.7776605877300082e-01  1.0000000000000000e+00  0.0000000000000000e+00  1.8672213095466311e-27  5.9879866701592656e-27  1.7005132885825334e-26  4.6442076448782119e-26  1.2352423867207707e-25  3.2286392464338092e-25  8.4083969724760346e-25  2.2317092020818393e-24  6.2451046389396664e-24  1.9189863920998631e-23  6.6634193027112350e-23  2.6040660744110459e-22  1.1071368539759513e-21  4.9141153550575391e-21  2.2042524204142391e-20  9.7814103210988431e-20  4.2379190071294088e-19  1.7780814378280339e-18  7.1863513906421220e-18  2.7882659662442553e-17  1.0363327131194256e-16  3.6855811508348181e-16  1.2538350317140084e-15  4.0813616748562485e-15  1.2774380984157026e-14  3.8984041201802250e-14  1.1631543232331152e-13  3.3946334634824611e-13  9.6968373936673450e-13  2.7126483011423263e-12  7.4353444950836261e-12  1.9977162010702097e-11  5.2630169616698054e-11  1.3599129101942141e-10  3.4469700138837311e-10  8.5715816129863100e-10  2.0912473066782776e-09  5.0058297971288741e-09  1.1756108004136369e-08  2.7086132623034165e-08  6.1220500865173629e-08  1.3573046060161848e-07  2.9515348589002144e-07  6.2945572844200264e-07  1.3163877321171088e-06  2.6993403433432352e-06  5.4267575671778543e-06  1.0695142149273636e-05  2.0661017498848810e-05  3.9119495277456630e-05  7.2588996340689548e-05  1.3199170882703743e-04  2.3517234251455238e-04  4.1054291900295562e-04  7.0216090912118931e-04  1.1765166595478285e-03  1.9311927268355629e-03  3.1053312824180384e-03  4.8914855449249100e-03  7.5479449344452998e-03  1.1410075305465566e-02  1.6898769659286675e-02  2.4524094327562068e-02  3.4883228608035229e-02  4.8654703563747924e-02  6.6596618592529175e-02  8.9564681943953880e-02  1.1857255522740752e-01  1.5491062754695611e-01  2.0030022690016000e-01  2.5697111405321293e-01  3.2742771264267972e-01  4.1360790885164467e-01  5.1531127808815147e-01  6.2831451097703828e-01  7.4333776397065454e-01  8.4734074993761110e-01  9.2771423912329098e-01  9.7776584075247297e-01  1.0000000000000000e+00  0.0000000000000000e+00  1.6041399206423892e-27  5.1675567988467650e-27  1.4776609868619416e-26  4.0736465885085364e-26  1.0970613183920127e-25  2.9146712936538133e-25  7.7528942257768801e-25  2.1130095118318253e-24  6.0977202932058404e-24  1.9319383941576679e-23  6.8691816102266129e-23  2.7186694231990550e-22  1.1592438683236355e-21  5.1298920768434909e-21  2.2876379455213555e-20  1.0081667969246651e-19  4.3372583670450809e-19  1.8074795686210193e-18  7.2600094437633347e-18  2.8015636942112927e-17  1.0365551081213584e-16  3.6732739158078241e-16  1.2464667590217574e-15  4.0511922302782477e-15  1.2673380564633897e-14  3.8677373287648800e-14  1.1543888277630605e-13  3.3709136390915838e-13  9.6356732236164481e-13  2.6975544520669027e-12  7.3995777228545933e-12  1.9895580921395177e-11  5.2450761134831439e-11  1.3561055264582356e-10  3.4391718138425345e-10  8.5561777343858772e-10  2.0883180066434422e-09  5.0004840971106835e-09  1.1746796708652508e-08  2.7070793457040216e-08  6.1196994518598761e-08  1.3569806851727496e-07  2.9511671172779542e-07  6.2943266600924629e-07  1.3164268675892496e-06  2.6995520119943498e-06  5.4273694671539154e-06  1.0696592207305230e-05  2.0664101492287262e-05  3.9125589881321200e-05  7.2600378893116564e-05  1.3201199053884707e-04  2.3520701902660307e-04  4.1060001821296370e-04  7.0225167947030368e-04  1.1766561937773547e-03  1.9314003624463184e-03  3.1056305722041836e-03  4.8919035658915736e-03  7.5485107207920090e-03  1.1410817268071683e-02  1.6899711996645552e-02  2.4525252628846767e-02  3.4884605061846347e-02  4.8656282361685649e-02  6.6598362203895867e-02  8.9566528927442449e-02  1.1857442021092471e-01  1.5491240410452486e-01  2.0030179442398810e-01  2.5697235023866616e-01  3.2742851319320326e-01  4.1360821417899712e-01  5.1531110194143637e-01  6.2831395877246565e-01  7.4333702370674337e-01  8.4734004400030449e-01  9.2771374624929603e-01  9.7776562580073056e-01  1.0000000000000000e+00  0.0000000000000000e+00  1.3803315885114555e-27  4.4698129844803866e-27  1.2881506228425225e-26  3.5885271304030933e-26  9.7966189110038435e-26  2.6485999065113952e-25  7.2015160725014306e-25  2.0154463307302415e-24  5.9893502016854115e-24  1.9508740189619376e-23  7.0791689648524185e-23  2.8308869696222872e-22  1.2094970832770882e-21  5.3361465039525645e-21  2.3667924788239969e-20  1.0365029302504797e-19  4.4305965867914085e-19  1.8350563365521069e-18  7.3294236357114214e-18  2.8144290655314086e-17  1.0370286095353822e-16  3.6630547551852119e-16  1.2400938950057000e-15  4.0247236880611351e-15  1.2583815031195766e-14  3.8402635172435267e-14  1.1464598157816518e-13  3.3492510943087793e-13  9.5792739283041108e-13  2.6835001028726570e-12  7.3659414898293952e-12  1.9818070938434340e-11  5.2278478293662216e-11  1.3524076686832450e-10  3.4315036765974893e-10  8.5408184018866794e-10  2.0853492858906081e-09  4.9949579368074189e-09  1.1736923097730127e-08  2.7053953819955607e-08  6.1169831707705524e-08  1.3565731401999695e-07  2.9506173422101206e-07  6.2937157990117168e-07  1.3163894017106886e-06  2.6996143572062668e-06  5.4276990829787631e-06  1.0697523988208286e-05  2.0666260372759999e-05  3.9130078003767365e-05  7.2609046344460776e-05  1.3202780518110978e-04  2.3523454043495950e-04  4.1064596061439533e-04  7.0232551734778859e-04  1.1767707224005655e-03  1.9315720788103637e-03  3.1058796993548524e-03  4.8922535196646031e-03  7.5489868292684444e-03  1.1411444614923218e-02  1.6900512375265471e-02  2.4526240753762456e-02  3.4885784356703489e-02  4.8657640784753160e-02  6.6599868646088148e-02  8.9568130732173887e-02  1.1857604240590118e-01  1.5491395115541520e-01  2.0030315582085667e-01  2.5697341181491712e-01  3.2742917599934218e-01  4.1360842070378928e-01  5.1531086445352492e-01  6.2831337747293048e-01  7.4333627789368639e-01  8.4733934520785370e-01  9.2771326292473577e-01  9.7776541624110225e-01  1.0000000000000000e+00  0.0000000000000000e+00  1.1910338830381947e-27  3.8797806420903953e-27  1.1278906516235212e-26  3.1783008272842916e-26  8.8045419064145185e-26  2.4243482418843350e-25  6.7405553485069612e-25  1.9360091250361526e-24  5.9133889723182670e-24  1.9742823674057660e-23  7.2896053514680066e-23  2.9396751076457851e-22  1.2575928505613842e-21  5.5320288721377815e-21  2.4415127050459110e-20  1.0631167221505969e-19  4.5179407356728583e-19  1.8608356030635180e-18  7.3946307229496398e-18  2.8268140601800325e-17  1.0377057342145514e-16  3.6546562913540465e-16  1.2346025423608212e-15  4.0015654896782805e-15  1.2504609056139170e-14  3.8157285893381890e-14  1.1393146713918091e-13  3.3295572481223710e-13  9.5275488178606387e-13  2.6704965760554033e-12  7.3345420285887792e-12  1.9745056224968756e-11  5.2114662966472966e-11  1.3488569382575225e-10  3.4240629530652878e-10  8.5257414529231916e-10  2.0823966503098399e-09  4.9893760216026629e-09  1.1726758297018995e-08  2.7036186174788929e-08  6.1140189226231596e-08  1.3561055643045136e-07  2.9499317215857949e-07  6.2928130638254645e-07  1.3162918624896951e-06  2.6995576127776867e-06  5.4278005043374732e-06  1.0698032126904716e-05  2.0667656029565439e-05  3.9133230343858021e-05  7.2615440970571373e-05  1.3203985848799779e-04  2.3525600600736758e-04  4.1068241661448401e-04  7.0238489736393947e-04  1.1768638167341334e-03  1.9317128925806512e-03  3.1060855161747329e-03  4.8925444970315474e-03  7.5493849583684897e-03  1.1411971925444457e-02  1.6901188359404490e-02  2.4527079113319621e-02  3.4886789316921504e-02  4.8658803332194411e-02  6.6601163109959227e-02  8.9569512158528569e-02  1.1857744526526781e-01  1.5491529022383183e-01  2.0030433065932077e-01  2.5697431690866857e-01  3.2742971852017494e-01  4.1360854576302558e-01  5.1531058268569285e-01  6.2831278286975212e-01  7.4333553959090570e-01  8.4733866270799429e-01  9.2771279416718588e-01  9.7776521384405557e-01  1.0000000000000000e+00  0.0000000000000000e+00  1.0317533181030511e-27  3.3833561136455247e-27  9.9303323621808014e-27  2.8330623702313326e-26  7.9701049536487689e-26  2.2362334650203690e-25  6.3572375582499204e-25  1.8719066237244441e-24  5.8637589616577151e-24  2.0007880460916762e-23  7.4970992503513818e-23  3.0441106056164672e-22  1.3032670337198926e-21  5.7168148889134112e-21  2.5116302543181245e-20  1.0879826746559876e-19  4.5993023611313232e-19  1.8848371069471311e-18  7.4556494563352966e-18  2.8386707695797691e-17  1.0385433620437053e-16  3.6478425299342284e-16  1.2298933037584074e-15  3.9813771334806836e-15  1.2434816319727284e-14  3.7939048736610055e-14  1.1329048634233507e-13  3.3117457053470857e-13  9.4803918551410677e-13  2.6585467677194684e-12  7.3054558864003889e-12  1.9676873579661427e-11  5.1960425616931942e-11  1.3454852304003784e-10  3.4169336428271926e-10  8.5111547181427492e-10  2.0795090741279392e-09  4.9838492076210855e-09  1.1716544715833791e-08  2.7018004607712555e-08  6.1109127343486609e-08  1.3555992652563291e-07  2.9491520382230643e-07  6.2916984757068976e-07  1.3161492270038050e-06  2.6994091832036495e-06  5.4277227610429179e-06  1.0698202395196179e-05  2.0668435159588477e-05  3.9135292140391336e-05  7.2619963370427543e-05  1.3204878961793523e-04  2.3527241132957789e-04  4.1071089936420648e-04  7.0243206210183139e-04  1.1769387154787231e-03  1.9318273578399264e-03  3.1062542519910649e-03  4.8927847780466808e-03  7.5497157898820211e-03  1.1412412554803594e-02  1.6901756104418769e-02  2.4527786578427795e-02  3.4887641180389097e-02  4.8659792978163953e-02  6.6602269430645011e-02  8.9570696891227528e-02  1.1857865135210646e-01  1.5491644203008656e-01  2.0030533751903309e-01  2.5697508212983072e-01  3.2743015588722846e-01  4.1360860349828255e-01  5.1531026991500106e-01  6.2831218695497526e-01  7.4333481869228601e-01  8.4733800354290412e-01  9.2771234396324109e-01  9.7776502008288046e-01  1.0000000000000000e+00  0.0000000000000000e+00  8.9834601501267594e-28  2.9675564812040711e-27  8.8004201988652181e-27  2.5437236691909641e-26  7.2710789247319251e-26  2.0790661687709456e-25  6.0399417640375262e-25  1.8206135269600276e-24  5.8350040359494278e-24  2.0291687740420828e-23  7.6986724204700577e-23  3.1433932527968392e-22  1.3462941375106536e-21  5.8898986922649338e-21  2.5770089052202880e-20  1.1110818968850572e-19  4.6746982547536195e-19  1.9070778893427630e-18  7.5124877832951565e-18  2.8499533605621973e-17  1.0395027607286944e-16  3.6424060252957683e-16  1.2258795667623202e-15  3.9638619766917171e-15  1.2373605143108885e-14  3.7745890102899722e-14  1.1271859317045612e-13  3.2957335996730297e-13  9.4376879354796925e-13  2.6476471943787370e-12  7.2787355133219764e-12  1.9613786024465529e-11  5.1816675637868783e-11  1.3423193680184481e-10  3.4101876499991512e-10  8.4972384064520593e-10  2.0767294381714814e-09  4.9784752879990975e-09  1.1706497436889562e-08  2.6999867269866448e-08  6.1077594104385980e-08  1.3550733417581161e-07  2.9483158070689480e-07  6.2904439634731415e-07  1.3159749669239389e-06  2.6991937268751132e-06  5.4275099740549234e-06  1.0698111972255203e-05  2.0668729742720196e-05  3.9136483988179510e-05  7.2622973830200856e-05  1.3205517336515511e-04  2.3528465177398520e-04  4.1073277000501398e-04  7.0246902974378887e-04  1.1769983353214877e-03  1.9319195801026780e-03  3.1063915305326322e-03  4.8929818519314432e-03  7.5499890091524947e-03  1.1412778650587286e-02  1.6902230363893180e-02  2.4528380469880526e-02  3.4888359563813996e-02  4.8660631108422989e-02  6.6603210002388183e-02  8.9571707419071431e-02  1.1857968232163284e-01  1.5491742662843205e-01  2.0030619440654140e-01  2.5697572338619828e-01  3.2743050218598485e-01  4.1360860656180531e-01  5.1530993758326515e-01  6.2831159982420670e-01  7.4333412348528094e-01  8.4733737368123574e-01  9.2771191577790735e-01  9.7776483628403243e-01  1.0000000000000000e+00  0.0000000000000000e+00  7.8706557581589497e-28  2.6206663532340293e-27  7.8573168895581186e-27  2.3021149499653152e-26  6.6875289041813289e-26  1.9482073356133240e-25  5.7783254019178923e-25  1.7798962149466595e-24  5.8223384701879440e-24  2.0583634522160347e-23  7.8917681178192360e-23  3.2368440002695637e-22  1.3864854745696148e-21  6.0507839742305026e-21  2.6375414879496878e-20  1.1324014180341486e-19  4.7441505998188225e-19  1.9275732903934270e-18  7.5651479574673436e-18  2.8606193472089652e-17  1.0405494931012708e-16  3.6381652755267899e-16  1.2224860456719314e-15  3.9487620543897225e-15  1.2320246342619751e-14  3.7576000816504986e-14  1.1221174378166357e-13  3.2814426291130313e-13  9.3993180547168994e-13  2.6377897411300127e-12  7.2544141918401221e-12  1.9555995178955333e-11  5.1684149901239489e-11  1.3393817191231535e-10  3.4038860523467216e-10  8.4841476121621966e-10  2.0740950104263053e-09  4.9733398943193786e-09  1.1696805884069818e-08  2.6982179441502984e-08  6.1046430949647668e-08  1.3545447866855210e-07  2.9474564652774848e-07  6.2891137137944417e-07  1.3157811128720198e-06  2.6989332735392487e-06  5.4272015674313674e-06  1.0697829821138153e-05  2.0668657697834978e-05  3.9137002955335983e-05  7.2624794178555873e-05  1.3205952315598226e-04  2.3529352719511569e-04  4.1074924479241515e-04  7.0249760450667666e-04  1.1770452856496698e-03  1.9319932361997803e-03  3.1065023955342864e-03  4.8931424482049537e-03  7.5502133402844578e-03  1.1413081188829404e-02  1.6902624521011579e-02  2.4528876577397423e-02  3.4888962460565713e-02  4.8661337489505428e-02  6.6604005717755072e-02  8.9572564956188441e-02  1.1858055885756470e-01  1.5491826341762549e-01  2.0030691892093058e-01  2.5697625628777171e-01  3.2743077115086966e-01  4.1360856708390281e-01  5.1530959642771523e-01  6.2831103079059025e-01  7.4333346156175395e-01  8.4733677861276901e-01  9.2771151283955799e-01  9.7776466370652915e-01  1.0000000000000000e+00  0.0000000000000000e+00  6.9458429596103067e-28  2.3323011522225902e-27  7.0728472860535078e-27  2.1010269678361513e-26  6.2019153654102749e-26  1.8395911917562812e-25  5.5633721038455267e-25  1.7478216757378133e-24  5.8216601289864210e-24  2.0874726815729738e-23  8.0742431940836255e-23  3.3238996391913782e-22  1.4236866187454728e-21  6.1990738270955229e-21  2.6931465928118368e-20  1.1519334386207865e-19  4.8076866084233066e-19  1.9463376021758525e-18  7.6136300425209433e-18  2.8706303628178178e-17  1.0416532543364795e-16  3.6349623752218817e-16  1.2196475475627445e-15  3.9358537631547095e-15  1.2274103039311122e-14  3.7427779965282920e-14  1.1176629027717850e-13  3.2687998757933544e-13  9.3651636206054177e-13  2.6289631656272459e-12  7.2325103962255341e-12  1.9503652505926767e-11  5.1563439438548280e-11  1.3366907907092560e-10  3.3980803590390309e-10  8.4720148774341970e-10  2.0716379528655293e-09  4.9685174775749878e-09  1.1687635693000669e-08  2.6965297065469892e-08  6.1016379353600608e-08  1.3540286113484416e-07  2.9466036040714719e-07  6.2877646018194582e-07  1.3155783338249970e-06  2.6986473692038250e-06  5.4268325291640517e-06  1.0697417150437266e-05  2.0668323683864281e-05  3.9137023942655389e-05  7.2625710037535580e-05  1.3206229467827769e-04  2.3529974761789246e-04  4.1076140374451963e-04  7.0251938937193278e-04  1.1770818866466411e-03  1.9320515990459758e-03  3.1065913432427915e-03  4.8932725773590388e-03  7.5503965942533072e-03  1.1413330027051990e-02  1.6902950641716902e-02  2.4529289205565352e-02  3.4889466270029694e-02  4.8661930271808498e-02  6.6604675937886201e-02  8.9573289381127658e-02  1.1858130059596633e-01  1.5491897108385602e-01  2.0030752826692766e-01  2.5697669628635050e-01  3.2743097647098490e-01  4.1360849714256126e-01  5.1530925705610875e-01  6.2831048896240127e-01  7.4333284028982349e-01  8.4733622364999417e-01  9.2771113827732776e-01  9.7776450357612510e-01  1.0000000000000000e+00  0.0000000000000000e+00  6.1799385704249605e-28  2.0934064756417318e-27  6.4225080052069598e-27  1.9342085643069422e-26  5.7990859564885084e-26  1.7497224567964722e-25  5.3873820631042765e-25  1.7227539935512874e-24  5.8295373710152418e-24  2.1157537777109669e-23  8.2443486151636064e-23  3.4041050596441768e-22  1.4577743885103253e-21  6.3344598526568573e-21  2.7437651922428468e-20  1.1696745445370883e-19  4.8653377651137600e-19  1.9633844540785560e-18  7.6579342071657716e-18  2.8799525793341802e-17  1.0427876731869095e-16  3.6326609385107034e-16  1.2173079349708593e-15  3.9249442854549900e-15  1.2234622191776868e-14  3.7299821248533781e-14  1.1137897465997902e-13  3.2577384772316818e-13  9.3351101033915353e-13  2.6211544015805561e-12  7.2130316565303241e-12  1.9456869509601737e-11  5.1455014211491322e-11  1.3342617935628302e-10  3.3928137365019175e-10  8.4609527520118795e-10  2.0693858402124300e-09  4.9640723360456125e-09  1.1679130714275629e-08  2.6949530605225762e-08  6.0988088190031211e-08  1.3535379851292225e-07  2.9457832316249135e-07  6.2864466820956097e-07  1.3153760278740858e-06  2.6983532418400906e-06  5.4264337091616279e-06  1.0696927940747266e-05  2.0667820011495918e-05  3.9136701227875793e-05  7.2625973376214107e-05  1.3206388999699713e-04  2.3530393969142490e-04  4.1077020047337653e-04  7.0253580060895121e-04  1.1771101900564652e-03  1.9320975663041611e-03  3.1066623605056432e-03  4.8933775793769813e-03  7.5505457278104105e-03  1.1413533971834328e-02  1.6903219546925419e-02  2.4529631243984967e-02  3.4889885856420728e-02  4.8662426026332112e-02  6.6605238497335850e-02  8.9573899204677718e-02  1.1858192606021047e-01  1.5491956751998809e-01  2.0030803918858067e-01  2.5697705866045384e-01  3.2743113185650613e-01  4.1360840891903916e-01  5.1530893016697732e-01  6.2830998347666955e-01  7.4333226700512944e-01  8.4733571404438124e-01  9.2771079516705435e-01  9.7776435709239029e-01  1.0000000000000000e+00  0.0000000000000000e+00  5.5479130508190128e-28  1.8962120527289627e-27  5.8853389505448859e-27  1.7963331208448405e-26  5.4661919194243954e-26  1.6756561643193116e-25  5.2439238160047173e-25  1.7033426096567182e-24  5.8431788630355572e-24  2.1426122734010861e-23  8.4007027829322854e-23  3.4771040826688000e-22  1.4886535879087499e-21  6.4567110367003586e-21  2.7893572808095505e-20  1.1856249096444379e-19  4.9171387922808974e-19  1.9787269972261709e-18  7.6980621324661880e-18  2.8885568870502604e-17  1.0439301017546338e-16  3.6311442948705211e-16  1.2154192621085221e-15  3.9158686537795830e-15  1.2201327652735812e-14  3.7190901747029813e-14  1.1104692397397046e-13  3.2481981982831961e-13  9.3090501764825527e-13  2.6143496970535490e-12  7.1959779912005922e-12  1.9415726964719145e-11  5.1359245968934232e-11  1.3321071739629157e-10  3.3881221859730890e-10  8.4510563018847658e-10  2.0673621783399982e-09  4.9600596614934589e-09  1.1671415086818461e-08  2.6935149096756445e-08  6.0962121562487663e-08  1.3530843853285107e-07  2.9450180570710891e-07  6.2852037212489966e-07  1.3151824209368535e-06  2.6980659817605511e-06  5.4260321435732774e-06  1.0696409517255834e-05  2.0667227633832872e-05  3.9136170142311453e-05  7.2625805281955149e-05  1.3206466202090255e-04  2.3530665369952402e-04  4.1077647288402573e-04  7.0254808362857509e-04  1.1771320019541296e-03  1.9321336920244971e-03  3.1067189671985197e-03  4.8934621784699718e-03  7.5506669111337372e-03  1.1413700858431844e-02  1.6903440900954421e-02  2.4529914258616864e-02  3.4890234634311519e-02  4.8662839813423918e-02  6.6605709744488553e-02  8.9574411572627979e-02  1.1858245262256058e-01  1.5492006975151013e-01  2.0030846787531892e-01  2.5697735842456731e-01  3.2743125097408576e-01  4.1360831467262071e-01  5.1530862656042464e-01  6.2830952352783875e-01  7.4333174903509713e-01  8.4733525499362128e-01  9.2771048652469112e-01  9.7776422542093044e-01  1.0000000000000000e+00  0.0000000000000000e+00  5.0285557532476333e-28  1.7341571150708224e-27  5.4437195335311867e-27  1.6829463147271754e-26  5.1925604304041848e-26  1.6149676074727116e-25  5.1277649583186883e-25  1.6885062805884503e-24  5.8603948819152744e-24  2.1675917669034536e-23  8.5422617247479848e-23  3.5426297744766413e-22  1.5162537102006491e-21  6.5656628386407413e-21  2.8298986290433208e-20  1.1997875116828702e-19  4.9631264440658716e-19  1.9923779447325562e-18  7.7340177887667950e-18  2.8964189206813028e-17  1.0450614113739070e-16  3.6303139544089934e-16  1.2139410653302203e-15  3.9084873723635671e-15  1.2173814580254021e-14  3.7099973002180619e-14  1.1076764727588235e-13  3.2401259401317590e-13  9.2868864646759990e-13  2.6085356162986295e-12  7.1813449635350205e-12  1.9380283252544407e-11  5.1276429219087280e-11  1.3302371096359873e-10  3.3840356604030106e-10  8.4424055284254304e-10  2.0655869122108112e-09  4.9565265796884458e-09  1.1664595328108092e-08  2.6922384281816029e-08  6.0938966870146646e-08  1.3526777527079230e-07  2.9443277869786064e-07  6.2840737561904551e-07  1.3150046704428939e-06  2.6977987313147049e-06  5.4256513960124267e-06  1.0695903152151978e-05  2.0666617188419267e-05  3.9135548834136548e-05  7.2625398875138651e-05  1.3206491920286851e-04  2.3530837094577851e-04  4.1078095446563280e-04  7.0255732975978570e-04  1.1771489069358171e-03  1.9321622204375849e-03  3.1067642618724375e-03  4.8935305425498576e-03  7.5507656023235739e-03  1.1413837640092312e-02  1.6903623313375440e-02  2.4530148601212255e-02  3.4890524677714606e-02  4.8663185280902042e-02  6.6606104616545439e-02  8.9574842305955846e-02  1.1858289650125545e-01  1.5492049388849063e-01  2.0030882987481785e-01  2.5697761021636911e-01  3.2743134732566792e-01  4.1360822662645030e-01  5.1530835703991540e-01  6.2830911828712854e-01  7.4333129363382144e-01  8.4733485159130595e-01  9.2771021527297082e-01  9.7776410967857186e-01  1.0000000000000000e+00  0.0000000000000000e+00  4.6041919385824297e-28  1.6018020321839469e-27  5.0831312601259346e-27  1.5904062439266914e-26  4.9695509251862697e-26  1.5657192204064804e-25  5.0347976629741553e-25  1.6774163001533040e-24  5.8795579098507854e-24  2.1903638029715478e-23  8.6682898150793841e-23  3.6004950519444446e-22  1.5405257840003107e-21  6.6612068870351598e-21  2.8653777354155358e-20  1.2121673839246345e-19  5.0033382230279574e-19  2.0043495150651539e-18  7.7658077861701904e-18  2.9035189972218756e-17  1.0461658071280109e-16  3.6300883361568698e-16  1.2128397919123006e-15  3.9026845301318973e-15  1.2151745063047326e-14  3.7026154287438528e-14  1.1053903487851005e-13  3.2334762137685256e-13  9.2685339929331753e-13  2.6036999289114078e-12  7.1691264104273985e-12  1.9350581878440755e-11  5.1206800375029393e-11  1.3286599685932068e-10  3.3805791121496228e-10  8.4350676692096699e-10  2.0640769154901688e-09  4.9535131661011603e-09  1.1658762398008315e-08  2.6911434730080320e-08  6.0919042920040197e-08  1.3523266489862893e-07  2.9437294270992837e-07  6.2830896643553280e-07  1.3148489715198349e-06  2.6975628794637047e-06  5.4253119078738014e-06  1.0695444683395587e-05  2.0666050067898607e-05  3.9134940080684482e-05  7.2624922306336584e-05  1.3206493037693206e-04  2.3530951136279004e-04  4.1078428594632367e-04  7.0256449361067884e-04  1.1771622932380441e-03  1.9321851212069528e-03  3.1068009696622891e-03  4.8935863461503941e-03  7.5508466270604348e-03  1.1413950484936469e-02  1.6903774451683506e-02  2.4530343533778077e-02  3.4890766849379834e-02  4.8663474788296517e-02  6.6606436746629083e-02  8.9575205978078845e-02  1.1858327279685395e-01  1.5492085511422510e-01  2.0030914003355216e-01  2.5697782819590437e-01  3.2743143411883940e-01  4.1360815682452556e-01  5.1530813227095507e-01  6.2830877677530117e-01  7.4333090787811318e-01  8.4733450875219596e-01  9.2770998419761963e-01  9.7776401091638454e-01  1.0000000000000000e+00  0.0000000000000000e+00  4.2603917281193976e-28  1.4947391631398391e-27  4.7919232557920573e-27  1.5158257000550574e-26  4.7904203632416994e-26  1.5264304847878057e-25  4.9619732447472540e-25  1.6694821951384825e-24  5.8995695455141091e-24  2.2107192978006555e-23  8.7783342802828658e-23  3.6505842862223128e-22  1.5614395161087826e-21  6.7432816113018190e-21  2.8957930478833772e-20  1.2227709218782926e-19  5.0378110993932436e-19  2.0146533169572663e-18  7.7934414580742287e-18  2.9098420148826747e-17  1.0472306698607488e-16  3.6304017516365363e-16  1.2120883541716987e-15  3.8983663519755453e-15  1.2134844846189634e-14  3.6968727967525242e-14  1.1035936017979312e-13  3.2282115993511789e-13  9.2539224110837896e-13  2.5998324063874427e-12  7.1593168866610576e-12  1.9326658244963237e-11  5.1150555157480768e-11  1.3273827306113956e-10  3.3777734663893106e-10  8.4290993608057184e-10  2.0628464561184295e-09  4.9510534223877620e-09  1.1653993703105654e-08  2.6902469878653771e-08  6.0902707938125089e-08  1.3520384133617065e-07  2.9432375837568704e-07  6.2822797354338287e-07  1.3147206637520159e-06  2.6973682577854851e-06  5.4250313516992880e-06  1.0695065139460049e-05  2.0665579501794807e-05  3.9134433120815948e-05  7.2624521789008107e-05  1.3206492965749209e-04  2.3531044122936318e-04  4.1078702713435441e-04  7.0257041074860041e-04  1.1771733783977275e-03  1.9322041255853805e-03  3.1068314916789627e-03  4.8936328357327584e-03  7.5509142620033710e-03  1.1414044878552118e-02  1.6903901162442749e-02  2.4530507365222692e-02  3.4890970946990674e-02  4.8663719553625626e-02  6.6606718599601933e-02  8.9575516026780252e-02  1.1858359556781173e-01  1.5492116771481665e-01  2.0030941247579398e-01  2.5697802597597047e-01  3.2743152415731031e-01  4.1360811699639832e-01  5.1530796263717127e-01  6.2830850772747626e-01  7.4333059855574646e-01  8.4733423113322648e-01  9.2770979590285396e-01  9.7776393010331741e-01  1.0000000000000000e+00  0.0000000000000000e+00  3.9857060121558958e-28  1.4095142996038523e-27  4.5611131159016700e-27  1.4570253152885908e-26  4.6502198437518975e-26  1.4960563588629484e-25  4.9072586751559857e-25  1.6643428041344051e-24  5.9198400783295742e-24  2.2285628632762661e-23  8.8722063616806623e-23  3.6928465169455621e-22  1.5789808614675444e-21  6.8118640829996646e-21  2.9211505135173102e-20  1.2316052609155186e-19  5.0665802978226121e-19  2.0233002062968071e-18  7.8169308004389655e-18  2.9153773498751704e-17  1.0482464319070971e-16  3.6312036360312091e-16  1.2116657986247303e-15  3.8954601472657856e-15  1.2122901069035807e-14  3.6927136864841676e-14  1.1022728433270486e-13  3.2243032089284490e-13  9.2429980575052639e-13  2.5969255434524718e-12  7.1519138641431258e-12  1.9308545754212180e-11  5.1107864360799258e-11  1.3264113721005261e-10  3.3756365182524619e-10  8.4245486520757279e-10  2.0619076341316277e-09  4.9491762038359799e-09  1.1650355018279986e-08  2.6895633937819064e-08  6.0890267373008601e-08  1.3518193159466370e-07  2.9428647608175588e-07  6.2816682370195305e-07  1.3146243371345001e-06  2.6972233354604126e-06  5.4248249833231098e-06  1.0694791362747703e-05  2.0665251637158091e-05  3.9134105487131794e-05  7.2624324634922732e-05  1.3206512134839740e-04  2.3531148091378539e-04  4.1078966881960712e-04  7.0257581550889196e-04  1.1771832351701159e-03  1.9322207630622212e-03  3.1068579552940854e-03  4.8936728965456667e-03  7.5509723207878802e-03  1.1414125730767506e-02  1.6904009598896035e-02  2.4530647597619644e-02  3.4891145863114266e-02  4.8663929819040080e-02  6.6606961632637643e-02  8.9575784897049537e-02  1.1858387794259602e-01  1.5492144514931258e-01  2.0030966062450556e-01  2.5697821659239378e-01  3.2743162976607765e-01  4.1360811844931056e-01  5.1530785811633373e-01  6.2830831947176791e-01  7.4333037206339514e-01  8.4733402306146766e-01  9.2770965277144346e-01  9.7776386811191096e-01  1.0000000000000000e+00  0.0000000000000000e+00  3.7714607785222934e-28  1.3435690099795500e-27  4.3842526871236123e-27  1.4125056172846513e-26  4.5457433212851383e-26  1.4739793351990947e-25  4.8696270430019737e-25  1.6618654381537180e-24  5.9402865754560813e-24  2.2439112644738273e-23  8.9499717040953172e-23  3.7272908093841321e-22  1.5931501300168245e-21  6.8669632894264761e-21  2.9414615026816941e-20  1.2386777372837072e-19  5.0896782022869607e-19  2.0303001383224321e-18  7.8362903590159527e-18  2.9201187780564310e-17  1.0492064909010527e-16  3.6324580203175973e-16  1.2115570823548784e-15  3.8939136250713599e-15  1.2115760951558541e-14  3.6900983584120090e-14  1.1014186399809969e-13  3.2217311676855313e-13  9.2357259164287043e-13  2.5949752195778303e-12  7.1469197225620078e-12  1.9296281313133398e-11  5.1078888106455848e-11  1.3257512159296772e-10  3.3741837543588573e-10  8.4214568638283882e-10  2.0612707898250640e-09  4.9479060921093832e-09  1.1647902311368474e-08  2.6891049631155240e-08  6.0881981425355911e-08  1.3516747067807316e-07  2.9426216496879934e-07  6.2812759694511017e-07  1.3145639363723785e-06  2.6971354117439103e-06  5.4247059902241137e-06  1.0694646627325284e-05  2.0665106610821411e-05  3.9134024826107101e-05  7.2624442272955077e-05  1.3206568483087761e-04  2.3531291259397559e-04  4.1079264465826020e-04  7.0258135881272517e-04  1.1771928175217797e-03  1.9322363982259424e-03  3.1068822649075083e-03  4.8937091204408105e-03  7.5510242417629308e-03  1.1414197485393228e-02  1.6904105353374305e-02  2.4530771079862526e-02  3.4891299756023571e-02  4.8664115031756230e-02  6.6607176476334004e-02  8.9576024210241245e-02  1.1858413226386126e-01  1.5492170015682669e-01  2.0030989726247986e-01  2.5697841251545805e-01  3.2743176275605118e-01  4.1360817199582972e-01  5.1530782818643539e-01  6.2830821983194829e-01  7.4333023432258027e-01  8.4733388847433677e-01  9.2770955693174673e-01  9.7776382570667641e-01  1.0000000000000000e+00  0.0000000000000000e+00  3.6116397497804338e-28  1.2952137534305545e-27  4.2573872966917340e-27  1.3814457626811136e-26  4.4755485271009933e-26  1.4600200731799954e-25  4.8490935443549396e-25  1.6621557125650308e-24  5.9613550339861891e-24  2.2568971619346390e-23  9.0119523061768416e-23  3.7539842228782999e-22  1.6039607231762180e-21  6.9086150193924545e-21  2.9567411436077536e-20  1.2439954417986006e-19  5.1071334164048126e-19  2.0356620322614712e-18  7.8515371316508030e-18  2.9240644408496473e-17  1.0501071647320387e-16  3.6341432395060455e-16  1.2117529510865122e-15  3.8936945552401398e-15  1.2113331388927841e-14  3.6890031783780737e-14  1.1010256244368014e-13  3.2204851276944608e-13  9.2320915180570981e-13  2.5939813146914900e-12  7.1443435657401160e-12  1.9289910315300898e-11  5.1063788722612225e-11  1.3254072484602409e-10  3.3734291016659390e-10  8.4198602969236057e-10  2.0609448819341575e-09  4.9472642113307757e-09  1.1646683465003166e-08  2.6888821755617389e-08  6.0878072271824169e-08  1.3516091597990879e-07  2.9425174111682601e-07  6.2811208077368154e-07  1.3145428631589917e-06  2.6971108053074316e-06  5.4246858350619531e-06  1.0694651249307965e-05  2.0665179610553460e-05  3.9134250701733816e-05  7.2624973244035968e-05  1.3206677941840912e-04  2.3531498793468152e-04  4.1079634300748879e-04  7.0258762593861817e-04  1.1772029866065417e-03  1.9322522676904336e-03  3.1069061529525950e-03  4.8937438742554934e-03  7.5510731768662484e-03  1.1414264232027162e-02  1.6904193593179458e-02  2.4530884166829886e-02  3.4891440228814179e-02  4.8664284036884997e-02  6.6607373132103936e-02  8.9576244954488154e-02  1.1858437025906708e-01  1.5492194489496106e-01  2.0031013462863836e-01  2.5697862569873525e-01  3.2743193442629304e-01  4.1360828791718923e-01  5.1530788176366293e-01  6.2830821605669784e-01  7.4333019071592399e-01  8.4733383087349612e-01  9.2770951023226100e-01  9.7776380353522074e-01  1.0000000000000000e+00  0.0000000000000000e+00  3.5028858171668922e-28  1.2636418612880008e-27  4.1791376270345380e-27  1.3637368922927576e-26  4.4400705714854018e-26  1.4544716137577674e-25  4.8468086336135298e-25  1.6655806215960056e-24  5.9840720276550538e-24  2.2677792408412320e-23  9.0587422031751603e-23  3.7730528088597865e-22  1.6114385788149941e-21  6.9368785055334408e-21  2.9670070941375864e-20  1.2475648726913404e-19  5.1189700047489086e-19  2.0393936601775510e-18  7.8626905319593034e-18  2.9272168689160844e-17  1.0509476898710622e-16  3.6362518744958512e-16  1.2122499157079572e-15  3.8947907636494640e-15  1.2115579437387490e-14  3.6894209424183876e-14  1.1010926429796622e-13  3.2205648278221252e-13  9.2321028273321362e-13  2.5939482920909700e-12  7.1442028961863971e-12  1.9289491172188694e-11  5.1062742398776563e-11  1.3253844065622150e-10  3.3733856083540790e-10  8.4197917961358164e-10  2.0609378368464430e-09  4.9472689887342220e-09  1.1646739896855914e-08  2.6889040562485116e-08  6.0878730983917652e-08  1.3516266117624148e-07  2.9425599492058989e-07  6.2812182307523160e-07  1.3145640764907868e-06  2.6971550405935132e-06  5.4247745947206871e-06  1.0694823190543012e-05  2.0665501926308309e-05  3.9134836384709966e-05  7.2626006175422497e-05  1.3206854918291697e-04  2.3531793572691630e-04  4.1080111871440753e-04  7.0259515424652764e-04  1.1772145367090153e-03  1.9322695170391198e-03  3.1069312310347797e-03  4.8937793685548741e-03  7.5511220812610998e-03  1.1414329819282334e-02  1.6904279198913557e-02  2.4530992882491852e-02  3.4891574514533071e-02  4.8664445278985002e-02  6.6607561181644959e-02  8.9576457691080927e-02  1.1858460323125070e-01  1.5492219110248812e-01  2.0031038454215158e-01  2.5697886765826400e-01  3.2743215559767808e-01  4.1360847595739181e-01  5.1530802716868251e-01  6.2830831477305027e-01  7.4333024604216125e-01  8.4733385329141508e-01  9.2770951422307324e-01  9.7776380212183589e-01  1.0000000000000000e+00  0.0000000000000000e+00  3.4446545171107993e-28  1.2489953543469805e-27  4.1509357399097458e-27  1.3600586046510005e-26  4.4418499045857968e-26  1.4581624150380960e-25  4.8652203373976809e-25  1.6728074657472833e-24  6.0101312516010717e-24  2.2769597965452419e-23  9.0912389194615133e-23  3.7846860143655852e-22  1.6156223918101539e-21  6.9518349376549630e-21  2.9722787697627022e-20  1.2493916916332174e-19  5.1252069301801268e-19  2.0415015671426548e-18  7.8697724432283891e-18  2.9295830723503769e-17  1.0517302647607008e-16  3.6387909278870078e-16  1.2130503262041619e-15  3.8972104587856677e-15  1.2122533697691018e-14  3.6913614068274147e-14  1.1016229433212687e-13  3.2219807137179209e-13  9.2357921653101141e-13  2.5948857608212422e-12  7.1465251788037366e-12  1.9295099465764409e-11  5.1075949770704411e-11  1.3256878377696678e-10  3.3740660628669976e-10  8.4212821812367861e-10  2.0612568709531969e-09  4.9479368637623097e-09  1.1648108085525255e-08  2.6891784973008324e-08  6.0884124168827805e-08  1.3517304966870602e-07  2.9427561776231678e-07  6.2815818398301287e-07  1.3146301914298656e-06  2.6972730319626793e-06  5.4249812962889920e-06  1.0695178658134243e-05  2.0666101995934124e-05  3.9135830634383538e-05  7.2627622745720518e-05  1.3207112776963251e-04  2.3532196951451167e-04  4.1080730489275190e-04  7.0260445089584921e-04  1.1772282212002842e-03  1.9322892378228805e-03  3.1069590412078083e-03  4.8938177266666027e-03  7.5511738035315213e-03  1.1414397969005405e-02  1.6904366904462745e-02  2.4531103085642592e-02  3.4891709665281857e-02  4.8664607009368879e-02  6.6607750004381877e-02  8.9576672771433677e-02  1.1858484226326066e-01  1.5492245027841961e-01  2.0031065854563318e-01  2.5697914957293005e-01  3.2743243666900934e-01  4.1360874533988429e-01  5.1530827211425689e-01  6.2830852195852938e-01  7.4333040448595900e-01  8.4733395826810420e-01  9.2770957014290645e-01  9.7776382186310373e-01  1.0000000000000000e+00  0.0000000000000000e+00  3.4395574673543190e-28  1.2524949708300797e-27  4.1774503040823002e-27  1.3720078569473737e-26  4.4858979921252333e-26  1.4725537521547671e-25  4.9083181847664264e-25  1.6848612822550466e-24  6.0420203149400852e-24  2.2850108036677321e-23  9.1106925746890663e-23  3.7891448222196148e-22  1.6165646657754330e-21  6.9535879342437657e-21  2.9725770403838348e-20  1.2494805848259959e-19  5.1258576930447771e-19  2.0419910257574177e-18  7.8728073763912558e-18  2.9311747023363433e-17  1.0524601396663291e-16  3.6417822373152829e-16  1.2141625441960994e-15  3.9009828956331697e-15  1.2134286625983754e-14  3.6948520358728304e-14  1.1026244072031903e-13  3.2247546324891219e-13  9.2432182061798838e-13  2.5968090291814400e-12  7.1513493231656384e-12  1.9306831792135728e-11  5.1103645592532176e-11  1.3263231369668594e-10  3.3754835582122760e-10  8.4243615598797664e-10  2.0619087890988121e-09  4.9492829515791682e-09  1.1650821014095304e-08  2.6897125652947837e-08  6.0894400380716598e-08  1.3519238767369431e-07  2.9431122817027305e-07  6.2822238703715370e-07  1.3147435769989640e-06  2.6974692668933662e-06  5.4253142522397129e-06  1.0695732703754477e-05  2.0667006452021840e-05  3.9137279484401152e-05  7.2629900657989905e-05  1.3207464322701726e-04  2.3532729524636462e-04  4.1081522474093016e-04  7.0261601062753941e-04  1.1772447785905523e-03  1.9323125047026734e-03  3.1069911074645259e-03  4.8938610540330977e-03  7.5512311763479200e-03  1.1414472391189597e-02  1.6904461437999851e-02  2.4531220637107488e-02  3.4891852743416607e-02  4.8664777496322330e-02  6.6607948998847477e-02  8.9576900559210706e-02  1.1858509842853070e-01  1.5492273386908303e-01  2.0031096805780138e-01  2.5697948239564683e-01  3.2743278768499179e-01  4.1360910479668855e-01  5.1530862370525266e-01  6.2830884292471456e-01  7.4333066959724581e-01  8.4733414783466487e-01  9.2770967891005796e-01  9.7776386302493967e-01  1.0000000000000000e+00  0.0000000000000000e+00  3.4939397490937964e-28  1.2766485224675252e-27  4.2672402205508810e-27  1.4022904776518467e-26  4.5802256723817886e-26  1.4998772617415244e-25  4.9819713947227249e-25  1.7032033897812229e-24  6.0831928765149902e-24  2.2927094086161262e-23  9.1187742840132845e-23  3.7867738987588820e-22  1.6143336378754383e-21  6.9422660302718626e-21  2.9679244018135217e-20  1.2478352291199188e-19  5.1209301697649045e-19  2.0408660243405768e-18  7.8718227324762986e-18  2.9320082859018701e-17  1.0531457542400807e-16  3.6452631334429382e-16  1.2156012175916586e-15  3.9061593918880112e-15  1.2150997826555110e-14  3.6999389847764704e-14  1.1041098331773668e-13  3.2289206176299210e-13  9.2544680925303926e-13  2.5997396604620840e-12  7.1587271120402710e-12  1.9324809362642664e-11  5.1146107650262222e-11  1.3272965630864913e-10  3.3776520092136953e-10  8.4290605389715860e-10  2.0629002626922565e-09  4.9513216685062330e-09  1.1654909546957988e-08  2.6905127977920150e-08  6.0909696366712383e-08  1.3522095708493278e-07  2.9436339771008957e-07  6.2831557011748900e-07  1.3149064540814166e-06  2.6977479898185196e-06  5.4257813976113341e-06  1.0696499827574363e-05  2.0668241177980032e-05  3.9139228045199910e-05  7.2632916641601766e-05  1.3207922288313473e-04  2.3533411900018343e-04  4.1082520346536123e-04  7.0263033369483727e-04  1.1772649587829477e-03  1.9323404128531248e-03  3.1070289875517105e-03  4.8939115079475511e-03  7.5512971075634115e-03  1.1414556899342189e-02  1.6904567663430223e-02  2.4531351567336761e-02  3.4892011013025213e-02  4.8664965235437542e-02  6.6608167803967208e-02  8.9577151652124445e-02  1.1858538300131582e-01  1.5492305345453816e-01  2.0031132452554226e-01  2.5697987696427788e-01  3.2743321840462714e-01  4.1360956259893095e-01  5.1530908844111833e-01  6.2830928230412242e-01  7.4333104427411223e-01  8.4733442349993038e-01  9.2770984111535892e-01  9.7776392574047288e-01  1.0000000000000000e+00  0.0000000000000000e+00  3.6187418471836379e-28  1.3255534686371651e-27  4.4336796101088809e-27  1.4549861361333107e-26  4.7365599557565776e-26  1.5433183915551548e-25  5.0943734364093862e-25  1.7298334399284622e-24  6.1382905493364704e-24  2.3010836093274422e-23  9.1176650749847024e-23  3.7780179284002225e-22  1.6090160999796965e-21  6.9180272038207732e-21  2.9583456211132396e-20  1.2444583612642628e-19  5.1104266405684383e-19  2.0381292846051323e-18  7.8668491571462334e-18  2.9321055323348306e-17  1.0537989239824994e-16  3.6492873536131449e-16  1.2173876632878357e-15  3.9128147210310867e-15  1.2172898406931388e-14  3.7066883411726732e-14  1.1060972759291754e-13  3.2345257808785010e-13  9.2696597111460153e-13  2.6037060413868597e-12  7.1687246016959917e-12  1.9349181423855620e-11  5.1203665062684895e-11  1.3286152392422500e-10  3.3805866305943533e-10  8.4354113523161239e-10  2.0642380914084502e-09  4.9540673278611685e-09  1.1660403757789559e-08  2.6915854926423616e-08  6.0930143221890716e-08  1.3525902825561742e-07  2.9443267688996602e-07  6.2843883667621980e-07  1.3151209942953164e-06  2.6981133883345771e-06  5.4263906322223260e-06  1.0697494591963143e-05  2.0669832381864788e-05  3.9141722337042723e-05  7.2636749504162307e-05  1.3208499830049303e-04  2.3534265482399444e-04  4.1083758037295884e-04  7.0264794402600356e-04  1.1772895496298692e-03  1.9323741157380248e-03  3.1070743252091630e-03  4.8939713677250904e-03  7.5513746716806855e-03  1.1414655526037928e-02  1.6904690721668041e-02  2.4531502243250101e-02  3.4892192129802914e-02  4.8665179157189091e-02  6.6608416516130281e-02  8.9577437097817042e-02  1.1858570765918407e-01  1.5492342092551536e-01  2.0031173956513559e-01  2.5698034410106474e-01  3.2743373835842721e-01  4.1361012657755836e-01  5.1530967221079915e-01  6.2830984403219803e-01  7.4333153074330882e-01  8.4733478623645364e-01  9.2771005701529730e-01  9.7776401000815238e-01  1.0000000000000000e+00  0.0000000000000000e+00  3.8307027112598388e-28  1.4053109707603346e-27  4.6961992341856956e-27  1.5358976997102367e-26  4.9712740616607652e-26  1.6072510065648806e-25  5.2566032982054168e-25  1.7674168512421368e-24  6.2134176665297488e-24  2.3114685722541561e-23  9.1101658582638968e-23  3.7634421743676882e-22  1.6007211127122624e-21  6.8810654165979408e-21  2.9438688465230751e-20  1.2393519464519666e-19  5.0943439884221868e-19  2.0337823011402826e-18  7.8579209619374268e-18  2.9314937066578951e-17  1.0544350767320484e-16  3.6539262263540854e-16  1.2195503664930640e-15  3.9210489171167223e-15  1.2200296504058449e-14  3.7151876543215313e-14  1.1086104495570064e-13  3.2416313288266055e-13  9.2889441709805995e-13  2.6087439729338457e-12  7.1814235167396483e-12  1.9380128550994190e-11  5.1276706101995726e-11  1.3302873395013002e-10  3.3843043835496139e-10  8.4434489223944217e-10  2.0659294525264230e-09  4.9575347150841515e-09  1.1667334227582875e-08  2.6929369939560617e-08  6.0955872531479510e-08  1.3530687285275838e-07  2.9451962136984235e-07  6.2859330780782472e-07  1.3153894208126903e-06  2.6985697834929292e-06  5.4271501708542892e-06  1.0698732249869109e-05  2.0671807695941782e-05  3.9144811166176719e-05  7.2641483252699546e-05  1.3209211033759686e-04  2.3535313273521927e-04  4.1085272118608336e-04  7.0266940768597380e-04  1.1773194038683171e-03  1.9324148633322895e-03  3.1071289028823850e-03  4.8940431052918254e-03  7.5514672015390069e-03  1.1414772638277488e-02  1.6904836170995526e-02  2.4531679533040435e-02  3.4892404327276694e-02  4.8665428828704511e-02  6.6608705897758677e-02  8.9577768598089108e-02  1.1858608467047162e-01  1.5492384864205305e-01  2.0031222508253191e-01  2.5698089468961649e-01  3.2743435688331252e-01  4.1361080412367479e-01  5.1531038027080101e-01  6.2831053131694659e-01  7.4333213053294744e-01  8.4733523646249298e-01  9.2771032652362895e-01  9.7776411568953980e-01  1.0000000000000000e+00  0.0000000000000000e+00  4.1539641040237184e-28  1.5245690972500161e-27  5.0818882214015159e-27  1.6529949742953313e-26  5.3065516340596845e-26  1.6975271351056745e-25  5.4833101618236580e-25  1.8194385562826393e-24  6.3164697426986470e-24  2.3255735341297967e-23  9.0998279417478802e-23  3.7437570995810241e-22  1.5895845712437813e-21  6.8316190790213080e-21  2.9245271621629463e-20  1.2325174401439297e-19  5.0726740432421870e-19  2.0278253913327424e-18  7.8450765726780694e-18  2.9302060619911972e-17  1.0550735402019324e-16  3.6592701464118120e-16  1.2221256081443822e-15  3.9309895376326447e-15  1.2233584121738397e-14  3.7255477880062784e-14  1.1116792033376646e-13  3.2503137231893226e-13  9.3125085236177229e-13  2.6148972921254184e-12  7.1969226585597045e-12  1.9417865859827045e-11  5.1365685645925336e-11  1.3323222651170713e-10  3.3888243978264690e-10  8.4532118731913386e-10  2.0679821418211049e-09  4.9617396508570904e-09  1.1675733331326518e-08  2.6945739785696454e-08  6.0987022576263966e-08  1.3536477692990766e-07  2.9462481874746558e-07  6.2878017565145907e-07  1.3157141119979929e-06  2.6991218256758086e-06  5.4280689039136692e-06  1.0700229391954553e-05  2.0674197308396261e-05  3.9148548053881661e-05  7.2647210298422188e-05  1.3210071433723928e-04  2.3536580690381909e-04  4.1087103061239949e-04  7.0269535167207463e-04  1.1773554664639813e-03  1.9324640407985725e-03  3.1071946948668370e-03  4.8941294560533302e-03  7.5515783799164401e-03  1.1414913052078868e-02  1.6905010125531739e-02  2.4531890967391948e-02  3.4892656597059535e-02  4.8665724646416289e-02  6.6609047572853047e-02  8.9578158695588619e-02  1.1858652705938506e-01  1.5492434956520723e-01  2.0031279336306460e-01  2.5698153971939197e-01  3.2743508312535086e-01  4.1361160215954179e-01  5.1531121719886652e-01  6.2831134659037791e-01  7.4333284443332448e-01  8.4733577401747084e-01  9.2771064920021307e-01  9.7776424250636218e-01  1.0000000000000000e+00  0.0000000000000000e+00  4.6221355243026165e-28  1.6952115977818187e-27  5.6274935176309813e-27  1.8169603617367320e-26  5.7717980877840145e-26  1.8218235240237797e-25  5.7935220475925175e-25  1.8903824894427054e-24  6.4575130258812284e-24  2.3455584976390036e-23  9.0911020835595766e-23  3.7198465963631875e-22  1.5757745304413515e-21  6.7699812649759210e-21  2.9003605541746070e-20  1.2239561346364450e-19  5.0454040368328317e-19  2.0202577403067813e-18  7.8283589493738937e-18  2.9282823183158568e-17  1.0557378813439043e-16  3.6654303648333350e-16  1.2251582351811001e-15  3.9427944439444074e-15  1.2273245455178639e-14  3.7379051404337360e-14  1.1153400796833524e-13  3.2606660045403688e-13  9.3405787639957965e-13  2.6222185318728661e-12  7.2153393415726216e-12  1.9462646169579207e-11  5.1471132345176562e-11  1.3347308124734804e-10  3.3941683752389061e-10  8.4647435089513279e-10  2.0704048095402827e-09  4.9666995501462969e-09  1.1685636530252362e-08  2.6965037464521741e-08  6.1023744668490421e-08  1.3543305434467394e-07  2.9474891615033522e-07  6.2900075852664425e-07  1.3160977085441381e-06  2.6997746971659600e-06  5.4291567703229619e-06  1.0702004615142751e-05  2.0677035131045238e-05  3.9152993223691688e-05  7.2654034751756078e-05  1.3211098544906551e-04  2.3538096402606949e-04  4.1089296517125016e-04  7.0272648303278888e-04  1.1773988023268099e-03  1.9325232075324949e-03  3.1072739207137108e-03  4.8942334897358018e-03  7.5517123305290845e-03  1.1415082145471300e-02  1.6905219390537005e-02  2.4532144895236037e-02  3.4892958860473174e-02  4.8666078015962191e-02  6.6609454204748050e-02  8.9578620936963116e-02  1.1858704874157611e-01  1.5492493735372118e-01  2.0031345712202639e-01  2.5698229028930830e-01  3.2743592600287275e-01  4.1361252707423768e-01  5.1531218681891566e-01  6.2831229143891243e-01  7.4333367244413806e-01  8.4733639812992012e-01  9.2771102423655782e-01  9.7776439003663773e-01  1.0000000000000000e+00  0.0000000000000000e+00  5.2808710743913575e-28  1.9332049508076912e-27  6.3818406005849204e-27  2.0418394328558614e-26  6.4052986402001401e-26  1.9900430296777415e-25  6.2115697963505620e-25  1.9859340691956604e-24  6.6492077087083404e-24  2.3741189196314747e-23  9.0895020786161794e-23  3.6927989985241600e-22  1.5594971306502309e-21  6.6965113919971945e-21  2.8714182381392807e-20  1.2136695789126672e-19  5.0125171245533921e-19  2.0110774208772869e-18  7.8078159026209661e-18  2.9257691697023103e-17  1.0564562978655321e-16  3.6725411238652650e-16  1.2287025922393832e-15  3.9566551742618549e-15  1.2319866919946963e-14  3.7524242827800980e-14  1.1196369652278225e-13  3.2727992998892323e-13  9.3734231449095471e-13  2.6307696238895527e-12  7.2368108650660954e-12  1.9514763133112782e-11  5.1593655553274819e-11  1.3375253342223968e-10  3.4003609789935534e-10  8.4780927706111227e-10  2.0732071943509988e-09  4.9724339837142994e-09  1.1697083683520879e-08  2.6987345178164350e-08  6.1066209670384838e-08  1.3551206061421221e-07  2.9489264879164582e-07  6.2925655805618456e-07  1.3165432244893793e-06  2.7005343219452601e-06  5.4304251433087647e-06  1.0704079213251082e-05  2.0680360003383365e-05  3.9158215646002113e-05  7.2662075804200987e-05  1.3212312407743181e-04  2.3539893186949487e-04  4.1091904623831633e-04  7.0276360823936666e-04  1.1774506242756768e-03  1.9325941363718742e-03  3.1073690985674758e-03  4.8943586806858468e-03  7.5518737076502914e-03  1.1415285968750610e-02  1.6905471592925103e-02  2.4532450631787123e-02  3.4893322128501374e-02  4.8666501515373967e-02  6.6609939651105385e-02  8.9579170006512721e-02  1.1858766462343517e-01  1.5492562641857052e-01  2.0031422950940855e-01  2.5698315756502144e-01  3.2743689412653920e-01  4.1361358462289283e-01  5.1531329209819399e-01  6.2831336651482128e-01  7.4333461371023746e-01  8.4733710737941415e-01  9.2771145043876990e-01  9.7776455771004278e-01  1.0000000000000000e+00  0.0000000000000000e+00  6.1909918311230819e-28  2.2596093510064007e-27  7.4086755012405318e-27  2.3457922902315264e-26  7.2561026353820327e-26  2.2147636696111100e-25  6.7681050445298646e-25  2.1132000082155402e-24  6.9072610365780962e-24  2.4145752921358383e-23  9.1017763480355067e-23  3.6639395828546710e-22  1.5410028837992751e-21  6.6116479494052325e-21  2.8377612774854969e-20  1.2016600570283219e-19  4.9739929194284583e-19  2.0002813632615634e-18  7.7835002082797280e-18  2.9227207950270428e-17  1.0572620614553244e-16  3.6807621721440045e-16  1.2328236378241874e-15  3.9728010025510468e-15  1.2374149151694989e-14  3.7693010775310328e-14  1.1246218472587775e-13  3.2868445345455712e-13  9.4113558321245696e-13  2.6406226468672154e-12  7.2614960201149825e-12  1.9574554329969774e-11  5.1733952019496122e-11  1.3407198941114828e-10  3.4074302111576905e-10  8.4933151773926467e-10  2.0764003572281078e-09  4.9789652466492435e-09  1.1710120388774271e-08  2.7012757387134060e-08  6.1114614725768936e-08  1.3560220725542348e-07  2.9505686955119300e-07  6.2954931833278531e-07  1.3170541621085744e-06  2.7014075825108399e-06  5.4318872283648733e-06  1.0706477887874169e-05  2.0684216928888803e-05  3.9164295131756673e-05  7.2671471181097363e-05  1.3213736142552601e-04  2.3542008793812875e-04  4.1094987322272544e-04  7.0280765267003223e-04  1.1775123210297576e-03  1.9326788526273725e-03  3.1074830979214789e-03  4.8945089768784623e-03  7.5520677832810190e-03  1.1415531350511435e-02  1.6905775304972115e-02  2.4532818596204761e-02  3.4893758646666842e-02  4.8667009037323981e-02  6.6610519091103756e-02  8.9579821824671002e-02  1.1858839065923682e-01  1.5492643193009775e-01  2.0031512406519147e-01  2.5698415268913927e-01  3.2743799567931881e-01  4.1361477979617089e-01  5.1531453502587010e-01  6.2831457143849934e-01  7.4333566645415916e-01  8.4733789965790829e-01  9.2771192621054321e-01  9.7776474480329945e-01  1.0000000000000000e+00  0.0000000000000000e+00  7.4321566744430495e-28  2.7017481187218155e-27  8.7898930993090345e-27  2.7519314611590370e-26  8.3860864699551527e-26  2.5117212648128835e-25  7.5011744585026509e-25  2.2809361073174990e-24  7.2508887444307228e-24  2.4709629450546599e-23  9.1360779934174361e-23  3.6348627188722723e-22  1.5205929845787954e-21  6.5159217030676950e-21  2.7994653998069717e-20  1.1879311067695865e-19  4.9298079735740732e-19  1.9878652432921902e-18  7.7554693935559924e-18  2.9191993380029022e-17  1.0581940110393014e-16  3.6902817018971241e-16  1.2375982734216997e-15  3.9915037994073568e-15  1.2436921302177902e-14  3.7887663487683651e-14  1.1303556890275897e-13  3.3029543680572173e-13  9.4547409170373061e-13  2.6518606183363872e-12  7.2895766203977789e-12  1.9642404292077640e-11  5.1892812288402798e-11  1.3443304147902012e-10  3.4154077780691497e-10  8.5104737556618441e-10  2.0799969160884202e-09  4.9863189358691238e-09  1.1724799355211726e-08  2.7041383956105062e-08  6.1169190207486224e-08  1.3570397659768326e-07  2.9524257952056821e-07  6.2988108694180926e-07  1.3176346301967845e-06  2.7024025425964618e-06  5.4335584710113161e-06  1.0709229474716376e-05  2.0688658334357663e-05  3.9171324458193157e-05  7.2682380635056738e-05  1.3215396508381932e-04  2.3544486817174236e-04  4.1098613673726871e-04  7.0285967998839482e-04  1.1775854848938357e-03  1.9327796724409765e-03  3.1076191910789368e-03  4.8946888666307458e-03  7.5523005304973080e-03  1.1415825997621046e-02  1.6906140158833585e-02  2.4533260435857799e-02  3.4894282021121679e-02  4.8667615906052349e-02  6.6611209119941367e-02  8.9580593606329292e-02  1.1858924386184448e-01  1.5492736977539356e-01  2.0031615462645025e-01  2.5698528665090031e-01  3.2743923826918475e-01  4.1361611667857612e-01  5.1531591649505704e-01  6.2831590471320897e-01  7.4333682792305311e-01  8.4733877214198106e-01  9.2771244954178989e-01  9.7776495043725431e-01  1.0000000000000000e+00  0.0000000000000000e+00  9.1070385484041471e-28  3.2945140194660208e-27  1.0629068677664449e-26  3.2892187055324374e-26  9.8721125801978636e-26  2.9003030426701446e-25  8.4572926480714002e-25  2.4997693360644378e-24  7.7032542023412680e-24  2.5481156112302452e-23  9.2021204117843220e-23  3.6074612201276761e-22  1.4986252075272177e-21  6.4099686383949850e-21  2.7566238938377783e-20  1.1724880568712942e-19  4.8799361310097787e-19  1.9738232510811312e-18  7.7237850324684842e-18  2.9152753102646696e-17  1.0592970925089142e-16  3.7013197566946148e-16  1.2431169206291962e-15  4.0130838389903174e-15  1.2509158029597926e-14  3.8110901894499752e-14  1.1369094387937405e-13  3.3213053723251549e-13  9.5039967896694868e-13  2.6645783236647558e-12  7.3212590323248032e-12  1.9718747400402929e-11  5.2071126681142791e-11  1.3483748164501025e-10  3.4243294404915605e-10  8.5296399507542153e-10  2.0840112805690412e-09  4.9945245354277925e-09  1.1741181805859073e-08  2.7073353379159817e-08  6.1230206850170165e-08  1.3581793698617130e-07  2.9545095930942669e-07  6.3025427736956309e-07  1.3182894647170215e-06  2.7035286736630385e-06  5.4354569701029004e-06  1.0712367677262009e-05  2.0693745337326088e-05  3.9179411500043735e-05  7.2694989434189791e-05  1.3217324458616021e-04  2.3547377555456335e-04  4.1102863156548423e-04  7.0292091111532273e-04  1.1776719386894043e-03  1.9328992398230237e-03  3.1077811024041581e-03  4.8949034417668236e-03  7.5525787013024023e-03  1.1416178586967097e-02  1.6906576949142670e-02  2.4533789133868472e-02  3.4894907322059326e-02  4.8668338964654792e-02  6.6612027806264767e-02  8.9581503875288890e-02  1.1859024226522265e-01  1.5492845646810752e-01  2.0031733519488135e-01  2.5698657013275572e-01  3.2744062878198099e-01  4.1361759833180756e-01  5.1531743622908432e-01  6.2831736369146529e-01  7.4333809438148546e-01  8.4733972129648261e-01  9.2771301801299288e-01  9.7776517357873061e-01  1.0000000000000000e+00  0.0000000000000000e+00  1.1345900037721898e-27  4.0817698455730476e-27  1.3055148586525770e-26  3.9933766555825000e-26  1.1808160233040386e-25  3.4040195991885216e-25  9.6924336390271875e-25  2.7823956756286779e-24  8.2918448364362676e-24  2.6517343960317950e-23  9.3113020592791288e-23  3.5839498287769071e-22  1.4755188452373372e-21  6.2945417348530733e-21  2.7093504463280386e-20  1.1553385581348184e-19  4.8243486661909181e-19  1.9581476945482678e-18  7.6885113454223714e-18  2.9110278553231773e-17  1.0606229385441991e-16  3.7141321656624301e-16  1.2494853895793781e-15  4.0379167315512821e-15  1.2591999671407307e-14  3.8365870060070373e-14  1.1443651887620712e-13  3.3421004669002762e-13  9.5596008551541069e-13  2.6788831692157697e-12  7.3567756632753869e-12  1.9804070553178446e-11  5.2269890654245392e-11  1.3528731425241434e-10  3.4342353419341734e-10  8.5508945102343461e-10  2.0884598847561863e-09  5.0036160048909201e-09  1.1759338897770475e-08  2.7108816056701860e-08  6.1297983000558077e-08  1.3594475821605043e-07  2.9568340075200237e-07  6.3067173201645786e-07  1.3190243501913909e-06  2.7047970819207369e-06  5.4376038904506950e-06  1.0715931796171561e-05  2.0699549000652078e-05  3.9188681329627934e-05  7.2709511783149237e-05  1.3219555683148469e-04  2.3550738847035851e-04  4.1107826917213510e-04  7.0299274241160717e-04  1.1777737613701815e-03  1.9330405615675661e-03  3.1079730542563555e-03  4.8951584557455786e-03  7.5529098970434335e-03  1.1416598846529907e-02  1.6907097720701144e-02  2.4534419096434272e-02  3.4895651160555381e-02  4.8669196628755462e-02  6.6612994709102438e-02  8.9582572433168389e-02  1.1859140484085393e-01  1.5492970901954217e-01  2.0031867978406229e-01  2.5698801336705390e-01  3.2744217328302150e-01  4.1361922676483670e-01  5.1531909281999921e-01  6.2831894465752325e-01  7.4333946120166217e-01  8.4734074294312423e-01  9.2771362883184916e-01  9.7776541305224263e-01  1.0000000000000000e+00  0.0000000000000000e+00  1.4311381658114548e-27  5.1177745226247598e-27  1.6226082928688548e-26  4.9077521804630629e-26  1.4307257126672707e-25  4.0509117728409311e-25  1.1272836963923123e-24  3.1437302403238856e-24  9.0487355861683231e-24  2.7884319469339906e-23  9.4767806226706847e-23  3.5668791866177724e-22  1.4517580457646841e-21  6.1705205123184819e-21  2.6577817580099093e-20  1.1364930819362372e-19  4.7630141154498901e-19  1.9408283840997466e-18  7.6497128445018292e-18  2.9065447901386687e-17  1.0622304779987624e-16  3.7290150678399013e-16  1.2568270922154104e-15  4.0664417063577822e-15  1.2686776201108159e-14  3.8656214188553416e-14  1.1528175012831931e-13  3.3655716214297080e-13  9.6220945502199998e-13  2.6948960384969718e-12  7.3963863465593968e-12  1.9898915462476849e-11  5.2490209242550477e-11  1.3578476668920887e-10  3.4451703049303430e-10  8.5743283193523164e-10  2.0933614139732117e-09  5.0136323622499052e-09  1.1779353140431095e-08  2.7147947577723837e-08  6.1372891878096879e-08  1.3608522695611448e-07  2.9594153848915407e-07  6.3113678471497512e-07  1.3198459396099717e-06  2.7062207315317854e-06  5.4400238665254243e-06  1.0719967439318395e-05  2.0706151547438235e-05  3.9199278239559738e-05  7.2726194099428880e-05  1.3222131124487042e-04  2.3554636860411302e-04  4.1113608945006019e-04  7.0307676261301740e-04  1.1778933116574825e-03  1.9332070391112443e-03  3.1081998083308444e-03  4.8954603750664709e-03  7.5533026292405742e-03  1.1417097623127924e-02  1.6907715838129063e-02  2.4535166216411271e-02  3.4896531735187426e-02  4.8670208903300330e-02  6.6614130852433867e-02  8.9583820284125565e-02  1.1859275137567596e-01  1.5493114478932402e-01  2.0032020228079120e-01  2.5698962605809034e-01  3.2744387704548228e-01  4.1362100308776101e-01  5.1532088398499354e-01  6.2832064312548908e-01  7.4334092313045019e-01  8.4734183244577932e-01  9.2771427892788660e-01  9.7776566756955585e-01  1.0000000000000000e+00  0.0000000000000000e+00  1.8203220235640737e-27  6.4685358670835612e-27  2.0332101852637320e-26  6.0840478985109497e-26  1.7502992280125059e-25  4.8738381229467916e-25  1.3275501458318860e-24  3.6009815949130627e-24  1.0010680427575716e-23  2.9657400412261890e-23  9.7134741257772601e-23  3.5591361862045081e-22  1.4278928315681259e-21  6.0389171725924702e-21  2.6020797646324979e-20  1.1159653596151466e-19  4.6958977060943323e-19  1.9218517363325286e-18  7.6074507011211486e-18  2.9019223131146853e-17  1.0641865582074024e-16  3.7463100981069596e-16  1.2652856669692908e-15  4.0991715283194790e-15  1.2795035714874367e-14  3.8986151594348832e-14  1.1623749207072272e-13  3.3919828275412048e-13  9.6920885806358583e-13  2.7127521198591712e-12  7.4403795377298726e-12  2.0003880386422176e-11  5.2733300197326152e-11  1.3633229752124288e-10  3.4571840814493847e-10  8.6000431618593383e-10  2.0987370200635706e-09  5.0246182490873512e-09  1.1801319784258828e-08  2.7190951942858194e-08  6.1455368699909785e-08  1.3624026184113130e-07  2.9622728074332444e-07  6.3165332134770342e-07  1.3207619700609424e-06  2.7078146586031304e-06  5.4427453871702079e-06  1.0724527194204115e-05  2.0713647504151984e-05  3.9211367633106833e-05  7.2745318053604445e-05  1.3225097453049896e-04  2.3559146815902565e-04  4.1120327135097301e-04  7.0317476799641612e-04  1.1780332489473347e-03  1.9334024962951468e-03  3.1084667010070448e-03  4.8958164221321616e-03  7.5537663685470140e-03  1.1417686934095792e-02  1.6908446034345801e-02  2.4536047909836500e-02  3.4897568845321213e-02  4.8671397360365264e-02  6.6615458657798290e-02  8.9585269520992175e-02  1.1859430232673465e-01  1.5493278134678468e-01  2.0032191637520186e-01  2.5699141745453530e-01  3.2744574482316646e-01  4.1362292799377409e-01  5.1532280719663470e-01  6.2832245449918467e-01  7.4334247484959681e-01  8.4734298508848738e-01  9.2771496514296892e-01  9.7776593578895243e-01  1.0000000000000000e+00  0.0000000000000000e+00  2.3262507818421571e-27  8.2129587346182191e-27  2.5598253195020066e-26  7.5828180760969932e-26  2.1550345091507568e-25  5.9105790272591801e-25  1.5788220559343251e-24  4.1736185770069110e-24  1.1218966663494361e-23  3.1920677662504387e-23  1.0037964860517853e-22  3.5639263434996239e-22  1.4045370427289056e-21  5.9008781015423017e-21  2.5424332864240442e-20  1.0937727389499795e-19  4.6229602929771322e-19  1.9011995264903704e-18  7.5617774335784143e-18  2.8972642300840026e-17  1.0665665546153831e-16  3.7664103129339327e-16  1.2750280979349575e-15  4.1367044079752137e-15  1.2918578379177324e-14  3.9360551310525147e-14  1.1731616899372031e-13  3.4216333311728797e-13  9.7702682538390663e-13  2.7326016616513172e-12  7.4890732090794458e-12  2.0119621050712306e-11  5.3000495334245997e-11  1.3693260112820713e-10  3.4703315403777123e-10  8.6281523726963987e-10  2.1046105181428187e-09  5.0366244624084571e-09  1.1825348143714601e-08  2.7238064647531597e-08  6.1545917490250577e-08  1.3641092784306681e-07  2.9654283846803140e-07  6.3222583690220653e-07  1.3217813708080400e-06  2.7095961697217189e-06  5.4458011497553792e-06  1.0729671241957219e-05  2.0722144735618949e-05  3.9225137720541797e-05  7.2767203271781490e-05  1.3228507485340979e-04  2.3564353613473346e-04  4.1128114201592348e-04  7.0328877521306577e-04  1.1781965506874705e-03  1.9336312019262668e-03  3.1087796712368290e-03  4.8962346076910227e-03  7.5543115795367703e-03  1.1418380000207232e-02  1.6909304434946600e-02  2.4537083122505882e-02  3.4898783868828283e-02  4.8672785077535564e-02  6.6617001838434206e-02  8.9586943184050832e-02  1.1859607867769692e-01  1.5493463639093483e-01  2.0032383564071723e-01  2.5699339669548116e-01  3.2744778153569787e-01  4.1362500277345021e-01  5.1532486090586793e-01  6.2832437529812091e-01  7.4334411199166561e-01  8.4734419675249284e-01  9.2771568457102838e-01  9.7776621642107520e-01  1.0000000000000000e+00  0.0000000000000000e+00  2.9774991607052125e-27  1.0443625451933626e-26  3.2285741305410640e-26  9.4736076120799235e-26  2.6625528894710773e-25  7.2036864068241233e-25  1.8909000708218969e-24  4.8831960556230011e-24  1.2718964265423743e-23  3.4765972491803771e-23  1.0468282028438694e-22  3.5847338828840758e-22  1.3823624592196868e-21  5.7576795222497130e-21  2.4790589410159828e-20  1.0699364402871206e-19  4.5441567285320389e-19  1.8788472123832313e-18  7.5127294164910154e-18  2.8926805000845805e-17  1.0694549289487683e-16  3.7897669383923107e-16  1.2862484327698684e-15  4.1797383650677985e-15  1.3059497010712566e-14  3.9785028331385591e-14  1.1853196907385015e-13  3.4548611001492270e-13  9.8573987202475041e-13  2.7546105954089413e-12  7.5428152979374692e-12  2.0246850458180487e-11  5.3293239517786803e-11  1.3758860779443371e-10  3.4846727726790130e-10  8.6587813445437655e-10  2.1110085567976198e-09  5.0497084352546274e-09  1.1851562814293723e-08  2.7289555533050273e-08  6.1645117370458669e-08  1.3659844948293952e-07  2.9689075196009504e-07  6.3285948712589822e-07  1.3229143602296381e-06  2.7115850182427911e-06  5.4492283712942499e-06  1.0735467890624507e-05  2.0731765333199625e-05  3.9240800956201778e-05  7.2792209593177697e-05  1.3232420527939113e-04  2.3570352340259847e-04  4.1137118400858019e-04  7.0342103121122162e-04  1.1783865254096223e-03  1.9338978860293863e-03  3.1091452795185270e-03  4.8967237510298082e-03  7.5549497391284148e-03  1.1419191257375130e-02  1.6910308555941760e-02  2.4538292304435369e-02  3.4900199703245330e-02  4.8674396538623189e-02  6.6618785262406680e-02  8.9588865110790977e-02  1.1859810183480589e-01  1.5493672779766218e-01  2.0032597387725096e-01  2.5699557359969505e-01  3.2744999359444482e-01  4.1362723113589667e-01  5.1532704664978302e-01  6.2832640522046135e-01  7.4334583282654676e-01  8.4734546503305785e-01  9.2771643511803337e-01  9.7776650840404056e-01  1.0000000000000000e+00  0.0000000000000000e+00  3.8072813723038204e-27  1.3267017902125488e-26  4.0691545785739265e-26  1.1834600804896414e-25  3.2924527059761297e-25  8.8000054435878838e-25  2.2744703103725075e-24  5.7530066921190418e-24  1.4559305602518396e-23  3.8291047951733623e-23  1.1023541133248056e-22  3.6252556657286829e-22  1.3620884349672961e-21  5.6107162182542151e-21  2.4122011839616699e-20  1.0444817058056826e-19  4.4594336240799614e-19  1.8547617480015385e-18  7.4603165999883962e-18  2.8882848359832495e-17  1.0729456776980439e-16  3.8168970212505382e-16  1.2991722306552868e-15  4.2290886395111568e-15  1.3220225773204703e-14  4.0266053876314409e-14  1.1990106257556932e-13  3.4920464788167373e-13  9.9543298586061268e-13  2.7789609494457388e-12  7.6019835307076629e-12  2.0386337233457274e-11  5.3613086642064895e-11  1.3830347813435497e-10  3.5002730941384647e-10  8.6920678493390050e-10  2.1179607535033248e-09  5.0639346476081110e-09  1.1880104741035727e-08  2.7345731309584569e-08  6.1753628117293535e-08  1.3680422242951333e-07  2.9727391399564342e-07  6.3356013290067138e-07  1.3241725279712285e-06  2.7138035514642639e-06  5.4530690439683391e-06  1.0741994005461746e-05  2.0742646317655322e-05  3.9258595151638369e-05  7.2820738777399361e-05  1.3236902630584890e-04  2.3577248632078278e-04  4.1147504026733088e-04  7.0357401969299636e-04  1.1786068206419119e-03  1.9342077487460026e-03  3.1095707166089340e-03  4.8972934862567012e-03  7.5556933367179309e-03  1.1420136345070558e-02  1.6911477272957470e-02  2.4539697351026162e-02  3.4901840671001029e-02  4.8676257501226387e-02  6.6620834796981040e-02  8.9591059803467377e-02  1.1860039361452053e-01  1.5493907388686115e-01  2.0032834586784318e-01  2.5699796011910564e-01  3.2745239116247982e-01  4.1362962218479671e-01  5.1532937240975629e-01  6.2832855037886282e-01  7.4334764088328842e-01  8.4734679096935173e-01  9.2771721637023086e-01  9.7776681117637487e-01  1.0000000000000000e+00  0.0000000000000000e+00  4.8534010734562375e-27  1.6802972059425971e-26  5.1145767265501970e-26  1.4751643365440355e-25  4.0660003385359633e-25  1.0749798116453598e-24  2.7408762234274844e-24  6.8075296605495320e-24  1.6790640823652249e-23  4.2596975690941360e-23  1.1723422918022017e-22  3.6893059974205193e-22  1.3444665314926713e-21  5.4614824934596271e-21  2.3421313894027616e-20  1.0174378516344096e-19  4.3687265132162248e-19  1.8288988052785345e-18  7.4045086928873758e-18  2.8841910053823966e-17  1.0771425838833609e-16  3.8483920509371914e-16  1.3140619063862664e-15  4.2857089223854335e-15  1.3403598886809102e-14  4.0811084530321152e-14  1.2144184571859778e-13  3.5336159491403521e-13  1.0062000440939243e-12  2.8058509540497551e-12  7.6669844102200930e-12  2.0538902108299831e-11  5.3961691941472171e-11  1.3908059076777709e-10  3.5172029274028585e-10  8.7281621404979052e-10  2.1254997880039382e-09  5.0793749509934769e-09  1.1911132099853629e-08  2.7406937662276008e-08  6.1872194792397432e-08  1.3702982306221102e-07  2.9769558861655598e-07  6.3433437559354603e-07  1.3255688989407835e-06  2.7162768223693675e-06  5.4573701235638704e-06  1.0749335315888804e-05  2.0754940121744082e-05  3.9278784206428045e-05  7.2853235566506489e-05  1.3242026733393974e-04  2.3585158865997474e-04  4.1159451643644931e-04  7.0375046361847548e-04  1.1788614250282806e-03  1.9345664609872601e-03  3.1100638008427013e-03  4.8979542533237009e-03  7.5565558545285499e-03  1.1421232070012334e-02  1.6912830760863792e-02  2.4541321511023267e-02  3.4903732391292207e-02  4.8678394838835411e-02  6.6623177151964044e-02  8.9593552350722055e-02  1.1860297639099052e-01  1.5494169402753646e-01  2.0033096873611603e-01  2.5700057272689664e-01  3.2745499170011388e-01  4.1363219495761516e-01  5.1533185763976641e-01  6.2833082808727214e-01  7.4334954880101567e-01  8.4734818157875103e-01  9.2771803086853966e-01  9.7776712508017127e-01  1.0000000000000000e+00  0.0000000000000000e+00  6.1579053524448263e-27  2.1183151279618552e-26  6.4006158622590061e-26  1.8316509921940881e-25  5.0056303597778116e-25  1.3105409516004599e-24  3.3017865478078631e-24  8.0716550225862921e-24  1.9463932014100179e-23  4.7784597808902910e-23  1.2587482266538566e-22  3.7806907558883824e-22  1.3302598766605141e-21  5.3115449068093552e-21  2.2691459511444781e-20  9.8883825456053441e-20  4.2719565089692657e-19  1.8011993307034397e-18  7.3452169124427344e-18  2.8805073569927127e-17  1.0821591422498075e-16  3.8849275858292850e-16  1.3312231810960581e-15  4.3507174208044002e-15  1.3612921787766138e-14  4.1428713666097694e-14  1.2317521108494325e-13  3.5800458720012548e-13  1.0181441086053341e-12  2.8354947154921037e-12  7.7382511217787421e-12  2.0705412131503109e-11  5.4340800001447340e-11  1.3992352235409578e-10  3.5355375503909029e-10  8.7672268138234050e-10  2.1336614489822063e-09  5.0961087954732927e-09  1.1944820963770880e-08  2.7473560873761860e-08  6.2001651290864662e-08  1.3727701566782719e-07  2.9815942487958929e-07  6.3518958200628549e-07  1.3271179764849026e-06  2.7190326609548421e-06  5.4621836417720809e-06  1.0757586583153900e-05  2.0768814825202172e-05  3.9301658411103865e-05  7.2890188028196517e-05  1.3247872696631457e-04  2.3594210166383718e-04  4.1173158031757522e-04  7.0395332339020416e-04  1.1791546641557776e-03  1.9349801561935130e-03  3.1106329632680941e-03  4.8987172728973422e-03  7.5575517272988401e-03  1.1422496344492781e-02  1.6914390403885614e-02  2.4543189262867606e-02  3.4905901623407162e-02  4.8680836368658234e-02  6.6625839745441298e-02  8.9596368448994254e-02  1.1860587348665576e-01  1.5494460972138652e-01  2.0033386412170195e-01  2.5700343604431952e-01  3.2745782517787286e-01  4.1363498495384105e-01  5.1533454038321291e-01  6.2833327355821678e-01  7.4335158367730247e-01  8.4734965336663171e-01  9.2771888587737772e-01  9.7776745192492032e-01  1.0000000000000000e+00  0.0000000000000000e+00  7.7663725961754218e-27  2.6548339376815776e-26  7.9649366840340341e-26  2.2624312906368380e-25  6.1342337144877272e-25  1.5919437854191983e-24  3.9687528626129736e-24  9.5696743573544252e-24  2.2628275466622586e-23  5.3950077554140065e-23  1.3634288014621713e-22  3.9030511938114993e-22  1.3202172925877447e-21  5.1625068077726459e-21  2.1935634687429095e-20  9.5872033284915802e-20  4.1690266629350094e-19  1.7715853847771581e-18  7.2822702405311050e-18  2.8773289369682686e-17  1.0881179641824569e-16  3.9272738446051573e-16  1.3510129065915146e-15  4.4254290981517762e-15  1.3852057892145067e-14  4.2128849172140410e-14  1.2512484427817812e-13  3.6318660179262605e-13  1.0313775350588254e-12  2.8681213096944542e-12  7.8162400875213272e-12  2.0886772198247110e-11  5.4752227969184658e-11  1.4083601950518167e-10  3.5553567081871880e-10  8.8094364271411891e-10  2.1424846339754135e-09  5.1142233572935678e-09  1.1981365745824533e-08  2.7546028936808996e-08  6.2142922739354993e-08  1.3754775710698169e-07  2.9866946521048359e-07  6.3613389818847899e-07  1.3288357633022052e-06  2.7221017024200625e-06  5.4675667373850856e-06  1.0766851619930251e-05  2.0784454127072186e-05  3.9327534297203091e-05  7.2932127139797089e-05  1.3254527206758230e-04  2.3604540214946346e-04  4.1188835830440818e-04  7.0418579052855805e-04  1.1794911898422185e-03  1.9354554129008337e-03  3.1112872202758886e-03  4.8995945048011594e-03  7.5586962812220198e-03  1.1423948099712400e-02  1.6916178677538786e-02  2.4545326162730346e-02  3.4908376088627444e-02  4.8683610679772372e-02  6.6628850620571375e-02  8.9599534577322018e-02  1.1860910990020043e-01  1.5494784631808459e-01  2.0033706140037691e-01  2.5700658800662757e-01  3.2746094130733072e-01  4.1363805300578066e-01  5.1533748678132540e-01  6.2833594872878074e-01  7.4335379404725477e-01  8.4735123688474778e-01  9.2771979568612639e-01  9.7776779572789141e-01  1.0000000000000000e+00  0.0000000000000000e+00  9.7267732326202642e-27  3.3044392892491970e-26  9.8458542812838842e-26  2.7769989154868309e-25  7.4742241470838611e-25  1.9242398312423884e-24  4.7526572766279376e-24  1.1324044249355818e-23  2.6328275593329113e-23  6.1179601643811386e-23  1.4880407757534586e-22  4.0596801177983250e-22  1.3150426249275157e-21  5.0159652801793429e-21  2.1157211783277993e-20  9.2712561342650499e-20  4.0598183952418692e-19  1.7399552540286913e-18  7.2153849692440364e-18  2.8747263468798129e-17  1.0951493731783262e-16  3.9763070827012367e-16  1.3738486011650303e-15  4.5113958792469461e-15  1.4125535064211403e-14  4.2922922158548577e-14  1.2731754447650490e-13  3.6896626048482829e-13  1.0460218105301143e-12  2.9039731185935847e-12  7.9014258852953240e-12  2.1083913553059720e-11  5.5197843718389356e-11  1.4182196278305181e-10  3.5767441012989033e-10  8.8549769124615208e-10  2.1520113095235602e-09  5.1338135799564418e-09  1.2020979440312446e-08  2.7624812192124358e-08  6.2297026798933844e-08  1.3784419903618483e-07  2.9923014849694329e-07  6.3717625232502809e-07  1.3307397604307402e-06  2.7255173727604881e-06  5.4735816072681514e-06  1.0777243163271194e-05  2.0802057057673807e-05  3.9356754038111919e-05  7.2979625618974846e-05  1.3262083559705372e-04  2.3616296866362942e-04  4.1206712882740264e-04  7.0445127688475257e-04  1.1798759629676090e-03  1.9359992282648891e-03  3.1120361339930457e-03  4.9005985905176503e-03  7.5600056530058515e-03  1.1425607175671178e-02  1.6918219005166272e-02  2.4547758669284016e-02  3.4911184280079777e-02  4.8686746979111593e-02  6.6632238445759107e-02  8.9603078382999801e-02  1.1861271346771635e-01  1.5495143550836621e-01  2.0034060214654478e-01  2.5701008679619347e-01  3.2746441899872653e-01  4.1364149661565675e-01  5.1534080296316520e-01  6.2833895307848286e-01  7.4335625829894014e-01  8.4735298217481503e-01  9.2772078435785688e-01  9.7776816360885266e-01  1.0000000000000000e+00  0.0000000000000000e+00  1.2087860110568294e-26  4.0816756930828229e-26  1.2080717885648991e-25  3.3843858314136972e-25  9.0463884071763576e-25  2.3119908867927443e-24  5.6630596666871111e-24  1.3353948783381449e-23  3.0601034764216486e-23  6.9543377565540134e-23  1.6339266848042428e-22  4.2533158201247342e-22  1.3153601425538054e-21  4.8734617383599926e-21  2.0359708843773082e-20  8.9410001346770370e-20  3.9441885773056765e-19  1.7061778980883560e-18  7.1441262027786509e-18  2.8727302175658790e-17  1.1033887588976642e-16  4.0330213141026338e-16  1.4002201217641248e-15  4.6104572266097536e-15  1.4438677137808113e-14  4.3824131877615997e-14  1.2978356292244482e-13  3.7540804295106878e-13  1.0622070091732907e-12  2.9433032045632182e-12  7.9942942549696836e-12  2.1297779046372903e-11  5.5679539133491455e-11  1.4288532400041801e-10  3.5997867853772489e-10  8.9040448610261921e-10  2.1622864481445699e-09  5.1549821612775387e-09  1.2063893724742164e-08  2.7710423609642104e-08  6.2465074096299349e-08  1.3816868810710740e-07  2.9984630871056861e-07  6.3832634816401074e-07  1.3328489469911226e-06  2.7293158365849166e-06  5.4802953855941754e-06  1.0788882615534113e-05  2.0821837454786506e-05  3.9389684441033985e-05  7.3033296065754815e-05  1.3270641331478882e-04  2.3629637584922733e-04  4.1227031303935221e-04  7.0475339973007090e-04  1.1803142303376112e-03  1.9366189832371536e-03  3.1128897614221686e-03  4.9017427811320234e-03  7.5614966910163397e-03  1.1427494190462678e-02  1.6920535593353360e-02  2.4550513951967706e-02  3.4914355271754682e-02  4.8690274974516598e-02  6.6636032631132824e-02  8.9607029332181426e-02  1.1861671653859336e-01  1.5495541870121293e-01  2.0034454594471826e-01  2.5701401959085068e-01  3.2746837794226036e-01  4.1364546341000158e-01  5.1534464868786645e-01  6.2834243561343439e-01  7.4335909369809139e-01  8.4735496447408776e-01  9.2772188859533966e-01  9.7776856673921675e-01  1.0000000000000000e+00  0.0000000000000000e+00  1.4897072255195947e-26  5.0003541111455539e-26  1.4703930451868530e-25  4.0926320848906608e-25  1.0868544556170068e-24  2.7589471360874772e-24  6.7074641159777930e-24  1.5673709189964217e-23  3.5472868218209424e-23  7.9089156236851797e-23  1.8019926846784951e-22  4.4859219501575329e-22  1.3216773316630841e-21  4.7364280579953016e-21  1.9546747335655584e-20  8.5969449983639634e-20  3.8219681210273274e-19  1.6700869127955157e-18  7.0678599727539648e-18  2.8713098209863030e-17  1.1129720443647590e-16  4.0985394713174950e-16  1.4307039999344974e-15  4.7248043476162507e-15  1.4797767472092353e-14  4.4847732342506590e-14  1.3255694723521103e-13  3.8258234907868283e-13  1.0800707239039908e-12  2.9863714931799689e-12  8.0953329515283944e-12  2.1529305135431708e-11  5.6199199272292536e-11  1.4403011940342797e-10  3.6245745462310740e-10  8.9568468204774384e-10  2.1733579707498499e-09  5.1778395436039999e-09  1.2110359035321396e-08  2.7803418934575723e-08  6.2648268214772230e-08  1.3852376497679977e-07  3.0052317064961774e-07  6.3959465197680110e-07  1.3351837462044152e-06  2.7335359171255247e-06  5.4877799689434037e-06  1.0801899683622039e-05  2.0844023255088050e-05  3.9426715613787816e-05  7.3093788549639851e-05  1.3280305956933977e-04  2.3644728733822901e-04  4.1250046321003348e-04  7.0509596339721431e-04  1.1808114965319565e-03  1.9373224007077398e-03  3.1138585941051953e-03  4.9030408530908107e-03  7.5631868416525562e-03  1.1429630393174128e-02  1.6923153251976235e-02  2.4553619690964024e-02  3.4917918538998276e-02  4.8694224813809091e-02  6.6640263590040577e-02  8.9611419665173275e-02  1.1862115820988096e-01  1.5495985130487364e-01  2.0034897747898284e-01  2.5701851284687599e-01  3.2747299166402516e-01  4.1365016555548595e-01  5.1534925106494778e-01  6.2834660603075199e-01  7.4336246412229223e-01  8.4735728877025374e-01  9.2772315996671517e-01  9.7776902110641006e-01  1.0000000000000000e+00  0.0000000000000000e+00  1.8197971574415629e-26  6.0727269116289450e-26  1.7744649995654801e-25  4.9081849497010271e-25  1.2954053904022433e-24  3.2676970446006126e-24  7.8905350960564461e-24  1.8291111600691253e-23  4.0955898653437515e-23  8.9835596783229136e-23  1.9925844377356103e-22  4.7584642287165470e-22  1.3343468433600407e-21  4.6061307014426723e-21  1.8722012291160741e-20  8.2396631938769691e-20  3.6929632585777791e-19  1.6314743736312307e-18  6.9856948357482163e-18  2.8703439151705803e-17  1.1240283031688917e-16  4.1741222680178834e-16  1.4659810804386925e-15  4.8570624807247088e-15  1.5210253630238213e-14  4.6011365570232849e-14  1.3567586901089856e-13  3.9056532314150878e-13  1.0997562930116824e-12  3.0334395158487435e-12  8.2050202813315186e-12  2.1779400931378335e-11  5.6758668949478891e-11  1.4526036299935814e-10  3.6511993480417093e-10  9.0135988115267790e-10  2.1852767368402814e-09  5.2025039923059409e-09  1.2160644785924274e-08  2.7904397035709321e-08  6.2847905910149959e-08  1.3891216342496665e-07  3.0126634529103197e-07  6.4099237774303209e-07  1.3377659863555806e-06  2.7382190041121893e-06  5.4961118149375491e-06  1.0816431964219242e-05  2.0868855680964833e-05  3.9468259437651906e-05  7.3161787851212112e-05  1.3291188249256729e-04  2.3661744766348042e-04  4.1276024955499432e-04  7.0548293851336544e-04  1.1813734921890910e-03  1.9381174985889256e-03  3.1149534909316991e-03  4.9045070151794668e-03  7.5650940253055750e-03  1.1432037505924357e-02  1.6926097205962019e-02  2.4557103878118797e-02  3.4921903802714552e-02  4.8698627095757105e-02  6.6644963163498563e-02  8.9616285667346932e-02  1.1862608709511679e-01  1.5496480778672275e-01  2.0035401454626484e-01  2.5702374332904809e-01  3.2747850058192912e-01  4.1365589277105752e-01  5.1535491511186837e-01  6.2835174132334293e-01  7.4336658296133740e-01  8.4736009056206907e-01  9.2772466505279294e-01  9.7776954762746193e-01  1.0000000000000000e+00  0.0000000000000000e+00  2.2027275271936938e-26  7.3085550898414754e-26  2.1224255257313417e-25  5.8352520475660703e-25  1.5310254117514258e-24  3.8393062680353232e-24  9.2133045420916066e-24  2.1205745425426439e-23  4.7044726835570256e-23  1.0176586746044456e-22  2.2053685083691032e-22  5.0706972589267788e-22  1.3535297262019371e-21  4.4836157464847540e-21  1.7889218957709831e-20  7.8698100882134337e-20  3.5569610742407029e-19  1.5900851948401729e-18  6.8964124460370521e-18  2.8695814403719632e-17  1.1366680947847445e-16  4.2611715727704619e-16  1.5068582015182255e-15  5.0103973721644245e-15  1.5685004921475997e-14  4.7335444068247503e-14  1.3918289469324651e-13  3.9943831327239080e-13  1.1214100929691993e-12  3.0847634566556502e-12  8.3238112865378906e-12  2.2048925011609232e-11  5.7359719230992515e-11  1.4658002618711076e-10  3.6797549891534982e-10  9.0745263420686020e-10  2.1980966387856141e-09  5.2291018758429416e-09  1.2215039957903551e-08  2.8014000910158798e-08  6.3065378451235201e-08  1.3933681133835666e-07  3.0208182813885689e-07  6.4253147695559338e-07  1.3406188685248087e-06  2.7434089708776545e-06  5.5053717521199719e-06  1.0832624539968888e-05  2.0896588431764989e-05  3.9514748024766973e-05  7.3238010642788889e-05  1.3303403904319506e-04  2.3680867385636562e-04  4.1305244647839165e-04  7.0591844022456344e-04  1.1820061406702220e-03  1.9390125404615873e-03  3.1161856075327559e-03  4.9061558111160074e-03  7.5672365073889665e-03  1.1434737561757839e-02  1.6929392906865015e-02  2.4560994628385204e-02  3.4926340907922959e-02  4.8703512962200629e-02  6.6650165206941461e-02  8.9621669221285893e-02  1.1863156450307574e-01  1.5497038718119063e-01  2.0035981624942781e-01  2.5702994841769594e-01  3.2748522248851741e-01  4.1366301996442878e-01  5.1536202580913415e-01  6.2835818169817703e-01  7.4337170535696095e-01  8.4736352843208618e-01  9.2772648108711309e-01  9.7777017080705120e-01  1.0000000000000000e+00  0.0000000000000000e+00  2.6411594428931979e-26  8.7141070936160557e-26  2.5153695702459517e-25  6.8751421460970877e-25  1.7936901781456304e-24  4.4729672860009476e-24  1.0672420167581138e-23  2.4407462765761940e-23  5.3713407750955208e-23  1.1482193568186641e-22  2.4392277520630877e-22  5.4209763896560534e-22  1.3791623416901734e-21  4.3696579853077764e-21  1.7052089536117876e-20  7.4881538376363784e-20  3.4137412409349341e-19  1.5456130219404346e-18  6.7983879320196670e-18  2.8685892373273413e-17  1.1509654060206485e-16  4.3612225542562429e-16  1.5542946934624831e-15  5.1886543938491912e-15  1.6232637732792903e-14  4.8843579318586951e-14  1.4312513062956073e-13  4.0928678355496309e-13  1.1451776122959657e-12  3.1405852597009514e-12  8.4521217313277684e-12  2.2338661227069893e-11  5.8004017360369686e-11  1.4799301172055787e-10  3.7103371331365988e-10  9.1398652577336392e-10  2.2118748682068157e-09  5.2577682840799260e-09  1.2273854335687230e-08  2.8132919895867175e-08  6.3302175180822469e-08  1.3980083571141022e-07  3.0297600471275884e-07  6.4422464087898761e-07  1.3437669555789303e-06  2.7491521268982323e-06  5.5156448473484168e-06  1.0850629666293948e-05  2.0927487013370764e-05  3.9566632379236575e-05  7.3323202957498046e-05  1.3317073044125813e-04  2.3702284754878862e-04  4.1337991943105089e-04  7.0640670712414171e-04  1.1827155254738578e-03  1.9400159869697356e-03  3.1175663264105449e-03  4.9080020230051480e-03  7.5696327708679127e-03  1.1437752746022234e-02  1.6933065852939272e-02  2.4565320010878595e-02  3.4931259743964785e-02  4.8708914270250175e-02  6.6655906312203195e-02  8.9627619545067469e-02  1.1863766777326969e-01  1.5497671846191424e-01  2.0036659016219693e-01  2.5703743342891450e-01  3.2749355662442575e-01  4.1367200366824514e-01  5.1537103385508110e-01  6.2836630681383954e-01  7.4337810112716662e-01  8.4736776180105688e-01  9.2772868335483383e-01  9.7777091467578214e-01  1.0000000000000000e+00  0.0000000000000000e+00  3.1364037299668673e-26  1.0291142528654963e-25  2.9530880286698136e-25  8.0256352422901478e-25  2.0824729750142141e-24  5.1656849301859850e-24  1.2259491952222690e-23  2.7875081061195589e-23  6.0912981647217724e-23  1.2890003173569803e-22  2.6921796741068204e-22  5.8061103783623257e-22  1.4109294820046858e-21  4.2647172758161513e-21  1.6214342278732579e-20  7.0956165930176470e-20  3.2630962520175587e-19  1.4976991849800149e-18  6.6895033859652654e-18  2.8666837283619621e-17  1.1669301287725671e-16  4.4759144113682930e-16  1.6094343299751132e-15  5.3965420588226239e-15  1.6865927061729120e-14  5.0563040183389243e-14  1.4755412539747866e-13  4.2019841689972572e-13  1.1711979581807011e-12  3.2011215939344785e-12  8.5903102936309461e-12  2.2649295292605856e-11  5.8693104590984967e-11  1.4950315148069390e-10  3.7430439041773045e-10  9.2098638011210060e-10  2.2266724282368649e-09  5.2886481326219227e-09  1.2337420685941673e-08  2.8261893691155503e-08  6.3559890493394554e-08  1.4030757401823554e-07  3.0395566773203232e-07  6.4608532389597108e-07  1.3472361984350188e-06  2.7554972347825577e-06  5.5270203820208745e-06  1.0870606637429022e-05  2.0961828355119359e-05  3.9624381506288981e-05  7.3418138336994726e-05  1.3332319859992914e-04  2.3726190849626745e-04  4.1374561373061053e-04  7.0695208280657968e-04  1.1835078610598836e-03  1.9411364515294078e-03  3.1191071924335663e-03  4.9100605814616401e-03  7.5723013973074266e-03  1.1441105249328065e-02  1.6937141426357633e-02  2.4570107907169320e-02  3.4936690208566407e-02  4.8714863829846689e-02  6.6662226605352676e-02  8.9634194951449891e-02  1.1864449337433919e-01  1.5498396493214397e-01  2.0037459680157796e-01  2.5704657293564798e-01  3.2750397634199496e-01  4.1368335973913228e-01  5.1538241498714998e-01  6.2837648049498829e-01  7.4338599676493189e-01  8.4737290478075022e-01  9.2773131912500117e-01  9.7777179419898774e-01  1.0000000000000000e+00  0.0000000000000000e+00  3.6880878945550006e-26  1.2035945769287983e-25  3.4338286311896526e-25  9.2804291772249416e-25  2.3954235446539906e-24  5.9120248487316712e-24  1.3960596556492503e-23  3.1575454544443309e-23  6.8569811467383506e-23  1.4384776742312173e-22  2.9613265758003499e-22  6.2212702627858718e-22  1.4482461529161586e-21  4.1689050626667303e-21  1.5379693043848462e-20  6.6933275667739286e-20  3.1048626254802935e-19  1.4459368701844842e-18  6.5670619605189827e-18  2.8628438696529775e-17  1.1844667268000799e-16  4.6069217624299117e-16  1.6736427827633606e-15  5.6398763796822874e-15  1.7600325656791009e-14  5.2525199004364021e-14  1.5252533485663514e-13  4.3226003842643748e-13  1.1995963844022971e-12  3.2665505543060199e-12  8.7386596642057305e-12  2.2981394458851834e-11  5.9428386999936980e-11  1.5111423793749463e-10  3.7779772325317893e-10  9.2847862318533423e-10  2.2425549601485365e-09  5.3218978896754759e-09  1.2406098156336512e-08  2.8401718740971215e-08  6.3840235356091275e-08  1.4086059419227210e-07  3.0502805035394875e-07  6.4812779626179112e-07  1.3510540151192087e-06  2.7624956199954379e-06  5.5395919874394180e-06  1.0892721918918908e-05  2.0999900861615485e-05  3.9688482212583920e-05  7.3523617047810302e-05  1.3349272416361983e-04  2.3752785044660655e-04  4.1415254670754375e-04  7.0755900199960932e-04  1.1843894697942485e-03  1.9423826639957686e-03  3.1208198584298107e-03  4.9123464883226112e-03  7.5752609635219206e-03  1.1444817140039856e-02  1.6941644755449455e-02  2.4575385902006863e-02  3.4942662211525324e-02  4.8721395676575623e-02  6.6669170527301341e-02  8.9641464395231032e-02  1.1865215924835967e-01  1.5499232658357298e-01  2.0038414943523819e-01  2.5705780264140737e-01  3.2751700475163686e-01  4.1369761390673254e-01  5.1539659143955963e-01  6.2838895027328034e-01  7.4339547275875939e-01  8.4737894506745692e-01  9.2773436159888878e-01  9.7777279984500243e-01  1.0000000000000000e+00  0.0000000000000000e+00  4.2938530464059274e-26  1.3938482106623210e-25  3.9540984178441794e-25  1.0628712260617944e-24  2.7294818380292687e-24  6.7039517271009071e-24  1.5755997484335958e-23  3.5463033252609983e-23  7.6584959546574697e-23  1.5946334726732184e-22  3.2428454094182995e-22  6.6599682361087837e-22  1.4902502249256481e-21  4.0819634318605621e-21  1.4551866574949370e-20  6.2826869959430682e-20  2.9389654236401390e-19  1.3898833420101598e-18  6.4277165084816357e-18  2.8556043561036788e-17  1.2033132156936517e-16  4.7558153708978952e-16  1.7485490258822648e-15  5.9259091833949799e-15  1.8454612587804288e-14  5.4765871918998148e-14  1.5809683176755429e-13  4.4555284773750445e-13  1.2304743813445809e-12  3.3369961135394649e-12  8.8973575609637291e-12  2.3335392857858495e-11  6.0211144198249039e-11  1.5283009769042491e-10  3.8152450909010362e-10  9.3649182532162426e-10  2.2595939300618727e-09  5.3576880156997529e-09  1.2480277078963449e-08  2.8553257374345281e-08  6.4145054168457933e-08  1.4146372483488737e-07  3.0620087870263568e-07  6.5036723257500068e-07  1.3552494346170795e-06  2.7702013955518465e-06  5.5534579794721425e-06  1.0917149617252389e-05  2.1042005020557798e-05  3.9759439799804590e-05  7.3640466694679043e-05  1.3368062667117411e-04  2.3782272015105806e-04  4.1460380436589197e-04  7.0823198299530639e-04  1.1853667674274547e-03  1.9437634455616759e-03  3.1227160451602854e-03  4.9148747573249498e-03  7.5785299602244552e-03  1.1448910263281285e-02  1.6946600608184075e-02  2.4581181208382822e-02  3.4949205706774483e-02  4.8728545334995529e-02  6.6676787475981505e-02  8.9649508528777996e-02  1.1866080582006686e-01  1.5500203931992035e-01  2.0039560728101266e-01  2.5707159859911283e-01  3.2753316833345164e-01  4.1371521773015618e-01  5.1541380525134306e-01  6.2840368900668819e-01  7.4340630281750042e-01  8.4738561667001522e-01  9.2773763709839530e-01  9.7777387285946116e-01  1.0000000000000000e+00  0.0000000000000000e+00  4.9491053911934814e-26  1.5981750343877070e-25  4.5085270732124143e-25  1.2054909107819511e-24  3.0804376365907777e-24  7.5307813652865317e-24  1.7620131441456320e-23  3.9480010234014842e-23  8.4834795519495529e-23  1.7549722423394193e-22  3.5320235985565896e-22  7.1141173465877858e-22  1.5358076769814402e-21  4.0032583152481091e-21  1.3734612334940355e-20  5.8654383679796304e-20  2.7654778765262199e-19  1.3290836008885443e-18  6.2674356239451489e-18  2.8429322248423924e-17  1.2229531851105491e-16  4.9237979565797800e-16  1.8360852362021068e-15  6.2637729625372621e-15  1.9451685821454976e-14  5.7325361925046106e-14  1.6432675057022053e-13  4.6014528001202426e-13  1.2638968662909697e-12  3.4125105358774395e-12  9.0664788955886059e-12  2.3711584926973951e-11  6.1042559357966831e-11  1.5465471098718833e-10  3.8549646553864139e-10  9.4505742590103197e-10  2.2778681735908643e-09  5.3962061102007354e-09  1.2560385174868016e-08  2.8717449712554912e-08  6.4476347060790525e-08  1.4212109596950185e-07  3.0748244452037016e-07  6.5281983792591001e-07  1.3598533098069543e-06  2.7786718105534566e-06  5.5687219100210189e-06  1.0944072319808676e-05  2.1088454627189321e-05  3.9837779758530882e-05  7.3769544413620147e-05  1.3388826714651219e-04  2.3814862000241880e-04  4.1510254331032624e-04  7.0897562750852738e-04  1.1864462587440278e-03  1.9452876971788532e-03  3.1248075187539537e-03  4.9176603766966833e-03  7.5821267374024713e-03  1.1453406171432569e-02  1.6952033320511813e-02  2.4587520624934026e-02  3.4956350735106625e-02  4.8736350017170985e-02  6.6685132174846146e-02  8.9658419978939016e-02  1.1867059513060942e-01  1.5501337013531849e-01  2.0040936072275342e-01  2.5708844187282232e-01  3.2755292599072999e-01  4.1373642651740378e-01  5.1543393848189900e-01  6.2842017170695619e-01  7.4341772685813978e-01  8.4739221914945195e-01  9.2774072102182958e-01  9.7777486965864990e-01  1.0000000000000000e+00  0.0000000000000000e+00  5.6468454818508235e-26  1.8141398213162464e-25  5.0898077725204946e-25  1.3538639044348548e-24  3.4429448393505018e-24  8.3792652181778466e-24  1.9521898208351714e-23  4.3557128069655362e-23  9.3172964731833142e-23  1.9165642598242400e-22  3.8233446765819724e-22  7.5741785381423745e-22  1.5835315118756895e-21  3.9317881589583283e-21  1.2931721944734015e-20  5.4437457292400821e-20  2.5846963070377477e-19  1.2631084935697168e-18  6.0815395504020022e-18  2.8220986184941310e-17  1.2424935152462597e-16  5.1112224767085800e-16  1.9385106999527818e-15  6.6650881106830352e-15  2.0619486503492690e-14  6.0247829294206118e-14  1.7126867534415896e-13  4.7608264904896963e-13  1.2998761042084705e-12  3.4930552128566256e-12  9.2459703280797419e-12  2.4110128265331834e-11  6.1923770421141260e-11  1.5659237232658179e-10  3.8972662315691872e-10  9.5421060126928398e-10  2.2974657151093934e-09  5.4376605987087899e-09  1.2646894839909580e-08  2.8895327755586331e-08  6.4836296563492441e-08  1.4283718846506475e-07  3.0888169472436738e-07  6.5550300634578057e-07  1.3648985907312666e-06  2.7879677087671073e-06  5.5854933142428844e-06  1.0973682274235447e-05  2.1139578582148506e-05  3.9924050405350669e-05  7.3911740575250353e-05  1.3411705304173786e-04  2.3850771423641543e-04  4.1565199791907030e-04  7.0979462803799393e-04  1.1876345436318441e-03  1.9469644020269920e-03  3.1271060865210951e-03  4.9207182950562331e-03  7.5860694782277881e-03  1.1458326087830447e-02  1.6957966759495315e-02  2.4594430519436574e-02  3.4964127455101128e-02  4.8744848697883612e-02  6.6694264640263706e-02  8.9668302609108796e-02  1.1868170773501509e-01  1.5502660784641134e-01  2.0042580840355786e-01  2.5710876937239469e-01  3.2757657593788780e-01  4.1376114376017126e-01  5.1545628657746190e-01  6.2843709397034564e-01  7.4342816282257063e-01  8.4739738704080281e-01  9.2774280544966381e-01  9.7777551686309960e-01  1.0000000000000000e+00  0.0000000000000000e+00  6.3775933345333745e-26  2.0385647537213956e-25  5.6887266178152719e-25  1.5054911887691074e-24  3.8105956220579358e-24  9.2338175873882698e-24  2.1425272538355248e-23  4.7615175752641644e-23  1.0143376480111666e-22  2.0761161786439687e-22  4.1106246012531036e-22  8.0293965883434545e-22  1.6318150842114476e-21  3.8662123364184017e-21  1.2147062535351282e-20  5.0202733037531992e-20  2.3972254302609580e-19  1.1916077818585141e-18  5.8648482258756510e-18  2.7895743727631495e-17  1.2605043797628411e-16  5.3167386519673551e-16  2.0583847273394610e-15  7.1447960694916702e-15  2.1991968331784662e-14  6.3579275081576791e-14  1.7896379387094303e-13  4.9337263605410632e-13  1.3383522449020832e-12  3.5784806281280019e-12  9.4356379612877365e-12  2.4531054858176876e-11  6.2855935881905605e-11  1.5864787272714783e-10  3.9422974826326013e-10  9.6399117556983010e-10  2.3184856556366707e-09  5.4822845509651258e-09  1.2740330719593695e-08  2.9088030142224129e-08  6.5227295841905172e-08  1.4361688699112984e-07  3.1040832863269042e-07  6.5843549527102315e-07  1.3704206300746887e-06  2.7981540497013346e-06  5.6038885750137986e-06  1.1006182780772042e-05  2.1195723064208808e-05  4.0018826160218140e-05  7.4067983549405990e-05  1.3436844488838546e-04  2.3890223780273517e-04  4.1625549156845432e-04  7.1069378119788371e-04  1.1889383316926311e-03  1.9488026398405791e-03  3.1296236087283570e-03  4.9240634280861596e-03  7.5903761988789682e-03  1.1463690900607048e-02  1.6964424316299600e-02  2.4601936827753031e-02  3.4972566137695872e-02  4.8754082014333816e-02  6.6704249654143399e-02  8.9679269643622175e-02  1.1869433732421852e-01  1.5504204979125544e-01  2.0044532792392128e-01  2.5713291547076961e-01  3.2760415007799309e-01  4.1378874872932475e-01  5.1547930875520953e-01  6.2845206052576896e-01  7.4343488606376751e-01  8.4739883467153154e-01  9.2774255729202659e-01  9.7777536607184767e-01  1.0000000000000000e+00  0.0000000000000000e+00  7.1294175714265677e-26  2.2675540160851943e-25  6.2942822903660376e-25  1.6574563156930886e-24  4.1760544571535734e-24  1.0076884195024441e-23  2.3290232466150485e-23  5.1567158174528963e-23  1.0943688295618202e-22  2.2300679207043154e-22  4.3871967009435708e-22  8.4681244323513202e-22  1.6788822589531579e-21  3.8049150158356436e-21  1.1384665897030761e-20  4.5982471989615286e-20  2.2040483319158187e-19  1.1143686483098033e-18  5.6119800041778532e-18  2.7410080525122992e-17  1.2748318544268100e-16  5.5358236178066445e-16  2.1984074345452661e-15  7.7223012651494251e-15  2.3609839096039609e-14  6.7362815402685428e-14  1.8742819713719738e-13  5.1196583247444552e-13  1.3791708514942062e-12  3.6685062631285203e-12  9.6351375835973101e-12  2.4974285201556380e-11  6.3840298222910544e-11  1.6082666258428683e-10  3.9902270592477344e-10  9.7444438729999926e-10  2.3410397520008576e-09  5.5303388856646591e-09  1.2841276128179371e-08  2.9296814824315942e-08  6.5651973307420688e-08  1.4446552690360182e-07  3.1207288540006853e-07  6.6163758485289580e-07  1.3764574662852870e-06  2.8093003986378263e-06  5.6240317477737306e-06  1.1041789540541646e-05  2.1257253667155091e-05  4.0122710824310613e-05  7.4239244561496114e-05  1.3464396322908926e-04  2.3933450586648659e-04  4.1691644908938621e-04  7.1167800325369656e-04  1.1903644605470213e-03  1.9508116071018924e-03  3.1323720192390791e-03  4.9277106779334915e-03  7.5950647654704087e-03  1.1469521177086332e-02  1.6971428917891839e-02  2.4610065053061264e-02  3.4981697100578253e-02  4.8764091953964042e-02  6.6715155705109497e-02  8.9691440694481595e-02  1.1870868344994616e-01  1.5505998589727374e-01  2.0046824405597655e-01  2.5716105349714191e-01  3.2763531400937446e-01  4.1381793844001552e-01  5.1550040149860876e-01  6.2846130201180472e-01  7.4343373915734723e-01  8.4739313586861431e-01  9.2773801495101038e-01  9.7777377346846694e-01  1.0000000000000000e+00  0.0000000000000000e+00  7.8880603675293321e-26  2.4965455626822776e-25  6.8938826398088478e-25  1.8064897182002050e-24  4.5312447879958108e-24  1.0889436121516438e-23  2.5073969477147544e-23  5.5321066229721802e-23  1.1699335130986638e-22  2.3747133035838863e-22  4.6461426006736697e-22  8.8782442046502039e-22  1.7228615724854464e-21  3.7461241261519027e-21  1.0648771817139416e-20  4.1813421990702154e-20  2.0064833927349856e-19  1.0313529669740928e-18  5.3179195954489861e-18  2.6714365646098199e-17  1.2824260498506592e-16  5.7583331771106528e-16  2.3609448040993496e-15  8.4230058633975075e-15  2.5520352220198453e-14  7.1628886217203566e-14  1.9663339916376118e-13  5.3173118814429623e-13  1.4220585295181904e-12  3.7627009172034942e-12  9.8439641560012656e-12  2.5439632782181172e-11  6.4878213063178332e-11  1.6313492399447062e-10  4.0412461408742129e-10  9.8562120896441988e-10  2.3652530845835835e-09  5.5821137788252887e-09  1.2950376020631498e-08  2.9523065275179667e-08  6.6113205350269254e-08  1.4538891974116339e-07  3.1388679369863529e-07  6.6513117196959024e-07  1.3830499961316448e-06  2.8214812335764597e-06  5.6460550892646157e-06  1.1080731536852281e-05  2.1324556819798401e-05  4.0236339789144344e-05  7.4426541005563653e-05  1.3494519339805726e-04  2.3980692042835258e-04  4.1763840553921724e-04  7.1275234120307587e-04  1.1919199091281060e-03  1.9530006321442786e-03  3.1353633417869945e-03  4.9316749500382820e-03  7.6001529111580073e-03  1.1475837180679700e-02  1.6979003038491251e-02  2.4618840245185236e-02  3.4991550561286291e-02  4.8774921316257713e-02  6.6727053430775035e-02  8.9704937907498547e-02  1.1872494314279143e-01  1.5508068242167827e-01  2.0049480026756289e-01  2.5719314997973763e-01  3.2766929804990647e-01  4.1384662819283796e-01  5.1551576240433294e-01  6.2845950849544807e-01  7.4341897348518582e-01  8.4737564239734586e-01  9.2772661735389572e-01  9.7776996070788835e-01  1.0000000000000000e+00  0.0000000000000000e+00  8.6371251432140983e-26  2.7203753050605902e-25  7.4735816321616173e-25  1.9490457166120495e-24  4.8675712559590853e-24  1.1651554362592525e-23  2.6732312754114978e-23  5.8783121621832611e-23  1.2391250487247255e-22  2.5063414614899001e-22  4.8805678501390010e-22  9.2476880914817949e-22  1.7618741593988866e-21  3.6879306004325373e-21  9.9425830156140345e-21  3.7727308368103039e-20  1.8058230030028350e-19  9.4273116775893947e-19  4.9794078863927982e-18  2.5760008300256886e-17  1.2792465600312392e-16  5.9646229032826072e-16  2.5468416862854732e-15  9.2801972708232143e-15  2.7774372996843723e-14  7.6376412229913070e-14  2.0647854268631251e-13  5.5242771088643992e-13  1.4665985230905063e-12  3.8604626765384596e-12  1.0061432490441342e-11  2.5926776003168349e-11  6.5971091592237352e-11  1.6557944209588190e-10  4.0955656419721603e-10  9.9757777128993230e-10  2.3912629289379997e-09  5.6379265490140432e-09  1.3068333183251302e-08  2.9768283870080250e-08  6.6614105213219224e-08  1.4639333509759556e-07  3.1586234303274312e-07  6.6893972603984789e-07  1.3902419082409055e-06  2.8347758471904605e-06  5.6700989147963103e-06  1.1123250828478398e-05  2.1398039485382833e-05  4.0360379593996901e-05  7.4630935781296129e-05  1.3527378451179360e-04  2.4032196877512953e-04  4.1842500383253059e-04  7.1392196922172042e-04  1.1936117925373960e-03  1.9553791681056346e-03  3.1386096810649502e-03  4.9359711430801787e-03  7.6056582263553914e-03  1.1482658861643758e-02  1.6987168682130099e-02  2.4628286933713370e-02  3.5002156390725653e-02  4.8786612957120494e-02  6.6740013657308805e-02  8.9719881585031303e-02  1.1874330248250274e-01  1.5510436813309914e-01  2.0052514011297978e-01  2.5722894580749839e-01  3.2770488713929602e-01  4.1387195999944881e-01  5.1552042167661860e-01  6.2843988558405162e-01  7.4338335041684256e-01  8.4734068538884610e-01  9.2770552052045341e-01  9.7776327277213004e-01  1.0000000000000000e+00  0.0000000000000000e+00  9.3582589332674002e-26  2.9333225257940338e-25  8.0182828252069827e-25  2.0813766283129052e-24  5.1761463064576612e-24  1.2343045863637219e-23  2.8221261633765632e-23  6.1861318988245944e-23  1.3000965990315433e-22  2.6213936117332012e-22  5.0838979431044072e-22  9.5648754563513876e-22  1.7940066740211710e-21  3.6274965020272112e-21  9.2631038494085003e-21  3.3731737753574508e-20  1.6033652039931125e-19  8.4951967440178541e-19  4.5997665659580579e-18  2.4518204960624496e-17  1.2603072667941472e-16  6.1198015860030734e-16  2.7526804405980425e-15  1.0336527790982310e-14  3.0416480478515857e-14  8.1539098353538589e-14  2.1675511497264206e-13  5.7367605633806139e-13  1.5122085928757992e-12  3.9609945878437294e-12  1.0286633816826430e-11  2.6435160240146538e-11  6.7120177370623251e-11  1.6816711543124078e-10  4.1534059014649284e-10  1.0103732652899602e-09  2.4192146061121581e-09  5.6981136432687373e-09  1.3195893076889699e-08  3.0034063758629706e-08  6.7157971708014656e-08  1.4748540868963151e-07  3.1801252164980563e-07  6.7308800792668271e-07  1.3980792037262061e-06  2.8492675432818223e-06  5.6963102751955317e-06  1.1169600411697840e-05  2.1478125774491279e-05  4.0495522671508577e-05  7.4853529323931471e-05  1.3563143766811620e-04  2.4088220645746469e-04  4.1927997087987730e-04  7.1519215626039332e-04  1.1954473195946533e-03  1.9579567395852432e-03  3.1421231589369115e-03  4.9406140771090104e-03  7.6115980829474812e-03  1.1490005780378013e-02  1.6995947295887173e-02  2.4638428980456702e-02  3.5013543749153664e-02  4.8799208840497536e-02  6.6754105170827388e-02  8.9736385694080406e-02  1.1876392917530300e-01  1.5513122541834651e-01  2.0055930395382696e-01  2.5726797563179649e-01  3.2774049165191110e-01  4.1389045850539791e-01  5.1550850524620873e-01  6.2839452341440871e-01  7.4331861523279952e-01  8.4728220556742850e-01  9.2767241592856198e-01  9.7775385893999223e-01  1.0000000000000000e+00  0.0000000000000000e+00  1.0031218160689563e-25  3.1290770452914906e-25  8.5117740163067579e-25  2.1995765095838206e-24  5.4479688422993235e-24  1.2943997955964306e-23  2.9498473221680666e-23  6.4469029547016888e-23  1.3511410855192365e-22  2.7166229750533406e-22  5.2501370025844187e-22  9.8188497528203666e-22  1.8171879635443070e-21  3.5607580470708770e-21  8.6065972700441531e-21  2.9888836026550273e-20  1.4065745775956121e-19  7.5681191071827033e-19  4.1991131345255742e-18  2.2986485911643694e-17  1.2181962632683298e-16  6.1647972370073372e-16  2.9654406815793699e-15  1.1640808264928357e-14  3.3458213886492985e-14  8.6931526568055221e-14  2.2711012063104148e-13  5.9493750440445803e-13  1.5581209958176427e-12  4.0632674491152165e-12  1.0518341870542575e-11  2.6963774654358540e-11  6.8326045753213731e-11  1.7090388567342724e-10  4.2149745609341596e-10  1.0240654861384582e-09  2.4492526918352125e-09  5.7630136053759232e-09  1.3333811379046061e-08  3.0322027975090284e-08  6.7748176747187941e-08  1.4867193784398911e-07  3.2035065057099614e-07  6.7760142585598774e-07  1.4066090822010415e-06  2.8650417449805125e-06  5.7248398054685474e-06  1.1220039076750027e-05  2.1565248729045038e-05  4.0642474520604669e-05  7.5095440058663878e-05  1.3601987692338937e-04  2.4149021537041082e-04  4.2020705881753182e-04  7.1656818627528307e-04  1.1974336883598124e-03  1.9607428111660325e-03  3.1459157563552341e-03  4.9456183131516033e-03  7.6179894398696116e-03  1.1497896907468171e-02  1.7005359559452142e-02  2.4649289305967933e-02  3.5025740582189040e-02  4.8812748925074256e-02  6.6769392354003698e-02  8.9754553601518433e-02  1.1878696685603751e-01  1.5516138764472107e-01  2.0059724327039269e-01  2.5730962922963319e-01  3.2777430547665126e-01  4.1389834573525713e-01  5.1547374831357384e-01  6.2831510267983937e-01  7.4321636517353973e-01  8.4719485593569455e-01  9.2762706142472151e-01  9.7774421026488045e-01  1.0000000000000000e+00  0.0000000000000000e+00  1.0633672973937585e-25  3.3005185998792190e-25  8.9363538411184188e-25  2.2995476294049613e-24  5.6739696084481870e-24  1.3435131036518072e-23  3.0524513938245883e-23  6.6528543293770261e-23  1.3907815046277074e-22  2.7893253280680315e-22  5.3745851052371787e-22  1.0002590375345986e-21  1.8312251044513051e-21  3.4954974422498020e-21  8.0443443760786910e-21  2.6671845657480400e-20  1.2400069177264383e-19  6.7321285105296500e-19  3.7814674699348445e-18  2.0965183408719276e-17  1.1359487062367203e-16  6.0208126439283396e-16  3.1546347414093036e-15  1.3216683498841271e-14  3.6814624698061554e-14  9.2175936744828511e-14  2.3702947649160546e-13  6.1550211263742927e-13  1.6033645080377672e-12  4.1659486455927470e-12  1.0754829501140998e-11  2.7510723766714431e-11  6.9587673135118502e-11  1.7379279229513234e-10  4.2804269631151685e-10  1.0387029284798513e-09  2.4815054943614620e-09  5.8329370425840063e-09  1.3482796689505198e-08  3.0633721666458429e-08  6.8387965517523746e-08  1.4995951647640984e-07  3.2288972716266729e-07  6.8250487425037153e-07  1.4158779232831715e-06  2.8821825501072133e-06  5.7558359602196018e-06  1.1274821958507440e-05  2.1659835168714694e-05  4.0801929962624504e-05  7.5357768100600542e-05  1.3644079522666429e-04  2.4214852543587981e-04  4.2120993488956287e-04  7.1805520829608556e-04  1.1995778890279973e-03  1.9637465381517182e-03  3.1499990115533786e-03  4.9509978052834957e-03  7.6248484630356290e-03  1.1506350228897989e-02  1.7015424980815496e-02  2.4660889430779351e-02  3.5038772943389439e-02  4.8827269901201995e-02  6.6785932778319124e-02  8.9774474202060514e-02  1.1881253122168735e-01  1.5519494229376887e-01  2.0063885008435559e-01  2.5735324750482552e-01  3.2780453468451093e-01  4.1389198302214464e-01  5.1541020591302422e-01  6.2819384765982311e-01  7.4306914775112387e-01  8.4707532719307954e-01  9.2757350412686013e-01  9.7774238431924865e-01  1.0000000000000000e+00  0.0000000000000000e+00  1.1140650836588178e-25  3.4391083303778880e-25  9.2716346173905267e-25  2.3768104634466485e-24  5.8447845652092183e-24  1.3797735892815508e-23  3.1263612516757071e-23  6.7974325261417035e-23  1.4178639303942393e-22  2.8375252075520842e-22  5.4537638280309818e-22  1.0108215697493432e-21  1.8328350543537557e-21  3.4095987378353928e-21  7.4070665697493363e-21  2.2810652018466934e-20  1.0154701977396648e-19  5.4463159593661641e-19  3.0712003758133093e-18  1.7399717727027508e-17  9.9029236123326570e-17  5.6871328440978218e-16  3.2721469044737733e-15  1.4923182373304104e-14  4.0148484672842172e-14  9.6684799362993486e-14  2.4583466431295033e-13  6.3451190012158654e-13  1.6467205650960652e-12  4.2672752264757258e-12  1.0993536423559291e-11  2.8072490455703615e-11  7.0900879291423270e-11  1.7683077912067520e-10  4.3498019640211133e-10  1.0543120800700105e-09  2.5160602344217003e-09  5.9081187514949888e-09  1.3643419344393342e-08  3.0970440646450787e-08  6.9080138472533600e-08  1.5135395362475399e-07  3.2564137799158941e-07  6.8782087822682614e-07  1.4259280548319516e-06  2.9007672044503910e-06  5.7894357442097203e-06  1.1334185306985797e-05  2.1762281209855311e-05  4.0974534688418193e-05  7.5641536317932979e-05  1.3689576640446536e-04  2.4285948674556969e-04  4.2229200111813190e-04  7.1965799003971976e-04  1.2018863786979641e-03  1.9669763532115993e-03  3.1543835163560471e-03  4.9567653151615714e-03  7.6321898793949034e-03  1.1515382069879473e-02  1.7026161212041414e-02  2.4673248756366676e-02  3.5052664093833938e-02  4.8842803767793673e-02  6.6803774771362123e-02  8.9796218373624864e-02  1.1884070740064261e-01  1.5523193744806149e-01  2.0068399416136035e-01  2.5739823467984368e-01  3.2782965688368260e-01  4.1386836479081118e-01  5.1531303338021461e-01  6.2802451889904221e-01  7.4287140839346422e-01  8.4692312525936031e-01  9.2752210104959987e-01  9.7776853458081070e-01  1.0000000000000000e+00  0.0000000000000000e+00  1.1523875772737437e-25  3.5335255114425925e-25  9.4918143948918401e-25  2.4260262780950687e-24  5.9500409126094591e-24  1.4012934736256458e-23  3.1684012209686013e-23  6.8758829223639175e-23  1.4318501440339788e-22  2.8613790039656215e-22  5.4929001206817565e-22  1.0171369926958644e-21  1.8437328435551971e-21  3.4346596597852501e-21  7.4991067799541327e-21  2.3257785050431767e-20  1.0381777316225724e-19  5.5627482531825405e-19  3.1400597645796375e-18  1.7904155323909104e-17  1.0269869102640525e-16  5.8999206978868810e-16  3.3307556793843498e-15  1.5483169506091528e-14  4.2703834082381396e-14  9.9662217311534222e-14  2.5282124456356893e-13  6.5092151718322438e-13  1.6866666049285903e-12  4.3648020100748463e-12  1.1230508140363308e-11  2.8642735556149550e-11  7.2255860471591725e-11  1.8000372741411341e-10  4.4229233345537585e-10  1.0708780786704993e-09  2.5529255139599926e-09  5.9886456927260486e-09  1.3815974760315565e-08  3.1332975213240573e-08  6.9826577192218981e-08  1.5285940785566262e-07  3.2861430161496605e-07  6.9356683584045943e-07  1.4367929504491221e-06  2.9208578870842896e-06  5.8257509269434002e-06  1.1398323818343374e-05  2.1872915782667076e-05  4.1160827869745744e-05  7.5947602217196476e-05  1.3738611329955615e-04  2.4362507755010048e-04  4.2345612273755065e-04  7.2138054566230189e-04  1.2043645881141818e-03  1.9704393365622781e-03  3.1590781443312588e-03  4.9629315085071507e-03  7.6400259718224202e-03  1.1525006035190875e-02  1.7037582981400977e-02  2.4686383491262835e-02  3.5067433305898864e-02  4.8859376202688640e-02  6.6822954898088413e-02  8.9819835483990695e-02  1.1887154741132872e-01  1.5527238785148509e-01  2.0073255750531549e-01  2.5744416136340048e-01  3.2784865752759262e-01  4.1382556412396709e-01  5.1517917413946690e-01  6.2780320584576377e-01  7.4261986911100331e-01  8.4673958169144192e-01  9.2748792219857712e-01  9.7786797626003441e-01  1.0000000000000000e+00  </DataArray> 
</PointData> 
</Piece>
</UnstructuredGrid>
</VTKFile>